Time;Akwatia;Accra;Kumasi;Average
00:00:00;0.209942051;0.265259998;0.283495763;0.25289927
00:00:05;0.209926423;0.265315805;0.283592269;0.252944832
00:00:10;0.209790045;0.265288911;0.283566832;0.252881929
00:00:15;0.209796057;0.265362171;0.283596196;0.252918141
00:00:20;0.209767203;0.26551794;0.283600355;0.252961833
00:00:25;0.209733988;0.265597389;0.28359193;0.252974436
00:00:30;0.209830047;0.265524298;0.283562405;0.25297225
00:00:35;0.209803569;0.265651597;0.283426808;0.252960658
00:00:40;0.209707897;0.265603796;0.283472599;0.252928098
00:00:45;0.209648856;0.265594188;0.283535879;0.252926308
00:00:50;0.209706761;0.265632294;0.283267873;0.252868976
00:00:55;0.209626874;0.265652952;0.283561637;0.252947154
00:01:00;0.209480906;0.265776963;0.283420729;0.252892866
00:01:05;0.209511435;0.265831427;0.283590783;0.252977882
00:01:10;0.209100458;0.265917606;0.283482772;0.252833612
00:01:15;0.206845068;0.265948293;0.28334351;0.252045624
00:01:20;0.198497862;0.266052106;0.28328166;0.249277209
00:01:25;0.18581676;0.266000556;0.283259429;0.245025582
00:01:30;0.185047843;0.26599389;0.283276006;0.24477258
00:01:35;0.19236678;0.266056096;0.283257698;0.247226858
00:01:40;0.189234742;0.266035357;0.283251343;0.246173814
00:01:45;0.182658896;0.266000556;0.283276151;0.243978535
00:01:50;0.182841798;0.266135706;0.283244324;0.244073943
00:01:55;0.1831909;0.266177205;0.283066636;0.244144914
00:02:00;0.183365268;0.266180596;0.283158096;0.244234653
00:02:05;0.183425716;0.266111593;0.282952392;0.244163234
00:02:10;0.183645571;0.266232979;0.282998652;0.244292401
00:02:15;0.183924339;0.266409148;0.282995764;0.244443084
00:02:20;0.184195366;0.266161172;0.283047414;0.244467984
00:02:25;0.184210553;0.26627489;0.283092249;0.244525898
00:02:30;0.185437239;0.266464186;0.283033783;0.244978403
00:02:35;0.191444531;0.266601422;0.283056203;0.247034052
00:02:40;0.202665154;0.266608058;0.283114673;0.250795962
00:02:45;0.201518615;0.266696981;0.283155489;0.250457028
00:02:50;0.208194246;0.266662832;0.282949785;0.252602288
00:02:55;0.21076134;0.266937004;0.28304995;0.253582764
00:03:00;0.210448515;0.266963825;0.282713865;0.253375402
00:03:05;0.210180489;0.266990589;0.282801019;0.253324032
00:03:10;0.209941401;0.267000349;0.282476345;0.253139365
00:03:15;0.209899353;0.267065632;0.282430092;0.253131692
00:03:20;0.209857372;0.266775142;0.280533257;0.25238859
00:03:25;0.209767541;0.266665429;0.279273448;0.25190214
00:03:30;0.209664971;0.266733471;0.280334103;0.252244182
00:03:35;0.209516132;0.266795011;0.282373005;0.252894716
00:03:40;0.209442486;0.266859337;0.28260329;0.252968371
00:03:45;0.209140732;0.266895918;0.28270332;0.252913323
00:03:50;0.201239509;0.266963487;0.282633428;0.250278808
00:03:55;0.182927702;0.266997226;0.28252663;0.244150519
00:04:00;0.18233442;0.267099469;0.282503116;0.243979002
00:04:05;0.182709446;0.26708984;0.282353708;0.244050998
00:04:10;0.182930858;0.267046426;0.282090703;0.244022662
00:04:15;0.183269369;0.266969032;0.282359171;0.244199191
00:04:20;0.183088232;0.26692175;0.282438894;0.244149625
00:04:25;0.182803834;0.266989561;0.28227072;0.244021371
00:04:30;0.182942668;0.267220042;0.282384081;0.244182264
00:04:35;0.182951674;0.267069369;0.282579795;0.244200279
00:04:40;0.182892301;0.267220042;0.282555157;0.2442225
00:04:45;0.182970042;0.26712244;0.282583759;0.244225413
00:04:50;0.18312939;0.267123703;0.282593674;0.244282256
00:04:55;0.183085743;0.267175813;0.282453397;0.244238318
00:05:00;0.183166195;0.267029214;0.282543269;0.244246226
00:05:05;0.183106408;0.267002449;0.282578922;0.244229259
00:05:10;0.183243325;0.267163868;0.282380342;0.244262512
00:05:15;0.183032578;0.267002449;0.282255748;0.244096925
00:05:20;0.183075067;0.267145577;0.279870057;0.243363567
00:05:25;0.182961501;0.267264076;0.27866509;0.242963556
00:05:30;0.183161421;0.267170805;0.27867392;0.243002049
00:05:35;0.183695844;0.267280973;0.278579346;0.243185388
00:05:40;0.183831837;0.267254533;0.27852735;0.243204574
00:05:45;0.183854176;0.267162529;0.279422457;0.243479721
00:05:50;0.183790349;0.267293614;0.279183831;0.243422598
00:05:55;0.183944193;0.267225807;0.279143232;0.243437744
00:06:00;0.184215219;0.267212516;0.279342499;0.243590078
00:06:05;0.184194259;0.26707524;0.280834977;0.244034825
00:06:10;0.184630986;0.267082523;0.281665616;0.244459709
00:06:15;0.184670623;0.267120205;0.281618067;0.244469631
00:06:20;0.184649542;0.267067966;0.28250645;0.244741319
00:06:25;0.184357544;0.267163868;0.282880746;0.244800719
00:06:30;0.184470452;0.267163868;0.282954815;0.244863045
00:06:35;0.184737649;0.267009679;0.281658314;0.244468547
00:06:40;0.185068417;0.267037569;0.280480054;0.244195347
00:06:45;0.184544296;0.267037569;0.28016813;0.243916665
00:06:50;0.184662612;0.266930752;0.280093858;0.243895741
00:06:55;0.184335393;0.26688592;0.280104058;0.243775124
00:07:00;0.18441093;0.266748746;0.280136382;0.243765353
00:07:05;0.184396747;0.266662832;0.279327678;0.243462419
00:07:10;0.184491029;0.267053443;0.278894085;0.243479519
00:07:15;0.184462596;0.267005004;0.278812504;0.243426701
00:07:20;0.184525913;0.267172155;0.278309557;0.243335875
00:07:25;0.184265225;0.267247171;0.276548298;0.242686898
00:07:30;0.184356778;0.267333253;0.275060711;0.242250247
00:07:35;0.184262646;0.267272978;0.27672413;0.242753251
00:07:40;0.184029239;0.267421237;0.277935701;0.243128726
00:07:45;0.184090389;0.267483241;0.278040317;0.243204649
00:07:50;0.183951282;0.267517043;0.277994615;0.243154313
00:07:55;0.183856297;0.267438152;0.278039364;0.243111271
00:08:00;0.183543082;0.26744756;0.278108305;0.243032982
00:08:05;0.183337959;0.267385646;0.278241798;0.242988468
00:08:10;0.182974133;0.267458814;0.278686828;0.243039925
00:08:15;0.182810509;0.267449407;0.279766295;0.24334207
00:08:20;0.182492284;0.26743623;0.28024289;0.243390468
00:08:25;0.18225277;0.267498314;0.280044325;0.243265136
00:08:30;0.182080671;0.26751146;0.27952228;0.243038137
00:08:35;0.182099333;0.267618756;0.279386553;0.243034881
00:08:40;0.181915549;0.267622568;0.279262329;0.242933482
00:08:45;0.182234829;0.267630199;0.279221141;0.243028723
00:08:50;0.182210646;0.267505864;0.279355981;0.243024164
00:08:55;0.181973584;0.267551089;0.27902336;0.242849344
00:09:00;0.182345214;0.267488925;0.279071899;0.242968679
00:09:05;0.18230312;0.267385384;0.27886484;0.242851114
00:09:10;0.182507187;0.26744374;0.278805252;0.242918727
00:09:15;0.182785915;0.267598045;0.278920288;0.243101416
00:09:20;0.182623586;0.267549058;0.279608678;0.243260441
00:09:25;0.182839059;0.267612804;0.280748171;0.243733345
00:09:30;0.182754205;0.267599731;0.281171993;0.243841976
00:09:35;0.182716609;0.267473851;0.281276627;0.243822363
00:09:40;0.182725317;0.267485153;0.281126508;0.243778993
00:09:45;0.183114715;0.267447499;0.281064597;0.243875604
00:09:50;0.183241994;0.267526579;0.280953791;0.243907454
00:09:55;0.183382569;0.267630199;0.281055051;0.244022606
00:10:00;0.183270959;0.267324928;0.281056796;0.243884228
00:10:05;0.183469953;0.267432368;0.280852584;0.243918302
00:10:10;0.184098683;0.267511607;0.281000381;0.244203557
00:10:15;0.185626777;0.267298351;0.280769667;0.244564932
00:10:20;0.198398984;0.26724353;0.280858411;0.248833642
00:10:25;0.209714305;0.267253153;0.280999545;0.252655668
00:10:30;0.208937745;0.266918206;0.28100308;0.252286344
00:10:35;0.199280521;0.265804157;0.281436778;0.248840486
00:10:40;0.184889932;0.265628666;0.281447776;0.243988791
00:10:45;0.183198103;0.265453094;0.281777007;0.243476068
00:10:50;0.183238414;0.265389611;0.281918698;0.243515575
00:10:55;0.183238075;0.265481458;0.282191429;0.243636987
00:11:00;0.183363164;0.264476547;0.282168436;0.243336049
00:11:05;0.183477642;0.263839608;0.2823744;0.24323055
00:11:10;0.183038924;0.264965225;0.28214578;0.243383309
00:11:15;0.182896632;0.265525898;0.282281187;0.243567905
00:11:20;0.182603955;0.265325171;0.282418334;0.243449153
00:11:25;0.182556269;0.265293132;0.282395253;0.243414885
00:11:30;0.182347312;0.265246532;0.282633915;0.243409253
00:11:35;0.18215407;0.265220567;0.282654987;0.243343208
00:11:40;0.182057363;0.265152961;0.282561974;0.243257433
00:11:45;0.182057363;0.265037485;0.282603661;0.243232836
00:11:50;0.182020133;0.264921899;0.282428983;0.243123672
00:11:55;0.182026042;0.2649665;0.282408078;0.24313354
00:12:00;0.182336717;0.264835962;0.282406327;0.243193002
00:12:05;0.182772375;0.264821136;0.282209202;0.243267571
00:12:10;0.182995879;0.265183918;0.282286127;0.243488642
00:12:15;0.183021229;0.265023346;0.282499328;0.243514634
00:12:20;0.183083022;0.265008613;0.28246555;0.243519062
00:12:25;0.183054293;0.265106713;0.282395506;0.243518837
00:12:30;0.182920713;0.265082792;0.282584336;0.24352928
00:12:35;0.182690677;0.265252731;0.282307867;0.243417092
00:12:40;0.182531096;0.265139934;0.282586706;0.243419245
00:12:45;0.182616688;0.265065662;0.282474668;0.243385673
00:12:50;0.182548922;0.265015253;0.282469274;0.243344483
00:12:55;0.182310254;0.265060144;0.282352692;0.24324103
00:13:00;0.182326074;0.264976954;0.282481594;0.243261541
00:13:05;0.182069055;0.265097221;0.282430687;0.243198988
00:13:10;0.182137801;0.265073791;0.28247977;0.243230454
00:13:15;0.182056097;0.264743606;0.282427375;0.243075693
00:13:20;0.181589923;0.264535816;0.282373301;0.242833013
00:13:25;0.182113667;0.264656037;0.282263268;0.243010991
00:13:30;0.181796924;0.264673965;0.282240591;0.242903827
00:13:35;0.181532493;0.264655567;0.282195248;0.242794436
00:13:40;0.181546075;0.264737378;0.282169356;0.242817603
00:13:45;0.181785696;0.264810152;0.282126313;0.242907387
00:13:50;0.181772732;0.264174795;0.282201645;0.242716391
00:13:55;0.181732083;0.263910981;0.282212359;0.242618475
00:14:00;0.18163584;0.264041497;0.282234908;0.242637415
00:14:05;0.181622249;0.264367245;0.282238177;0.242742557
00:14:10;0.18149727;0.264350823;0.282303927;0.24271734
00:14:15;0.181657482;0.264282604;0.282296619;0.242745569
00:14:20;0.181622729;0.265139503;0.282257912;0.243006715
00:14:25;0.181689234;0.266373047;0.282324045;0.243462108
00:14:30;0.181598401;0.266438037;0.282350176;0.243462205
00:14:35;0.181794663;0.266445282;0.282427216;0.243555721
00:14:40;0.181647591;0.266206979;0.282385097;0.243413222
00:14:45;0.181647591;0.266355084;0.282499099;0.243500592
00:14:50;0.181749235;0.266423547;0.28231139;0.243494724
00:14:55;0.181924247;0.266581819;0.28227989;0.243595318
00:15:00;0.181801249;0.266470258;0.28231139;0.243527632
00:15:05;0.182048986;0.266613648;0.282379785;0.243680806
00:15:10;0.182083105;0.266581178;0.282288599;0.243650961
00:15:15;0.182061238;0.266609995;0.282348249;0.243673161
00:15:20;0.181900171;0.266448613;0.282360395;0.243569727
00:15:25;0.182040835;0.26652026;0.282367238;0.243642778
00:15:30;0.182042206;0.266462834;0.282337074;0.243614038
00:15:35;0.182077086;0.266484175;0.282329741;0.243630334
00:15:40;0.182505578;0.266430561;0.282502893;0.24381301
00:15:45;0.182325452;0.266241488;0.282394856;0.243653932
00:15:50;0.182862884;0.266402016;0.282481689;0.24391553
00:15:55;0.182867832;0.266237976;0.282417886;0.243841231
00:16:00;0.183587883;0.265485009;0.282660309;0.243911067
00:16:05;0.184008905;0.264287829;0.282499328;0.243598687
00:16:10;0.184439894;0.264078603;0.282573943;0.24369748
00:16:15;0.186589295;0.262863739;0.282561766;0.244004933
00:16:20;0.186598195;0.262727786;0.282800992;0.244042324
00:16:25;0.187319778;0.264679405;0.282859774;0.244952986
00:16:30;0.194279624;0.265059645;0.282843081;0.247394117
00:16:35;0.190322526;0.265388095;0.282802284;0.246170968
00:16:40;0.191956716;0.265573674;0.282914183;0.246814858
00:16:45;0.193949496;0.265396457;0.282962066;0.247436006
00:16:50;0.194195253;0.263671167;0.282852964;0.246906462
00:16:55;0.196800999;0.261390463;0.282825104;0.247005522
00:17:00;0.193851265;0.261961566;0.282852964;0.246221931
00:17:05;0.199058124;0.262366874;0.282858001;0.248094333
00:17:10;0.191235324;0.26257324;0.282899713;0.245569426
00:17:15;0.18591981;0.262621774;0.282864209;0.243801931
00:17:20;0.187195327;0.262326733;0.282904717;0.244142259
00:17:25;0.189413558;0.262274296;0.282835208;0.24484102
00:17:30;0.198870598;0.262286175;0.282798493;0.247985088
00:17:35;0.206805272;0.262917639;0.282841462;0.250854791
00:17:40;0.210862819;0.262765964;0.283043232;0.252224005
00:17:45;0.210330608;0.262688097;0.282885387;0.251968031
00:17:50;0.210357277;0.262412941;0.282763301;0.251844506
00:17:55;0.210353867;0.261822156;0.282894229;0.251690084
00:18:00;0.210272035;0.2616261;0.282861547;0.251586561
00:18:05;0.209934236;0.26162212;0.282792198;0.251449518
00:18:10;0.209694399;0.261904646;0.282844083;0.251481043
00:18:15;0.208785303;0.262079764;0.283079485;0.25131485
00:18:20;0.206210927;0.262279587;0.282860968;0.250450494
00:18:25;0.209574873;0.262630891;0.282941746;0.251715837
00:18:30;0.209606653;0.263183322;0.282993857;0.251927944
00:18:35;0.209350152;0.263435253;0.28314957;0.251978325
00:18:40;0.209649473;0.263323125;0.282952327;0.251974975
00:18:45;0.20936014;0.263414128;0.283040837;0.251938368
00:18:50;0.209122105;0.263526253;0.282760174;0.251802844
00:18:55;0.208943732;0.263816359;0.282889412;0.251883167
00:19:00;0.209043351;0.263884612;0.282979391;0.251969118
00:19:05;0.20870776;0.26397121;0.282996972;0.251891981
00:19:10;0.208788233;0.263838013;0.283079195;0.251901814
00:19:15;0.208626556;0.264102713;0.283211831;0.251980367
00:19:20;0.20873136;0.264325399;0.283206816;0.252087858
00:19:25;0.208713909;0.264015935;0.283240493;0.251990112
00:19:30;0.208687425;0.263769687;0.283089361;0.251848824
00:19:35;0.208477157;0.263740686;0.283062977;0.251760273
00:19:40;0.208488261;0.26392286;0.283094263;0.251835128
00:19:45;0.208717389;0.264041582;0.283000132;0.251919701
00:19:50;0.20900003;0.264274055;0.282742635;0.252005573
00:19:55;0.209076524;0.263791522;0.282543798;0.251803948
00:20:00;0.209191993;0.263882119;0.282500078;0.251858063
00:20:05;0.209135101;0.264531942;0.282428646;0.252031896
00:20:10;0.209186818;0.266118576;0.282519576;0.252608323
00:20:15;0.208991623;0.266433684;0.282382507;0.252602605
00:20:20;0.209007848;0.266324935;0.28247899;0.252603925
00:20:25;0.209154138;0.266321294;0.282136878;0.252537437
00:20:30;0.209185358;0.266271955;0.282099268;0.25251886
00:20:35;0.209320351;0.266395075;0.281865878;0.252527101
00:20:40;0.208989703;0.266366958;0.282248935;0.252535199
00:20:45;0.208674713;0.266497114;0.282379723;0.252517183
00:20:50;0.208743955;0.266395075;0.282294944;0.252477992
00:20:55;0.208665676;0.266634251;0.28249365;0.252597859
00:21:00;0.208707854;0.26652138;0.282604753;0.252611329
00:21:05;0.208772901;0.266454717;0.28267315;0.252633589
00:21:10;0.208794784;0.266563491;0.282810568;0.252722948
00:21:15;0.208751941;0.266486344;0.282980914;0.252739733
00:21:20;0.208786887;0.266616337;0.282893547;0.25276559
00:21:25;0.208960134;0.266578042;0.282869515;0.252802564
00:21:30;0.209009862;0.266483216;0.283109536;0.252867538
00:21:35;0.209019528;0.266197174;0.283014536;0.252743746
00:21:40;0.209315589;0.26629982;0.282960999;0.252858803
00:21:45;0.20920848;0.266187194;0.282916033;0.252770569
00:21:50;0.209230372;0.266138085;0.282978534;0.252782331
00:21:55;0.209304671;0.266138085;0.282901671;0.252781476
00:22:00;0.209230942;0.265999885;0.282967217;0.252732681
00:22:05;0.209279118;0.266077003;0.28288449;0.25274687
00:22:10;0.209381452;0.26574739;0.282851836;0.252660226
00:22:15;0.209571911;0.265731615;0.28299285;0.252765459
00:22:20;0.209793412;0.265620767;0.282906844;0.252773674
00:22:25;0.209842012;0.265627369;0.282799642;0.252756341
00:22:30;0.209982425;0.26564532;0.282886851;0.252838199
00:22:35;0.210121899;0.26548998;0.282685173;0.252765684
00:22:40;0.209872838;0.265485009;0.282767219;0.252708355
00:22:45;0.209899298;0.26526117;0.282873374;0.252677947
00:22:50;0.210007001;0.26470426;0.282847408;0.252519557
00:22:55;0.210398027;0.264487265;0.282642317;0.252509203
00:23:00;0.210571929;0.264752612;0.282746628;0.25269039
00:23:05;0.210698806;0.264695566;0.282693371;0.252695914
00:23:10;0.210632349;0.264599361;0.282725327;0.252652346
00:23:15;0.210791932;0.264018705;0.282759035;0.252523224
00:23:20;0.211204333;0.262709903;0.283045549;0.252319928
00:23:25;0.211682864;0.263892791;0.283035826;0.252870494
00:23:30;0.211283706;0.264074646;0.283086986;0.252815113
00:23:35;0.21124579;0.264112518;0.283199641;0.25285265
00:23:40;0.210632026;0.263952245;0.283201693;0.252595321
00:23:45;0.210695883;0.264299518;0.283153253;0.252716218
00:23:50;0.210943637;0.265159648;0.283249286;0.253117524
00:23:55;0.21127274;0.265095536;0.283222741;0.253197006
00:24:00;0.212673087;0.265251646;0.283109865;0.253678199
00:24:05;0.21214494;0.265299022;0.28318673;0.253543564
00:24:10;0.211880462;0.265543773;0.283152201;0.253525479
00:24:15;0.210241833;0.265618147;0.283359601;0.253073194
00:24:20;0.200456753;0.265331595;0.283277986;0.249688778
00:24:25;0.190670244;0.265381401;0.283346628;0.246466091
00:24:30;0.190364375;0.265391024;0.283300214;0.246351871
00:24:35;0.189642371;0.265396092;0.283187762;0.246075409
00:24:40;0.190104261;0.265415794;0.283341212;0.246287089
00:24:45;0.190023527;0.265432209;0.283276558;0.246244098
00:24:50;0.190136439;0.265456432;0.283311886;0.246301585
00:24:55;0.189987234;0.265419406;0.283325468;0.246244036
00:25:00;0.19011744;0.265540453;0.283386302;0.246348065
00:25:05;0.190194773;0.265414823;0.2832993;0.246302965
00:25:10;0.190164993;0.265440388;0.283229195;0.246278192
00:25:15;0.190235726;0.265459646;0.283376497;0.24635729
00:25:20;0.191301781;0.265569594;0.283271995;0.246714457
00:25:25;0.194942035;0.265566348;0.283237139;0.247915174
00:25:30;0.197565569;0.265661577;0.283220022;0.248815723
00:25:35;0.194926071;0.265918059;0.283259429;0.248034519
00:25:40;0.191380423;0.266048217;0.283298781;0.24690914
00:25:45;0.190387498;0.2661157;0.28328166;0.246594953
00:25:50;0.190725023;0.266008413;0.283251457;0.246661631
00:25:55;0.190936202;0.265915837;0.283078373;0.246643471
00:26:00;0.190480915;0.265930856;0.283282202;0.246564658
00:26:05;0.190644747;0.266083558;0.28323895;0.246655752
00:26:10;0.190216428;0.265827106;0.283147872;0.246397135
00:26:15;0.190534758;0.265924227;0.283113128;0.246524038
00:26:20;0.190154505;0.265914299;0.283069892;0.246379565
00:26:25;0.19025489;0.266014622;0.283104637;0.24645805
00:26:30;0.190318913;0.266142462;0.283143987;0.246535121
00:26:35;0.190383516;0.266049398;0.282984409;0.246472441
00:26:40;0.19026935;0.266053384;0.283036894;0.246453209
00:26:45;0.189873838;0.266129459;0.283097741;0.246367013
00:26:50;0.190042167;0.266018661;0.283170885;0.246410571
00:26:55;0.190132121;0.265872856;0.283174785;0.246393254
00:27:00;0.190042167;0.266010571;0.28318787;0.246413536
00:27:05;0.189993481;0.26602799;0.283282744;0.246434738
00:27:10;0.190116717;0.266107687;0.283217959;0.246480787
00:27:15;0.190440479;0.266017258;0.283200949;0.246552895
00:27:20;0.190383516;0.265798723;0.283174785;0.246452341
00:27:25;0.190526555;0.265920038;0.283105422;0.246517338
00:27:30;0.190609403;0.266034686;0.283244106;0.246629398
00:27:35;0.19080971;0.266125078;0.283183959;0.246706249
00:27:40;0.190437166;0.266332875;0.283175472;0.246648505
00:27:45;0.19032251;0.266273926;0.283339469;0.246645302
00:27:50;0.190620104;0.266364032;0.283170191;0.246718109
00:27:55;0.190817929;0.266155545;0.283081389;0.246684954
00:28:00;0.190362824;0.266270253;0.283226717;0.246619931
00:28:05;0.190347171;0.266433419;0.283352557;0.246711049
00:28:10;0.190302811;0.266315518;0.283252521;0.246623617
00:28:15;0.1903449;0.266367489;0.283313924;0.246675438
00:28:20;0.190118649;0.266183584;0.283413988;0.246572073
00:28:25;0.190075522;0.266298153;0.283304789;0.246559488
00:28:30;0.189851823;0.266186985;0.281952926;0.245997245
00:28:35;0.190039582;0.266204389;0.282988127;0.246410699
00:28:40;0.189990198;0.266281011;0.283759081;0.246676763
00:28:45;0.189801666;0.26632271;0.283541438;0.246555271
00:28:50;0.190101326;0.26633658;0.283351655;0.24659652
00:28:55;0.190155898;0.266215663;0.283495427;0.246622329
00:29:00;0.19030232;0.266205488;0.283534459;0.246680756
00:29:05;0.190072142;0.266253971;0.283249286;0.246525133
00:29:10;0.190061575;0.266371222;0.283100833;0.24651121
00:29:15;0.189798579;0.266409148;0.282963746;0.246390491
00:29:20;0.189725855;0.26638149;0.282919938;0.246342428
00:29:25;0.189887239;0.266315853;0.282812706;0.2463386
00:29:30;0.189539861;0.26627441;0.282515216;0.246109829
00:29:35;0.189736889;0.266149693;0.282502979;0.246129854
00:29:40;0.189404463;0.266201357;0.282754125;0.246119982
00:29:45;0.189086526;0.266166612;0.282704145;0.245985761
00:29:50;0.189127899;0.266371018;0.282732661;0.246077192
00:29:55;0.189056228;0.266447267;0.282821763;0.24610842
00:30:00;0.188909281;0.266315686;0.282752976;0.245992648
00:30:05;0.189051931;0.266294926;0.282752976;0.246033277
00:30:10;0.188846469;0.266454065;0.282874297;0.246058277
00:30:15;0.188668395;0.266360751;0.2828564;0.245961848
00:30:20;0.188492423;0.26631912;0.283090873;0.245967472
00:30:25;0.187992522;0.266329576;0.283666358;0.245996152
00:30:30;0.187752384;0.26627075;0.284040003;0.246021046
00:30:35;0.187632989;0.266145844;0.284176403;0.245985079
00:30:40;0.187571117;0.266350329;0.284433494;0.246118313
00:30:45;0.18718754;0.26629513;0.284500891;0.24599452
00:30:50;0.187288431;0.26642298;0.284611803;0.246107738
00:30:55;0.187283144;0.266301974;0.284462785;0.246015967
00:31:00;0.188260762;0.266395327;0.284477754;0.246377948
00:31:05;0.188950459;0.26652306;0.284606495;0.246693338
00:31:10;0.18993042;0.266664191;0.284615603;0.247070071
00:31:15;0.191807224;0.266743461;0.284632621;0.247727769
00:31:20;0.19395157;0.266647014;0.284672847;0.24842381
00:31:25;0.194989359;0.266633346;0.284474999;0.248699235
00:31:30;0.19691165;0.266657587;0.284542291;0.249370509
00:31:35;0.200392277;0.266616149;0.284578944;0.250529123
00:31:40;0.202851396;0.266702581;0.284458351;0.251337443
00:31:45;0.204686412;0.266478277;0.28449207;0.251885586
00:31:50;0.194393205;0.266467958;0.284667067;0.24850941
00:31:55;0.183194468;0.266457535;0.284627578;0.24475986
00:32:00;0.191611253;0.266636866;0.284747225;0.247665115
00:32:05;0.195316231;0.266647014;0.284578269;0.248847171
00:32:10;0.202735486;0.266729849;0.284696379;0.251387238
00:32:15;0.20806158;0.266605967;0.284573409;0.253080318
00:32:20;0.205960396;0.266509307;0.284870835;0.252446846
00:32:25;0.204283374;0.266530039;0.284924252;0.251912555
00:32:30;0.205055411;0.266612635;0.285015158;0.252227735
00:32:35;0.206545218;0.266708601;0.285013139;0.252755653
00:32:40;0.206712283;0.266774196;0.285148454;0.252878311
00:32:45;0.206567216;0.266844221;0.285155905;0.25285578
00:32:50;0.206470722;0.2668063;0.284930455;0.252735826
00:32:55;0.206365353;0.266696011;0.284907647;0.252656337
00:33:00;0.206270628;0.266682335;0.284765817;0.252572927
00:33:05;0.205779912;0.266761871;0.28443353;0.252325104
00:33:10;0.202825861;0.266692975;0.284331873;0.25128357
00:33:15;0.20360493;0.266603147;0.284319041;0.251509039
00:33:20;0.20580689;0.266814183;0.284107855;0.252242976
00:33:25;0.20612772;0.266768367;0.284407573;0.252434553
00:33:30;0.205208122;0.266816312;0.284110877;0.252045104
00:33:35;0.205094179;0.26675768;0.283976133;0.251942664
00:33:40;0.204796496;0.26679915;0.283867021;0.251820889
00:33:45;0.204807975;0.266795579;0.284138505;0.25191402
00:33:50;0.204601748;0.26679915;0.284440021;0.251946973
00:33:55;0.20479588;0.266719769;0.284397122;0.251970924
00:34:00;0.205036275;0.266788442;0.284652037;0.252158918
00:34:05;0.204990979;0.266763535;0.284604864;0.252119793
00:34:10;0.205003314;0.266755821;0.284463236;0.252074124
00:34:15;0.204978672;0.266954016;0.284710438;0.252214375
00:34:20;0.204840423;0.267005004;0.284453604;0.252099677
00:34:25;0.204874238;0.2671685;0.284746449;0.252263062
00:34:30;0.204885678;0.267172155;0.285000675;0.252352836
00:34:35;0.20525018;0.267078947;0.284592803;0.25230731
00:34:40;0.205593296;0.267301555;0.284961445;0.252618766
00:34:45;0.205545194;0.267138277;0.284931113;0.252538195
00:34:50;0.20546365;0.267224358;0.28520684;0.252631616
00:34:55;0.205475088;0.267029214;0.28504486;0.252516388
00:35:00;0.205429999;0.266950422;0.284834271;0.252404897
00:35:05;0.20549797;0.266912816;0.285130835;0.252513873
00:35:10;0.205565543;0.266737567;0.285630206;0.252644439
00:35:15;0.205509061;0.26692175;0.286167874;0.252866228
00:35:20;0.205702105;0.266931559;0.286460853;0.253031506
00:35:25;0.20558768;0.266815531;0.286514635;0.252972615
00:35:30;0.205439448;0.266860133;0.28659249;0.252964024
00:35:35;0.205701295;0.266822615;0.286786638;0.253103516
00:35:40;0.205781424;0.266747543;0.286744945;0.253091304
00:35:45;0.205247667;0.266785085;0.286647282;0.252893345
00:35:50;0.204702034;0.266812705;0.28667402;0.252729586
00:35:55;0.204065269;0.266847479;0.286763249;0.252558666
00:36:00;0.203215635;0.266689954;0.286856262;0.25225395
00:36:05;0.203817686;0.266717564;0.286562328;0.252365859
00:36:10;0.203447855;0.26666985;0.286458318;0.252192007
00:36:15;0.204639904;0.266793518;0.286502508;0.25264531
00:36:20;0.20539245;0.266782876;0.286534455;0.25290326
00:36:25;0.204618843;0.266628652;0.28673563;0.252661042
00:36:30;0.203637566;0.26668391;0.286740401;0.252353959
00:36:35;0.201540855;0.266591277;0.2869249;0.251685677
00:36:40;0.200632133;0.26664266;0.287533397;0.25160273
00:36:45;0.192434801;0.266838331;0.287766107;0.24901308
00:36:50;0.201618923;0.266928083;0.288108747;0.252218584
00:36:55;0.20785726;0.267153193;0.288457923;0.254489458
00:37:00;0.19453148;0.267064191;0.288583607;0.250059759
00:37:05;0.187410377;0.267060541;0.288636353;0.247702424
00:37:10;0.204915133;0.267119077;0.288774834;0.253603014
00:37:15;0.206012494;0.267022724;0.288561718;0.253865646
00:37:20;0.205323094;0.267285041;0.288946899;0.253851678
00:37:25;0.205589103;0.267130087;0.28898647;0.253901887
00:37:30;0.206606205;0.26723242;0.289264552;0.254367726
00:37:35;0.206614229;0.267213948;0.289229164;0.254352447
00:37:40;0.206335759;0.267003505;0.290191797;0.254510354
00:37:45;0.206393599;0.2669658;0.290127888;0.254495762
00:37:50;0.206058138;0.266976635;0.290443001;0.254492592
00:37:55;0.206047651;0.26698387;0.290745344;0.254592288
00:38:00;0.205874435;0.266938885;0.290760341;0.254524553
00:38:05;0.205838254;0.267162883;0.290737147;0.254579428
00:38:10;0.205905158;0.267119077;0.290915245;0.254646493
00:38:15;0.205757683;0.267288762;0.291224755;0.254757067
00:38:20;0.205918467;0.26716656;0.290995681;0.254693569
00:38:25;0.205919398;0.267228721;0.291517631;0.254888583
00:38:30;0.205941868;0.267139811;0.291762546;0.254948075
00:38:35;0.205964809;0.267319101;0.292291358;0.255191756
00:38:40;0.2060676;0.2673681;0.292943924;0.255459875
00:38:45;0.206135977;0.267352759;0.293622986;0.255703907
00:38:50;0.206204362;0.267318619;0.293927172;0.255816718
00:38:55;0.206170437;0.267049389;0.294225826;0.255815217
00:39:00;0.206423491;0.267180356;0.294427371;0.256010406
00:39:05;0.206541924;0.26727326;0.294905485;0.256240223
00:39:10;0.206706443;0.267196055;0.295643735;0.256515411
00:39:15;0.206251594;0.267176659;0.295627237;0.25635183
00:39:20;0.202141882;0.267026029;0.295981279;0.25504973
00:39:25;0.190760751;0.267169663;0.296066551;0.251332322
00:39:30;0.181184903;0.267222643;0.296827812;0.248411786
00:39:35;0.183545789;0.267177088;0.296946694;0.24922319
00:39:40;0.182854493;0.267352386;0.297081881;0.249096253
00:39:45;0.184000247;0.267399929;0.296725021;0.249375066
00:39:50;0.184539208;0.267430311;0.297005825;0.249658448
00:39:55;0.184421992;0.267472015;0.297175695;0.249689901
00:40:00;0.185654643;0.267223442;0.297663984;0.25018069
00:40:05;0.188384392;0.267417015;0.29800921;0.251270206
00:40:10;0.188031457;0.267352759;0.298130658;0.251171624
00:40:15;0.191453569;0.267524973;0.298417514;0.252465352
00:40:20;0.190851702;0.267562794;0.299168849;0.252527781
00:40:25;0.184711432;0.267604428;0.299659932;0.250658597
00:40:30;0.188974107;0.267636761;0.299570455;0.252060441
00:40:35;0.201709439;0.267587827;0.300134564;0.256477277
00:40:40;0.20325867;0.267523352;0.300381652;0.257054558
00:40:45;0.199771739;0.267515718;0.301443234;0.256243564
00:40:50;0.194183961;0.267601043;0.302681589;0.254822197
00:40:55;0.185473082;0.267616409;0.303756032;0.252281841
00:41:00;0.179060484;0.267738037;0.304333144;0.250377222
00:41:05;0.17947329;0.267768202;0.304517216;0.250586236
00:41:10;0.178687317;0.26780612;0.304863044;0.25045216
00:41:15;0.178741241;0.267777428;0.307416703;0.251311791
00:41:20;0.179285364;0.267849273;0.308017153;0.251717263
00:41:25;0.179383335;0.267832296;0.309538645;0.252251425
00:41:30;0.179652354;0.267930104;0.31448683;0.254023096
00:41:35;0.180059867;0.267858415;0.318250588;0.255389624
00:41:40;0.180286754;0.267684596;0.318704897;0.255558749
00:41:45;0.180765758;0.267846608;0.318427323;0.255679896
00:41:50;0.181958349;0.267841344;0.318372926;0.25605754
00:41:55;0.182529529;0.267983103;0.318644224;0.256385618
00:42:00;0.187613261;0.268029133;0.3184715;0.258037965
00:42:05;0.198504404;0.267899062;0.318551818;0.261651761
00:42:10;0.19294562;0.267933157;0.31827067;0.259716482
00:42:15;0.182772569;0.267938318;0.318493207;0.256401365
00:42:20;0.183919812;0.267939518;0.318384132;0.256747821
00:42:25;0.184297443;0.26796953;0.31834556;0.256870844
00:42:30;0.18414256;0.265580153;0.318593079;0.256105264
00:42:35;0.183861114;0.260703459;0.318454598;0.254339724
00:42:40;0.183976381;0.26774822;0.31859497;0.256773191
00:42:45;0.183404855;0.267864936;0.318439936;0.256569909
00:42:50;0.183641783;0.267826848;0.318415857;0.256628163
00:42:55;0.183592821;0.26787282;0.318550389;0.25667201
00:43:00;0.183922834;0.267816227;0.318702137;0.256813733
00:43:05;0.191366826;0.267721147;0.318522148;0.259203374
00:43:10;0.188326888;0.267686764;0.318691518;0.258235057
00:43:15;0.182497908;0.267678963;0.31860698;0.256261283
00:43:20;0.183481384;0.267831983;0.318576461;0.256629943
00:43:25;0.186830166;0.267799097;0.31846632;0.257698527
00:43:30;0.194106554;0.267766278;0.318671347;0.260181393
00:43:35;0.203991164;0.267647855;0.318787177;0.263475398
00:43:40;0.189092473;0.267414703;0.318686228;0.258397802
00:43:45;0.184698802;0.267464414;0.318724171;0.256962462
00:43:50;0.183344024;0.267630696;0.318641703;0.256538808
00:43:55;0.184176845;0.267687617;0.31875528;0.256873247
00:44:00;0.184887819;0.267706279;0.318909175;0.257167758
00:44:05;0.185273573;0.267584381;0.318894221;0.257250725
00:44:10;0.185532669;0.267519709;0.31893712;0.257329833
00:44:15;0.1856271;0.267573207;0.318764727;0.257321678
00:44:20;0.190034153;0.267691503;0.318848338;0.258857998
00:44:25;0.200187625;0.267552206;0.318667427;0.262135753
00:44:30;0.200401106;0.267493048;0.318914764;0.262269639
00:44:35;0.202135031;0.267491176;0.318835386;0.262820531
00:44:40;0.188929524;0.267315016;0.318974207;0.258406249
00:44:45;0.183741369;0.2673053;0.318958974;0.256668548
00:44:50;0.184605236;0.267318801;0.319048186;0.256990741
00:44:55;0.184830228;0.267245856;0.319009569;0.257028551
00:45:00;0.18635088;0.267312871;0.319096931;0.257586894
00:45:05;0.187744019;0.267312871;0.319336237;0.258131043
00:45:10;0.186266186;0.267358857;0.319402636;0.257675893
00:45:15;0.193039;0.267393436;0.319558656;0.25999703
00:45:20;0.200977049;0.267357137;0.319818242;0.262717476
00:45:25;0.193387746;0.267408709;0.319592135;0.26012953
00:45:30;0.190775746;0.267148294;0.319798731;0.259240924
00:45:35;0.18365378;0.267180767;0.319903539;0.256912695
00:45:40;0.188498996;0.267074802;0.319814894;0.258462897
00:45:45;0.198503872;0.267179361;0.319946831;0.261876688
00:45:50;0.210461073;0.267168089;0.31999082;0.265873327
00:45:55;0.207187819;0.267282035;0.320008943;0.264826266
00:46:00;0.206052271;0.267451011;0.320265027;0.264589436
00:46:05;0.206157488;0.267689928;0.320509025;0.26478548
00:46:10;0.206064895;0.267647855;0.320797882;0.264836877
00:46:15;0.205835678;0.267554273;0.320684903;0.264691618
00:46:20;0.205721389;0.267495008;0.320871442;0.264695946
00:46:25;0.205538476;0.267496975;0.321251493;0.264762315
00:46:30;0.20535267;0.267456734;0.321612094;0.264807166
00:46:35;0.205132146;0.267404887;0.321760323;0.264765785
00:46:40;0.205038491;0.26731072;0.322037464;0.264795558
00:46:45;0.204967401;0.267379961;0.322161108;0.264836157
00:46:50;0.204840092;0.267391653;0.32204285;0.264758199
00:46:55;0.204702541;0.267296131;0.322112879;0.264703851
00:47:00;0.204633651;0.267311235;0.322396878;0.264780588
00:47:05;0.20450833;0.267266929;0.322290915;0.264688725
00:47:10;0.204644492;0.267211227;0.322347837;0.264734519
00:47:15;0.204632899;0.267170458;0.322458649;0.264754002
00:47:20;0.204678034;0.266865954;0.322449688;0.264664559
00:47:25;0.204541726;0.266863123;0.322327319;0.264577389
00:47:30;0.204451125;0.266807701;0.322346107;0.264534977
00:47:35;0.204519328;0.266769619;0.322369272;0.26455274
00:47:40;0.204587615;0.266886889;0.322652067;0.264708857
00:47:45;0.204531243;0.266823851;0.322397202;0.264584099
00:47:50;0.204576885;0.266686747;0.322632978;0.264632203
00:47:55;0.204519783;0.266641655;0.322362527;0.264507988
00:48:00;0.204360547;0.26639484;0.322618775;0.264458054
00:48:05;0.20440582;0.266548517;0.322521726;0.264492021
00:48:10;0.20423568;0.266519849;0.322490877;0.264415469
00:48:15;0.204315024;0.266601981;0.322411563;0.264442856
00:48:20;0.204394305;0.266738049;0.32249969;0.264544015
00:48:25;0.204201661;0.266641655;0.322451387;0.264431567
00:48:30;0.204258361;0.266716574;0.322591258;0.264522064
00:48:35;0.204269717;0.266751522;0.32256465;0.264528629
00:48:40;0.204224303;0.266854161;0.322642046;0.264573503
00:48:45;0.204247014;0.26669664;0.322611495;0.264518383
00:48:50;0.20430386;0.266738679;0.322654154;0.264565564
00:48:55;0.204190168;0.26668522;0.322705394;0.264526927
00:49:00;0.204133322;0.266864784;0.322679372;0.26455916
00:49:05;0.204076524;0.26694232;0.322632019;0.264550287
00:49:10;0.204087837;0.267023531;0.322589088;0.264566819
00:49:15;0.204201535;0.266825236;0.322716423;0.264581065
00:49:20;0.204178803;0.266898082;0.322762504;0.26461313
00:49:25;0.204178822;0.266887075;0.322728314;0.26459807
00:49:30;0.204235652;0.266883411;0.322690305;0.264603123
00:49:35;0.204167439;0.266844836;0.322435889;0.264482721
00:49:40;0.204167416;0.266760399;0.322546188;0.264491334
00:49:45;0.204212903;0.266831016;0.322440145;0.264494688
00:49:50;0.204178803;0.266645027;0.32242311;0.264415647
00:49:55;0.204167461;0.266497114;0.322223395;0.26429599
00:50:00;0.204156101;0.266662109;0.322508038;0.264442082
00:50:05;0.2041902;0.266759761;0.322257118;0.264402359
00:50:10;0.204247014;0.266556382;0.322308124;0.264370507
00:50:15;0.204201598;0.266801896;0.322162816;0.26438877
00:50:20;0.20420161;0.266942121;0.32199709;0.264380274
00:50:25;0.204178916;0.266833121;0.322110868;0.264374302
00:50:30;0.204190294;0.266861474;0.322137847;0.264396538
00:50:35;0.204247014;0.266830249;0.322206982;0.264428081
00:50:40;0.204224335;0.2669082;0.321994811;0.264375782
00:50:45;0.204247014;0.266950459;0.322079296;0.26442559
00:50:50;0.204371665;0.266933008;0.32166454;0.264323071
00:50:55;0.204315005;0.266831016;0.321470265;0.264205429
00:51:00;0.204326342;0.26669763;0.320998745;0.264007572
00:51:05;0.204281013;0.266887947;0.320954615;0.264041192
00:51:10;0.204258352;0.266810622;0.320313912;0.263794295
00:51:15;0.204281042;0.266609917;0.31974594;0.263545633
00:51:20;0.204247014;0.266676988;0.319486691;0.263470231
00:51:25;0.204224322;0.266649501;0.319262517;0.26337878
00:51:30;0.204122168;0.266750261;0.318581482;0.263151304
00:51:35;0.204099363;0.266441238;0.318645973;0.263062191
00:51:40;0.204031108;0.266665373;0.318414674;0.263037051
00:51:45;0.204110561;0.266909078;0.317981048;0.263000229
00:51:50;0.204133259;0.267042193;0.317983447;0.263052966
00:51:55;0.204144572;0.267137274;0.317749933;0.263010593
00:52:00;0.204212855;0.267292234;0.317625976;0.263043688
00:52:05;0.204190041;0.26721709;0.317459956;0.262955696
00:52:10;0.204224195;0.267132185;0.317373927;0.262910103
00:52:15;0.203665276;0.267333078;0.317350636;0.262782997
00:52:20;0.201804359;0.267348378;0.317324022;0.26215892
00:52:25;0.202761996;0.267267166;0.317288772;0.262439311
00:52:30;0.203698638;0.26721099;0.317160649;0.262690093
00:52:35;0.203801234;0.267288422;0.317078031;0.262722562
00:52:40;0.203903934;0.267439281;0.31698789;0.262777035
00:52:45;0.20405246;0.267238325;0.317101172;0.262797319
00:52:50;0.204155413;0.267167094;0.317114057;0.262812188
00:52:55;0.204281376;0.267177;0.31706069;0.262839688
00:53:00;0.20432721;0.267244386;0.317452958;0.263008185
00:53:05;0.204327255;0.267470188;0.317467662;0.263088368
00:53:10;0.204247014;0.267178403;0.317221399;0.262882272
00:53:15;0.204327232;0.26721099;0.317601775;0.263046666
00:53:20;0.204361598;0.267510801;0.317909667;0.263260689
00:53:25;0.204521847;0.267379384;0.317837493;0.263246242
00:53:30;0.204498775;0.266892502;0.317735156;0.263042144
00:53:35;0.20447567;0.267329259;0.317680194;0.263161708
00:53:40;0.204429744;0.267543494;0.317490352;0.26315453
00:53:45;0.204475223;0.267491425;0.317384479;0.263117042
00:53:50;0.204509352;0.267589853;0.317136063;0.263078422
00:53:55;0.204737334;0.26769768;0.316935021;0.263123345
00:54:00;0.204645934;0.267622305;0.316829827;0.263032689
00:54:05;0.204771192;0.267703182;0.316570976;0.263015116
00:54:10;0.204816582;0.267562617;0.316637386;0.263005528
00:54:15;0.204759625;0.267566501;0.31674424;0.263023455
00:54:20;0.204839596;0.267753476;0.316822393;0.263138488
00:54:25;0.204828492;0.26787688;0.316729054;0.263144809
00:54:30;0.204919817;0.267676456;0.316935021;0.263177098
00:54:35;0.204908376;0.267805268;0.317380711;0.263364785
00:54:40;0.204930877;0.267687497;0.317266041;0.263294805
00:54:45;0.20497663;0.267747094;0.317486548;0.263403424
00:54:50;0.204987658;0.267853015;0.317927149;0.263589274
00:54:55;0.205215279;0.267827862;0.318188968;0.263744036
00:55:00;0.205283396;0.267951014;0.318559147;0.263931186
00:55:05;0.205396964;0.268073194;0.318869313;0.264113157
00:55:10;0.205464327;0.267888847;0.319436985;0.264263386
00:55:15;0.20542967;0.268064082;0.319719802;0.264404518
00:55:20;0.205293385;0.267992279;0.320287878;0.264524514
00:55:25;0.205406798;0.268085342;0.320607429;0.264699856
00:55:30;0.205326183;0.268294003;0.321143103;0.264921096
00:55:35;0.205483774;0.268050909;0.321146264;0.264893649
00:55:40;0.205482059;0.26807218;0.321461273;0.265005171
00:55:45;0.205412717;0.268234255;0.321801665;0.265149546
00:55:50;0.205617039;0.268294003;0.321687867;0.265199636
00:55:55;0.205594992;0.268285765;0.322055581;0.265312113
00:56:00;0.205652019;0.26819661;0.321556086;0.265134905
00:56:05;0.205674047;0.268167207;0.321120262;0.264987172
00:56:10;0.205685453;0.26790338;0.320579945;0.264722926
00:56:15;0.205617419;0.268132865;0.320271893;0.264674059
00:56:20;0.205606772;0.2682056;0.320154604;0.264655659
00:56:25;0.205699276;0.268226837;0.319787175;0.264571096
00:56:30;0.205642934;0.268312472;0.319865876;0.264607094
00:56:35;0.205755586;0.268401525;0.319881528;0.264679546
00:56:40;0.205732323;0.268414469;0.319969882;0.264705558
00:56:45;0.205743744;0.268550588;0.319990364;0.264761565
00:56:50;0.205843932;0.268478175;0.320199614;0.264840574
00:56:55;0.205638296;0.268507772;0.320153125;0.264766398
00:57:00;0.205558246;0.26846943;0.320265222;0.264764299
00:57:05;0.205637526;0.26853741;0.32042954;0.264868159
00:57:10;0.20552483;0.2685458;0.320027007;0.264699212
00:57:15;0.205526246;0.268669359;0.320268252;0.264821286
00:57:20;0.205515558;0.268656524;0.320430737;0.264867607
00:57:25;0.205458591;0.268451449;0.320225004;0.264711682
00:57:30;0.205447534;0.268455188;0.320084919;0.264662547
00:57:35;0.205368752;0.268300907;0.320040204;0.264569954
00:57:40;0.205596864;0.268326423;0.319868518;0.264597268
00:57:45;0.20558619;0.268373348;0.319675298;0.264544945
00:57:50;0.205575505;0.268583194;0.319316494;0.264491731
00:57:55;0.205462297;0.268531606;0.319202239;0.264398714
00:58:00;0.205530515;0.268557266;0.319177605;0.264421795
00:58:05;0.205450872;0.268703215;0.318992527;0.264382205
00:58:10;0.20548515;0.26864321;0.318817211;0.26431519
00:58:15;0.205553377;0.268604828;0.318680301;0.264279502
00:58:20;0.205519439;0.268660503;0.318472475;0.264217472
00:58:25;0.205507658;0.268664633;0.318735761;0.264302684
00:58:30;0.205462297;0.268698945;0.318501885;0.264221042
00:58:35;0.205383298;0.269003101;0.31849124;0.264292546
00:58:40;0.205531944;0.268994751;0.318563518;0.264363404
00:58:45;0.205465006;0.269012241;0.318575213;0.26435082
00:58:50;0.205488949;0.268986752;0.318923909;0.264466536
00:58:55;0.205432972;0.268832083;0.319109566;0.264458207
00:59:00;0.205445446;0.268780501;0.318739298;0.264321748
00:59:05;0.205491378;0.268754688;0.318549083;0.26426505
00:59:10;0.205526557;0.268651146;0.318523967;0.26423389
00:59:15;0.205539137;0.268568895;0.318501133;0.264203055
00:59:20;0.205608966;0.268491028;0.3188642;0.264321398
00:59:25;0.205426441;0.268477909;0.319207434;0.264370595
00:59:30;0.205427765;0.268637976;0.319337031;0.264467591
00:59:35;0.205462702;0.268646711;0.319539331;0.264549581
00:59:40;0.205451165;0.268555823;0.320157127;0.264721372
00:59:45;0.205438961;0.268715768;0.320489039;0.264881256
00:59:50;0.205551375;0.268824025;0.32033624;0.26490388
00:59:55;0.205446786;0.268970981;0.320508328;0.264975365
01:00:00;0.205468409;0.268944646;0.32102807;0.265147042
01:00:05;0.205409386;0.269125284;0.321090803;0.265208491
01:00:10;0.205499714;0.269155121;0.321040331;0.265231722
01:00:15;0.205544109;0.269081627;0.320872181;0.265165972
01:00:20;0.205497622;0.269171594;0.320862252;0.265177156
01:00:25;0.205417907;0.269145645;0.321292842;0.265285465
01:00:30;0.205599493;0.269433621;0.321122221;0.265385111
01:00:35;0.205519793;0.269279263;0.32130456;0.265367872
01:00:40;0.205735214;0.269352896;0.321334395;0.265474168
01:00:45;0.20576828;0.269499404;0.321476457;0.26558138
01:00:50;0.205756005;0.26952891;0.32162348;0.265636131
01:00:55;0.205903316;0.269382512;0.321379827;0.265555219
01:01:00;0.206063552;0.269545923;0.321072764;0.265560746
01:01:05;0.206202728;0.269309768;0.321277034;0.26559651
01:01:10;0.206342906;0.269503951;0.321480922;0.265775927
01:01:15;0.206358536;0.269573313;0.321796012;0.265909287
01:01:20;0.206454533;0.269542579;0.321685703;0.265894272
01:01:25;0.206574125;0.269327726;0.322013047;0.265971633
01:01:30;0.206535464;0.26941513;0.321880187;0.265943594
01:01:35;0.206681273;0.269407081;0.321932198;0.266006851
01:01:40;0.206836077;0.269324995;0.321886612;0.266015895
01:01:45;0.206781153;0.269436768;0.321929563;0.266049161
01:01:50;0.206982051;0.269212329;0.3218592;0.26601786
01:01:55;0.207045554;0.269122;0.321783596;0.265983717
01:02:00;0.206970928;0.269044774;0.321839942;0.265951881
01:02:05;0.207150502;0.269097005;0.321722835;0.265990114
01:02:10;0.207152991;0.269093092;0.321822655;0.266022913
01:02:15;0.207047486;0.26902839;0.321839942;0.265971939
01:02:20;0.206384288;0.269067428;0.322079398;0.265843705
01:02:25;0.20428515;0.268858962;0.32178202;0.264975377
01:02:30;0.199087684;0.268959103;0.321867862;0.263304883
01:02:35;0.190816578;0.269072377;0.321821708;0.260570221
01:02:40;0.185461332;0.268885284;0.322004524;0.258783713
01:02:45;0.185068638;0.268846146;0.322218339;0.258711041
01:02:50;0.185135387;0.268806996;0.322279208;0.25874053
01:02:55;0.185316937;0.268667827;0.322211125;0.258731963
01:03:00;0.185553407;0.268637478;0.322415467;0.258868784
01:03:05;0.185426376;0.268398882;0.322579963;0.25880174
01:03:10;0.185273856;0.268364563;0.32254266;0.258727026
01:03:15;0.185463757;0.268542426;0.322521489;0.258842557
01:03:20;0.185880573;0.268624936;0.322594637;0.259033382
01:03:25;0.186961861;0.268448303;0.32248484;0.259298335
01:03:30;0.186757647;0.268366309;0.322578868;0.259234275
01:03:35;0.186709291;0.268547304;0.322568598;0.259275064
01:03:40;0.186759198;0.268612087;0.322432316;0.259267867
01:03:45;0.198951486;0.268655293;0.322374429;0.26332707
01:03:50;0.208088885;0.268871532;0.322700294;0.26655357
01:03:55;0.203933972;0.268512266;0.322683989;0.265043409
01:04:00;0.202994645;0.268624751;0.322782518;0.264800638
01:04:05;0.208446109;0.268663633;0.32293615;0.266681964
01:04:10;0.207822454;0.268676582;0.322942981;0.266480672
01:04:15;0.207627541;0.268689643;0.323207704;0.266508296
01:04:20;0.207454717;0.268707015;0.323344145;0.266501959
01:04:25;0.207429333;0.268620072;0.323316779;0.266455395
01:04:30;0.207154445;0.26862419;0.323252674;0.26634377
01:04:35;0.207091134;0.268589291;0.323294944;0.266325123
01:04:40;0.206930081;0.268567531;0.323429483;0.266309031
01:04:45;0.206922185;0.268480115;0.323403893;0.266268731
01:04:50;0.206809046;0.268580434;0.323439051;0.266276177
01:04:55;0.206661336;0.268645792;0.323408683;0.266238604
01:05:00;0.206593219;0.268506547;0.323330556;0.266143441
01:05:05;0.206397104;0.268715628;0.323603982;0.266238905
01:05:10;0.206400151;0.268563516;0.323486192;0.266149953
01:05:15;0.206253871;0.268494115;0.32357745;0.266108479
01:05:20;0.206293088;0.268628866;0.32376948;0.266230478
01:05:25;0.206155538;0.268624564;0.3237994;0.266193167
01:05:30;0.206132049;0.268693967;0.32393068;0.266252232
01:05:35;0.205955562;0.268641948;0.32412832;0.266241943
01:05:40;0.205792052;0.268576912;0.324074144;0.266147702
01:05:45;0.205710984;0.268572364;0.323846794;0.26604338
01:05:50;0.205559342;0.268737385;0.324126705;0.266141144
01:05:55;0.205489237;0.268806809;0.324032371;0.266109472
01:06:00;0.205361785;0.268451174;0.32391064;0.265907867
01:06:05;0.20516584;0.268585483;0.323881129;0.265877484
01:06:10;0.205190015;0.268676582;0.32411901;0.265995202
01:06:15;0.205038534;0.268576652;0.323874477;0.265829887
01:06:20;0.204898037;0.268528972;0.323710124;0.265712378
01:06:25;0.204873645;0.26861147;0.32365209;0.265712402
01:06:30;0.204687326;0.268585483;0.323454379;0.265575729
01:06:35;0.204501773;0.268515816;0.323535982;0.265517857
01:06:40;0.204594078;0.268585236;0.32345031;0.265543208
01:06:45;0.204466684;0.268580943;0.323115722;0.265387783
01:06:50;0.204374098;0.268628686;0.323201501;0.265401428
01:06:55;0.204466374;0.268633171;0.323194194;0.265431246
01:07:00;0.204212411;0.268559517;0.323258783;0.26534357
01:07:05;0.204154819;0.268468162;0.323171928;0.26526497
01:07:10;0.204097323;0.268585483;0.323236299;0.265306368
01:07:15;0.204074313;0.268372993;0.323551907;0.265333071
01:07:20;0.203936013;0.268472836;0.323608859;0.265339236
01:07:25;0.203855096;0.268563797;0.323361709;0.2652602
01:07:30;0.203889515;0.26837242;0.323290684;0.265184206
01:07:35;0.203889111;0.268211491;0.32314419;0.265081597
01:07:40;0.203842793;0.268076272;0.322968337;0.264962467
01:07:45;0.203912353;0.267996588;0.323108293;0.265005745
01:07:50;0.203762688;0.26810012;0.322861576;0.264908128
01:07:55;0.203693842;0.267531547;0.322745951;0.264657114
01:08:00;0.203648387;0.267094803;0.322833499;0.264525563
01:08:05;0.203671508;0.266477619;0.322840731;0.264329953
01:08:10;0.203740825;0.266729386;0.322679766;0.264383326
01:08:15;0.203764052;0.266966324;0.3227136;0.264481325
01:08:20;0.203706556;0.266771947;0.322544682;0.264341062
01:08:25;0.203729642;0.266943718;0.322638631;0.26443733
01:08:30;0.203557766;0.267540854;0.322644681;0.2645811
01:08:35;0.203443344;0.267525088;0.322467508;0.264478646
01:08:40;0.203524239;0.267542698;0.322288493;0.26445181
01:08:45;0.203535672;0.267560299;0.322349319;0.264481763
01:08:50;0.203501168;0.267569996;0.322371685;0.26448095
01:08:55;0.203741963;0.267712765;0.322163257;0.264539328
01:09:00;0.203593038;0.26768563;0.322076033;0.264451567
01:09:05;0.203662501;0.267672039;0.321900423;0.264411655
01:09:10;0.203788932;0.267823096;0.321446944;0.264352991
01:09:15;0.203857732;0.267805535;0.321406768;0.264356678
01:09:20;0.203800735;0.267670393;0.321027873;0.264166333
01:09:25;0.203869583;0.267674384;0.320514986;0.264019651
01:09:30;0.20384709;0.267770389;0.320459804;0.264025761
01:09:35;0.203870532;0.267676025;0.320242439;0.263929665
01:09:40;0.203905273;0.267862237;0.320075727;0.263947746
01:09:45;0.203905654;0.267913556;0.319752911;0.263857374
01:09:50;0.203985494;0.267969047;0.319883719;0.263946087
01:09:55;0.204156101;0.268028777;0.31965127;0.263945383
01:10:00;0.204065219;0.268245734;0.319889508;0.26406682
01:10:05;0.204076666;0.26828005;0.319678583;0.264011766
01:10:10;0.204076761;0.267966655;0.31938189;0.263808435
01:10:15;0.204212988;0.267839132;0.319144319;0.263732146
01:10:20;0.204258349;0.267750715;0.318853348;0.263620804
01:10:25;0.204190389;0.267863575;0.318624212;0.263559392
01:10:30;0.204088542;0.267945346;0.318225702;0.263419864
01:10:35;0.20405467;0.267834919;0.317550831;0.263146806
01:10:40;0.204099772;0.267952352;0.317479996;0.263177374
01:10:45;0.204247014;0.268039826;0.317307783;0.263198207
01:10:50;0.204247014;0.267952352;0.317152743;0.26311737
01:10:55;0.204021077;0.267807565;0.317059777;0.262962806
01:11:00;0.204043873;0.268017952;0.316710024;0.26292395
01:11:05;0.204088849;0.26784169;0.317275263;0.263068601
01:11:10;0.204077326;0.267929227;0.317143043;0.263049865
01:11:15;0.204292362;0.268035671;0.317085461;0.263137831
01:11:20;0.204122134;0.268092945;0.316800683;0.263005254
01:11:25;0.204156076;0.267983671;0.316966037;0.263035261
01:11:30;0.204281184;0.267997243;0.317368998;0.263215808
01:11:35;0.204155541;0.26804507;0.317221374;0.263140662
01:11:40;0.204396124;0.267939986;0.317076267;0.263137459
01:11:45;0.204292653;0.267970083;0.316928543;0.26306376
01:11:50;0.204167283;0.268083584;0.316719339;0.262990069
01:11:55;0.204212845;0.267899108;0.317033866;0.263048607
01:12:00;0.204167216;0.267903221;0.316775557;0.262948665
01:12:05;0.204007274;0.267901911;0.317109121;0.263006102
01:12:10;0.204315614;0.268143185;0.316375732;0.262944844
01:12:15;0.204167016;0.268059574;0.31686037;0.263028986
01:12:20;0.204144142;0.268073161;0.316586831;0.262934711
01:12:25;0.204258457;0.268063751;0.316385753;0.262902653
01:12:30;0.204281299;0.268024014;0.316196631;0.262833981
01:12:35;0.204189978;0.268111862;0.316359771;0.262887204
01:12:40;0.204144429;0.268288443;0.316413472;0.262948781
01:12:45;0.204133132;0.268336645;0.31626519;0.262911656
01:12:50;0.204042175;0.268402062;0.31625606;0.262900099
01:12:55;0.204064965;0.268357416;0.316261319;0.262894567
01:13:00;0.204076191;0.26828203;0.31640743;0.262921883
01:13:05;0.204110104;0.268551359;0.316286417;0.262982627
01:13:10;0.204064253;0.268480293;0.316257403;0.262933983
01:13:15;0.204098412;0.268573201;0.316072151;0.262914588
01:13:20;0.203904126;0.268564171;0.316121006;0.262863101
01:13:25;0.203915907;0.268577313;0.316091676;0.262861632
01:13:30;0.203779342;0.268661559;0.316552018;0.26299764
01:13:35;0.203870742;0.268625916;0.316424556;0.262973738
01:13:40;0.203871057;0.268519131;0.316439035;0.262943074
01:13:45;0.20391683;0.268599276;0.316389876;0.262968661
01:13:50;0.203927842;0.268572385;0.316355292;0.26295184
01:13:55;0.203973148;0.268429742;0.316257403;0.262886764
01:14:00;0.204006871;0.268652431;0.31659716;0.263085487
01:14:05;0.204041431;0.268589992;0.316416123;0.263015848
01:14:10;0.204007542;0.268536322;0.316592993;0.263045619
01:14:15;0.204121436;0.268714811;0.3166433;0.263159849
01:14:20;0.204075857;0.268433107;0.316755283;0.263088082
01:14:25;0.204064711;0.26850927;0.316748845;0.263107609
01:14:30;0.204076191;0.268460716;0.316714669;0.263083859
01:14:35;0.204087748;0.26856799;0.316797005;0.263150914
01:14:40;0.204087837;0.268706032;0.317115078;0.263302983
01:14:45;0.204224246;0.268665981;0.316552628;0.263147618
01:14:50;0.204383916;0.26880387;0.316621287;0.263269691
01:14:55;0.204509718;0.268714958;0.316641621;0.263288766
01:15:00;0.204544283;0.268879366;0.316473323;0.263298991
01:15:05;0.204601351;0.268950255;0.316521963;0.263357856
01:15:10;0.204532514;0.268781525;0.316304556;0.263206199
01:15:15;0.204520773;0.268896629;0.316584902;0.263334101
01:15:20;0.204679958;0.269016056;0.316627467;0.26344116
01:15:25;0.204679596;0.26897626;0.31658691;0.263414255
01:15:30;0.204724439;0.269135975;0.317163735;0.263674716
01:15:35;0.20468977;0.269109241;0.316852406;0.263550472
01:15:40;0.204746118;0.269149035;0.316996431;0.263630528
01:15:45;0.204825264;0.269096156;0.317023127;0.263648182
01:15:50;0.204870236;0.269047734;0.317002665;0.263640211
01:15:55;0.20490434;0.269114947;0.316826584;0.26361529
01:16:00;0.204859041;0.269226252;0.316717141;0.263600811
01:16:05;0.20496061;0.26936925;0.316539347;0.263623069
01:16:10;0.204949439;0.26935625;0.316662037;0.263655909
01:16:15;0.20513174;0.26940557;0.316332822;0.263623377
01:16:20;0.205167967;0.269387906;0.316234157;0.263596677
01:16:25;0.205399212;0.269410247;0.316472846;0.263760768
01:16:30;0.20542545;0.269557279;0.316153848;0.263712192
01:16:35;0.205447794;0.269565446;0.316416442;0.263809894
01:16:40;0.205389974;0.269546572;0.316416442;0.263784329
01:16:45;0.20536793;0.2694211;0.31650675;0.26376526
01:16:50;0.205290377;0.269585139;0.316320606;0.263732041
01:16:55;0.205524349;0.269483213;0.316278025;0.263761862
01:17:00;0.205689029;0.269621595;0.316110914;0.26380718
01:17:05;0.205796267;0.269723572;0.316540746;0.264020195
01:17:10;0.205772107;0.269640556;0.316058443;0.263823702
01:17:15;0.205700647;0.269681925;0.316301138;0.26389457
01:17:20;0.205782011;0.269726652;0.316219996;0.263909553
01:17:25;0.20569066;0.269661008;0.316262429;0.263871366
01:17:30;0.205703527;0.269576209;0.316167541;0.263815759
01:17:35;0.205658167;0.269731436;0.316620541;0.264003381
01:17:40;0.205751383;0.269566738;0.316533536;0.263950552
01:17:45;0.205578934;0.269139053;0.31626484;0.263660942
01:17:50;0.205582341;0.262270962;0.317123445;0.261658916
01:17:55;0.205597099;0.269215399;0.316995081;0.26393586
01:18:00;0.205728163;0.269533933;0.317040713;0.264100936
01:18:05;0.205697067;0.269593115;0.317249266;0.264179816
01:18:10;0.20587574;0.269673477;0.317382917;0.264310711
01:18:15;0.206111694;0.269806734;0.317866635;0.264595021
01:18:20;0.206231248;0.269896625;0.317971692;0.264699855
01:18:25;0.206456742;0.269789093;0.318029788;0.264758541
01:18:30;0.206576291;0.269962157;0.317974234;0.264837561
01:18:35;0.206944238;0.26981784;0.318309356;0.265023811
01:18:40;0.206846564;0.269920258;0.318582864;0.265116562
01:18:45;0.206808621;0.269696239;0.318774114;0.265092992
01:18:50;0.206272428;0.26986399;0.319092391;0.26507627
01:18:55;0.204062007;0.269862233;0.319071072;0.264331771
01:19:00;0.199578511;0.269685213;0.319242944;0.262835556
01:19:05;0.205273381;0.269886354;0.319821592;0.264993776
01:19:10;0.196123087;0.269595914;0.319830973;0.261849991
01:19:15;0.195412355;0.269616863;0.32027573;0.261768316
01:19:20;0.201417789;0.2697108;0.320572071;0.26390022
01:19:25;0.196652048;0.269650055;0.320879015;0.262393706
01:19:30;0.198069259;0.269739447;0.320792307;0.262867004
01:19:35;0.187265738;0.269747443;0.321410087;0.259474423
01:19:40;0.181032285;0.269760207;0.32151646;0.257436318
01:19:45;0.182756995;0.269685213;0.321715202;0.25805247
01:19:50;0.182103934;0.269689977;0.322398238;0.258064049
01:19:55;0.182152449;0.269787326;0.322480729;0.258140168
01:20:00;0.182535717;0.269564158;0.323216466;0.25843878
01:20:05;0.182455917;0.26929771;0.323146002;0.258299876
01:20:10;0.182287772;0.26951258;0.323679804;0.258493385
01:20:15;0.182211387;0.269629106;0.323932847;0.258591113
01:20:20;0.181917758;0.269612849;0.323983882;0.25850483
01:20:25;0.18214051;0.269099478;0.324091672;0.258443887
01:20:30;0.18219371;0.269417041;0.324591337;0.25873403
01:20:35;0.182788522;0.269555103;0.324331363;0.258891662
01:20:40;0.183103498;0.269550365;0.324964058;0.259205973
01:20:45;0.183142344;0.269603344;0.324858016;0.259201235
01:20:50;0.18363202;0.269536172;0.32510619;0.259424794
01:20:55;0.183894;0.269433675;0.325302032;0.259543236
01:21:00;0.184284162;0.269617607;0.325133893;0.259678554
01:21:05;0.184642617;0.269707315;0.325403145;0.259917693
01:21:10;0.184811444;0.269729752;0.325522503;0.260021233
01:21:15;0.184673342;0.269841989;0.32538218;0.259965837
01:21:20;0.184752358;0.269811564;0.325707223;0.260090382
01:21:25;0.184305737;0.269596533;0.325969588;0.259957286
01:21:30;0.184461092;0.269753785;0.326074869;0.260096582
01:21:35;0.18812894;0.269575396;0.326225248;0.261309861
01:21:40;0.202247393;0.269684549;0.326374094;0.266102012
01:21:45;0.209031009;0.269794068;0.326323784;0.268382953
01:21:50;0.208122939;0.269876448;0.326155522;0.268051637
01:21:55;0.207073396;0.270148067;0.326176016;0.26779916
01:22:00;0.206672309;0.270140338;0.326101813;0.267638153
01:22:05;0.206558808;0.270223417;0.326025978;0.267602734
01:22:10;0.206179951;0.270084376;0.326111701;0.267458676
01:22:15;0.206070853;0.269957983;0.325801617;0.267276818
01:22:20;0.205989384;0.270086518;0.325496124;0.267190675
01:22:25;0.205748577;0.270020308;0.325366036;0.267044974
01:22:30;0.205494516;0.270098652;0.325301086;0.266964751
01:22:35;0.205243732;0.270139266;0.325288319;0.266890439
01:22:40;0.204858014;0.270070859;0.325008446;0.266645773
01:22:45;0.203655636;0.270137035;0.324913568;0.266235413
01:22:50;0.20577856;0.270041014;0.324443354;0.266754309
01:22:55;0.205626429;0.270058794;0.324044839;0.266576687
01:23:00;0.205330151;0.270066624;0.3235251;0.266307291
01:23:05;0.205364008;0.270046783;0.322611294;0.266007362
01:23:10;0.20534792;0.270072321;0.322244426;0.265888222
01:23:15;0.205001764;0.269999408;0.32171087;0.265570681
01:23:20;0.204560383;0.270012189;0.32169502;0.265422531
01:23:25;0.201802406;0.270135359;0.321644511;0.264527425
01:23:30;0.200664941;0.270107724;0.321668015;0.264146893
01:23:35;0.201063731;0.270055381;0.321590851;0.264236655
01:23:40;0.202279865;0.270022924;0.321681713;0.2646615
01:23:45;0.199762827;0.270088566;0.321396401;0.263749265
01:23:50;0.201639952;0.270178844;0.321852163;0.264556986
01:23:55;0.203821277;0.269945389;0.322030929;0.265265865
01:24:00;0.205180209;0.269982667;0.322065684;0.265742853
01:24:05;0.202748385;0.270002335;0.322323307;0.265024676
01:24:10;0.204724828;0.270034826;0.322734007;0.26583122
01:24:15;0.205108019;0.270039766;0.322867484;0.26600509
01:24:20;0.204799891;0.270133147;0.323248722;0.266060587
01:24:25;0.204883407;0.270095649;0.32376443;0.266247829
01:24:30;0.204942935;0.269797246;0.324153221;0.266297801
01:24:35;0.204764363;0.26982294;0.32448795;0.266358418
01:24:40;0.204645293;0.269948374;0.325018207;0.266537291
01:24:45;0.204633446;0.270056152;0.325346355;0.266678651
01:24:50;0.20475127;0.269885662;0.32569291;0.266776614
01:24:55;0.204810227;0.270042643;0.32634394;0.267065603
01:25:00;0.204704388;0.270117662;0.326589949;0.267137333
01:25:05;0.204681257;0.27023108;0.326787148;0.267233162
01:25:10;0.204623116;0.27028396;0.327092669;0.267333248
01:25:15;0.204811362;0.270473498;0.327433737;0.267572866
01:25:20;0.204835622;0.270427994;0.327393973;0.26755253
01:25:25;0.204801328;0.270349648;0.327546186;0.267565721
01:25:30;0.204920239;0.270321884;0.327655329;0.267632484
01:25:35;0.204934275;0.270357193;0.327390135;0.267560534
01:25:40;0.205016417;0.270387406;0.327498877;0.267634233
01:25:45;0.204969111;0.270377293;0.327627291;0.267657898
01:25:50;0.205005415;0.270440237;0.327593871;0.267679841
01:25:55;0.205042257;0.270364724;0.327552034;0.267653005
01:26:00;0.205101852;0.269976762;0.327628284;0.267568966
01:26:05;0.205088707;0.269931483;0.32775788;0.26759269
01:26:10;0.204944748;0.269774764;0.328067946;0.267595819
01:26:15;0.204873393;0.27001915;0.328056842;0.267649795
01:26:20;0.204908581;0.270069476;0.328288724;0.267755594
01:26:25;0.205109264;0.269920522;0.328359667;0.267796484
01:26:30;0.204955795;0.270021185;0.328423141;0.26780004
01:26:35;0.205016863;0.270099305;0.328327417;0.267814529
01:26:40;0.205194796;0.270068738;0.328527629;0.267930388
01:26:45;0.205311725;0.269987622;0.328592623;0.26796399
01:26:50;0.205297097;0.270018268;0.328497983;0.267937783
01:26:55;0.205201439;0.270200344;0.328488584;0.267963456
01:27:00;0.20519069;0.270281374;0.328335374;0.267935813
01:27:05;0.205273381;0.27027633;0.327985437;0.267845049
01:27:10;0.205343278;0.270018268;0.328114805;0.267825451
01:27:15;0.205354171;0.270000476;0.328154038;0.267836228
01:27:20;0.205482379;0.269878778;0.328172359;0.267844505
01:27:25;0.205481312;0.269891694;0.328145364;0.267839457
01:27:30;0.20545836;0.269914434;0.328178804;0.267850532
01:27:35;0.205517895;0.269682374;0.328139795;0.267780021
01:27:40;0.205387402;0.269886782;0.328004502;0.267759562
01:27:45;0.205399225;0.269734208;0.328151931;0.267761788
01:27:50;0.205283442;0.269782931;0.327893252;0.267653208
01:27:55;0.2044893;0.269758586;0.327717323;0.267321736
01:28:00;0.20493879;0.269816898;0.327827884;0.267527858
01:28:05;0.205555908;0.26999058;0.328039246;0.267861911
01:28:10;0.205172959;0.269789481;0.327817476;0.267593305
01:28:15;0.205140977;0.269822054;0.327853197;0.267605409
01:28:20;0.20524967;0.269716322;0.328007795;0.267657929
01:28:25;0.205332681;0.269724482;0.327829211;0.267628791
01:28:30;0.205392677;0.269737486;0.327813437;0.267647867
01:28:35;0.205502898;0.269620521;0.327595509;0.267572976
01:28:40;0.205500716;0.26977648;0.327498008;0.267591734
01:28:45;0.205293169;0.269933019;0.327105308;0.267443832
01:28:50;0.205295582;0.269766741;0.326939886;0.26733407
01:28:55;0.205297097;0.269786378;0.326663532;0.267249002
01:29:00;0.205321749;0.269838888;0.326835857;0.267332165
01:29:05;0.205144336;0.270170771;0.326402079;0.267239062
01:29:10;0.20500344;0.269880389;0.32621596;0.267033263
01:29:15;0.205053705;0.269776701;0.325675954;0.266835453
01:29:20;0.205092387;0.269784925;0.325331627;0.266736313
01:29:25;0.205152977;0.269651466;0.324947721;0.266584054
01:29:30;0.205237114;0.26985416;0.324761384;0.266617553
01:29:35;0.20497587;0.269931513;0.324417744;0.266441709
01:29:40;0.204894237;0.269812961;0.324518975;0.266408725
01:29:45;0.205064387;0.269943466;0.32441969;0.266475847
01:29:50;0.205027729;0.270368132;0.325273321;0.266889727
01:29:55;0.204810603;0.270195384;0.325811315;0.266939101
01:30:00;0.20499069;0.27017963;0.326433346;0.267201222
01:30:05;0.204967462;0.27014053;0.326870605;0.267326199
01:30:10;0.205087784;0.270056801;0.3278643;0.267669628
01:30:15;0.205067525;0.270058958;0.328182726;0.267769736
01:30:20;0.205190697;0.26994402;0.328098505;0.267744407
01:30:25;0.205183761;0.270146884;0.328429512;0.267920053
01:30:30;0.204834482;0.270034707;0.328729151;0.267866113
01:30:35;0.205039786;0.270282563;0.329023163;0.268115171
01:30:40;0.205208176;0.270088982;0.329035302;0.26811082
01:30:45;0.205351506;0.270199005;0.329475639;0.26834205
01:30:50;0.205362266;0.270373846;0.329552043;0.268429385
01:30:55;0.205290866;0.270188658;0.329659296;0.268379607
01:31:00;0.205364562;0.270261583;0.329799119;0.268475088
01:31:05;0.20537731;0.270125098;0.329792364;0.268431591
01:31:10;0.205377643;0.270022685;0.330099735;0.268500021
01:31:15;0.205327686;0.270151003;0.330139901;0.26853953
01:31:20;0.20526645;0.270008431;0.330304387;0.268526422
01:31:25;0.205315616;0.2698484;0.330379856;0.268514624
01:31:30;0.205389066;0.269505106;0.330504288;0.268466154
01:31:35;0.205535752;0.269518861;0.330544288;0.268532967
01:31:40;0.205526273;0.269687297;0.330406758;0.268540109
01:31:45;0.205625917;0.269685726;0.330580208;0.268630617
01:31:50;0.20573513;0.26963184;0.33052488;0.268630617
01:31:55;0.205586615;0.26999398;0.330317109;0.268632568
01:32:00;0.205597168;0.269904177;0.330126866;0.268542737
01:32:05;0.205440595;0.270116012;0.330115533;0.26855738
01:32:10;0.205442359;0.270282694;0.329893351;0.268539468
01:32:15;0.205673793;0.27028535;0.329957079;0.26863874
01:32:20;0.205699867;0.270383974;0.329882399;0.268655414
01:32:25;0.205858502;0.270536323;0.32975643;0.268717085
01:32:30;0.205943518;0.270546173;0.329684431;0.268724707
01:32:35;0.205980695;0.270723636;0.329479339;0.26872789
01:32:40;0.206017381;0.270730983;0.329453721;0.268734028
01:32:45;0.206090245;0.27087211;0.329430667;0.268797674
01:32:50;0.206018959;0.270709869;0.329348707;0.268692512
01:32:55;0.206057305;0.270681447;0.329287125;0.268675292
01:33:00;0.206010385;0.270645645;0.329356263;0.268670764
01:33:05;0.205927558;0.27062773;0.329194572;0.268583287
01:33:10;0.205991568;0.270642562;0.329345921;0.268660017
01:33:15;0.206042941;0.270744421;0.329227569;0.268671644
01:33:20;0.206128686;0.270815638;0.329142596;0.26869564
01:33:25;0.206029551;0.270787296;0.329098352;0.2686384
01:33:30;0.205382941;0.270881408;0.329043284;0.268435878
01:33:35;0.203477983;0.270998375;0.328972873;0.267816411
01:33:40;0.205617381;0.271026756;0.328941645;0.268528594
01:33:45;0.206461505;0.270868657;0.329182878;0.26883768
01:33:50;0.206434724;0.270561891;0.329296857;0.268764491
01:33:55;0.206477235;0.270688813;0.329394701;0.268853583
01:34:00;0.206579953;0.270534006;0.329497484;0.268870481
01:34:05;0.206549373;0.270585909;0.329374042;0.268836441
01:34:10;0.206506809;0.270575378;0.329397115;0.268826434
01:34:15;0.206465135;0.270155886;0.329215523;0.268612181
01:34:20;0.206340321;0.270025371;0.329188439;0.268518044
01:34:25;0.206374089;0.270152042;0.329108799;0.268544977
01:34:30;0.20630227;0.270214218;0.329025684;0.268514057
01:34:35;0.206362015;0.270513426;0.329000022;0.268625154
01:34:40;0.20625459;0.270592831;0.3287927;0.268546707
01:34:45;0.206098376;0.270506251;0.328651409;0.268418679
01:34:50;0.206002513;0.270453443;0.328647462;0.268367806
01:34:55;0.205954845;0.270535351;0.328700342;0.268396846
01:35:00;0.205883092;0.27058058;0.328633614;0.268365762
01:35:05;0.205884528;0.270644383;0.328655857;0.268394923
01:35:10;0.205969911;0.270560511;0.328826333;0.268452251
01:35:15;0.20591155;0.270524047;0.328606816;0.268347471
01:35:20;0.205925592;0.270534849;0.328545176;0.268335206
01:35:25;0.205926578;0.270871692;0.328291321;0.268363197
01:35:30;0.205901904;0.27093624;0.327957603;0.268265249
01:35:35;0.205820084;0.270695328;0.327571072;0.268028828
01:35:40;0.205965395;0.270730102;0.327068858;0.267921452
01:35:45;0.205858762;0.270945442;0.326677773;0.267827326
01:35:50;0.205872801;0.27085323;0.326645394;0.267790475
01:35:55;0.205778444;0.270627746;0.326826274;0.267744155
01:36:00;0.205900005;0.270856779;0.326677783;0.267811522
01:36:05;0.205764952;0.270718257;0.326834671;0.267772627
01:36:10;0.205763163;0.270786819;0.326651639;0.267733874
01:36:15;0.205749272;0.270908587;0.326642077;0.267766645
01:36:20;0.20551988;0.270879127;0.326811341;0.267736783
01:36:25;0.205494983;0.270870058;0.327481297;0.26794878
01:36:30;0.205518759;0.271120362;0.327700176;0.268113099
01:36:35;0.205482911;0.27067678;0.328093087;0.268084259
01:36:40;0.205627467;0.270579743;0.328205434;0.268137548
01:36:45;0.205615785;0.270692138;0.32811508;0.268141001
01:36:50;0.205699149;0.270941796;0.328278461;0.268306468
01:36:55;0.205638326;0.27112761;0.328250664;0.268338867
01:37:00;0.20564999;0.271095843;0.328641107;0.268462313
01:37:05;0.20567414;0.270811475;0.328705515;0.268397044
01:37:10;0.205807067;0.270698974;0.328838077;0.268448039
01:37:15;0.205734541;0.270466245;0.328838077;0.268346288
01:37:20;0.205734104;0.270416641;0.328976259;0.268375668
01:37:25;0.205782435;0.270262191;0.32928961;0.268444745
01:37:30;0.205890781;0.270131907;0.329293506;0.268438731
01:37:35;0.205769903;0.270508008;0.329509269;0.268595727
01:37:40;0.205816854;0.270445651;0.329921774;0.268728093
01:37:45;0.2057918;0.270865559;0.330169594;0.268942318
01:37:50;0.205552681;0.271017872;0.330316408;0.26896232
01:37:55;0.205649167;0.270988771;0.330351744;0.268996561
01:38:00;0.205672885;0.270704994;0.330736831;0.269038237
01:38:05;0.205768563;0.270875203;0.330936833;0.269193533
01:38:10;0.205744426;0.270875203;0.330738886;0.269119505
01:38:15;0.205682845;0.270955565;0.330681416;0.269106609
01:38:20;0.205645475;0.270885142;0.330602917;0.269044511
01:38:25;0.205584929;0.270988997;0.330620112;0.269064679
01:38:30;0.205607785;0.270912312;0.330712433;0.26907751
01:38:35;0.205560116;0.270831192;0.330626387;0.269005898
01:38:40;0.20551281;0.270756386;0.330732976;0.269000724
01:38:45;0.205417758;0.271101311;0.330831189;0.269116752
01:38:50;0.205429773;0.270953691;0.33070545;0.269029638
01:38:55;0.205406082;0.271276102;0.330799454;0.269160546
01:39:00;0.205442489;0.271439596;0.330646846;0.26917631
01:39:05;0.2054071;0.271499079;0.330799454;0.269235211
01:39:10;0.205455222;0.271340339;0.330889483;0.269228348
01:39:15;0.20544319;0.271482065;0.330720866;0.269215374
01:39:20;0.205299525;0.271457888;0.330826255;0.269194556
01:39:25;0.205371683;0.271569716;0.330652115;0.269197838
01:39:30;0.205371683;0.271637202;0.330558798;0.269189227
01:39:35;0.205359001;0.27197825;0.33086129;0.269399514
01:39:40;0.205393731;0.271955273;0.330621214;0.269323406
01:39:45;0.205297372;0.272323153;0.330412186;0.269344237
01:39:50;0.205260795;0.272366434;0.330487901;0.26937171
01:39:55;0.205248225;0.272483663;0.330384457;0.269372115
01:40:00;0.205259907;0.272292381;0.330351668;0.269301319
01:40:05;0.205319177;0.272107826;0.330417218;0.269281407
01:40:10;0.205236248;0.272304753;0.330459966;0.269333656
01:40:15;0.20530813;0.272304753;0.330286332;0.269299738
01:40:20;0.205380725;0.272138507;0.330187916;0.269235716
01:40:25;0.205429427;0.272199953;0.330123972;0.269251117
01:40:30;0.205358351;0.272119697;0.329929509;0.269135852
01:40:35;0.205346658;0.272267655;0.330075127;0.269229813
01:40:40;0.205382383;0.272205902;0.329796545;0.269128277
01:40:45;0.205298294;0.272224305;0.329817602;0.2691134
01:40:50;0.20547713;0.272267487;0.329777496;0.269174038
01:40:55;0.205501162;0.272038137;0.329419198;0.268986166
01:41:00;0.205417073;0.272255067;0.32914355;0.268938563
01:41:05;0.205596164;0.271927595;0.32890473;0.268809496
01:41:10;0.20552408;0.271928141;0.32934831;0.26893351
01:41:15;0.205729751;0.272051842;0.329500481;0.269094025
01:41:20;0.205814096;0.271860839;0.330042006;0.26923898
01:41:25;0.205777939;0.271718333;0.330300158;0.269265477
01:41:30;0.205754284;0.271848204;0.330060335;0.269220941
01:41:35;0.20576678;0.271817594;0.329824937;0.269136437
01:41:40;0.205801587;0.271867463;0.329737384;0.269135478
01:41:45;0.205740484;0.27192923;0.32992919;0.269199635
01:41:50;0.205726287;0.272144847;0.329847705;0.269239613
01:41:55;0.205724992;0.271893241;0.330109757;0.269242663
01:42:00;0.205856666;0.272071464;0.330297211;0.269408447
01:42:05;0.205845583;0.272157721;0.330449142;0.269484148
01:42:10;0.206000463;0.272206901;0.330519082;0.269575482
01:42:15;0.205892244;0.272329352;0.33044627;0.269555955
01:42:20;0.205891284;0.27253679;0.330702403;0.269710159
01:42:25;0.205867265;0.27239033;0.330815211;0.269690935
01:42:30;0.205786384;0.272469314;0.330906404;0.269720701
01:42:35;0.205777044;0.272481389;0.331025231;0.269761221
01:42:40;0.20580341;0.272323278;0.330950166;0.269692284
01:42:45;0.205899963;0.272583933;0.331034837;0.269839578
01:42:50;0.205768563;0.272704828;0.3309429;0.26980543
01:42:55;0.205649167;0.272747146;0.331147799;0.269848037
01:43:00;0.205648756;0.272662495;0.331030036;0.269780429
01:43:05;0.205613375;0.272595535;0.330989736;0.269732882
01:43:10;0.205637509;0.272462113;0.330967954;0.269689192
01:43:15;0.205542525;0.272648874;0.330941194;0.269710865
01:43:20;0.20551988;0.272528476;0.33096396;0.269670772
01:43:25;0.205593592;0.272449798;0.33078656;0.269609983
01:43:30;0.205606896;0.272588702;0.330655232;0.269616943
01:43:35;0.205715551;0.27244404;0.330504585;0.269554725
01:43:40;0.205644069;0.272492358;0.33042604;0.269520822
01:43:45;0.205705577;0.272389842;0.330063174;0.269386198
01:43:50;0.205767643;0.272377774;0.330197815;0.269447744
01:43:55;0.20569686;0.272540975;0.329907803;0.269381879
01:44:00;0.205756377;0.272468382;0.330014152;0.26941297
01:44:05;0.205538036;0.272625915;0.329739893;0.269301281
01:44:10;0.205597966;0.272511147;0.329436754;0.269181955
01:44:15;0.205464851;0.272644408;0.329148891;0.26908605
01:44:20;0.205513381;0.272825508;0.328917015;0.269085302
01:44:25;0.205574077;0.272801263;0.328986484;0.269120608
01:44:30;0.205453791;0.272867767;0.328913102;0.26907822
01:44:35;0.205502359;0.272758989;0.328861947;0.269041098
01:44:40;0.205599963;0.272905293;0.328488095;0.268997784
01:44:45;0.205588597;0.272826835;0.328526201;0.268980544
01:44:50;0.205685969;0.272791298;0.328640144;0.269039137
01:44:55;0.20573469;0.272883213;0.328823358;0.269147087
01:45:00;0.205662875;0.272792538;0.329519362;0.269324925
01:45:05;0.205687675;0.272945454;0.32980218;0.269478436
01:45:10;0.205444837;0.272923396;0.330230958;0.269533064
01:45:15;0.20494769;0.272949622;0.330545684;0.269480999
01:45:20;0.204850581;0.272908304;0.331068121;0.269609002
01:45:25;0.205223119;0.27295215;0.331948691;0.27004132
01:45:30;0.205113181;0.272940205;0.332436088;0.270163158
01:45:35;0.205075724;0.27296408;0.332331178;0.270123661
01:45:40;0.205110891;0.272871644;0.332360871;0.270114469
01:45:45;0.205182112;0.27298879;0.332254448;0.270141783
01:45:50;0.205265553;0.272760838;0.331918547;0.269981646
01:45:55;0.205264359;0.272767756;0.331591707;0.269874607
01:46:00;0.205239723;0.272971347;0.331424581;0.269878551
01:46:05;0.205263763;0.272951305;0.33133989;0.269851653
01:46:10;0.205167907;0.273010728;0.330981435;0.269720023
01:46:15;0.205275484;0.273279195;0.330667872;0.26974085
01:46:20;0.20531186;0.273244156;0.330145194;0.26956707
01:46:25;0.205443891;0.272943259;0.329692619;0.269359923
01:46:30;0.205515406;0.273048142;0.32929802;0.269287189
01:46:35;0.205539111;0.273196055;0.329488393;0.269407853
01:46:40;0.205526697;0.273188435;0.329695299;0.269470144
01:46:45;0.205455222;0.273064384;0.330418749;0.269646118
01:46:50;0.205515034;0.272984343;0.331446143;0.26998184
01:46:55;0.205645066;0.273156263;0.332152721;0.270318016
01:47:00;0.205523707;0.273218315;0.332631991;0.270458004
01:47:05;0.205510225;0.273211867;0.332495139;0.270405744
01:47:10;0.205497506;0.272997066;0.332499682;0.270331418
01:47:15;0.205508385;0.273069776;0.332591682;0.270389948
01:47:20;0.205543934;0.273086908;0.33265483;0.270428557
01:47:25;0.205602241;0.273007061;0.333046185;0.270551829
01:47:30;0.205697176;0.273165729;0.333172837;0.270678581
01:47:35;0.205696754;0.27312953;0.333207372;0.270677885
01:47:40;0.205755292;0.272995268;0.333380654;0.270710405
01:47:45;0.205742459;0.2729598;0.333368272;0.270690177
01:47:50;0.205682282;0.273314102;0.333076138;0.270690841
01:47:55;0.205835839;0.273173272;0.33316379;0.2707243
01:48:00;0.205851515;0.273258553;0.333184773;0.270764947
01:48:05;0.205940327;0.273294712;0.333229128;0.270821389
01:48:10;0.206071074;0.273410897;0.333209414;0.270897128
01:48:15;0.205936874;0.273492629;0.333277046;0.270902183
01:48:20;0.205863494;0.273507311;0.33299208;0.270787628
01:48:25;0.205828941;0.273316763;0.333003705;0.27071647
01:48:30;0.205467256;0.273334891;0.332862774;0.270554974
01:48:35;0.204852062;0.273095355;0.332810838;0.270252752
01:48:40;0.20590606;0.273100719;0.332870644;0.270625808
01:48:45;0.206169339;0.273070776;0.332753018;0.270664378
01:48:50;0.205989451;0.273070776;0.332691195;0.270583807
01:48:55;0.205866793;0.273169118;0.332623236;0.270553049
01:49:00;0.205975395;0.273261063;0.332648122;0.270628193
01:49:05;0.205941317;0.273354392;0.332530281;0.270608663
01:49:10;0.205977921;0.273331105;0.332621203;0.270643409
01:49:15;0.206063818;0.273393523;0.332827894;0.270761745
01:49:20;0.206209202;0.273381886;0.332765984;0.270785691
01:49:25;0.206201759;0.273381886;0.332640004;0.270741216
01:49:30;0.206158416;0.273197231;0.332629833;0.270661827
01:49:35;0.20598826;0.273136044;0.332231577;0.27045196
01:49:40;0.206139833;0.273259623;0.331088198;0.270162552
01:49:45;0.206093154;0.273408067;0.329765437;0.269755553
01:49:50;0.206034501;0.27332348;0.329364209;0.269574063
01:49:55;0.206070859;0.273021798;0.329462513;0.26951839
01:50:00;0.206003263;0.273195461;0.329894613;0.269697779
01:50:05;0.206137749;0.273214986;0.329753183;0.269701973
01:50:10;0.206034473;0.273276487;0.328608985;0.269306648
01:50:15;0.206087939;0.273188962;0.325972362;0.268416421
01:50:20;0.20622007;0.273251642;0.324698984;0.268056899
01:50:25;0.206312513;0.273078871;0.324632221;0.268007868
01:50:30;0.206511288;0.27312317;0.324411641;0.268015366
01:50:35;0.206413557;0.273229255;0.324114411;0.267919074
01:50:40;0.206430527;0.273124256;0.320612828;0.266722537
01:50:45;0.205212721;0.273185968;0.320629971;0.266342886
01:50:50;0.204986494;0.27295641;0.322266275;0.266736393
01:50:55;0.204522634;0.273185968;0.322495285;0.266734629
01:51:00;0.201743435;0.273229255;0.322470695;0.265814462
01:51:05;0.199092912;0.273172938;0.323153055;0.265139635
01:51:10;0.20703208;0.273290879;0.323928465;0.268083808
01:51:15;0.205875619;0.273241086;0.324722324;0.267946343
01:51:20;0.205404761;0.273272527;0.32485147;0.267842919
01:51:25;0.206001267;0.27319249;0.32468458;0.267959446
01:51:30;0.205775351;0.273025592;0.3246124;0.267804448
01:51:35;0.203287925;0.273406663;0.324681381;0.267125323
01:51:40;0.20647262;0.273334418;0.324742153;0.268183064
01:51:45;0.203739293;0.273255216;0.324633628;0.267209379
01:51:50;0.205334376;0.274632109;0.325244832;0.268403772
01:51:55;0.206627011;0.275911966;0.325042766;0.269193914
01:52:00;0.20627556;0.273597226;0.325235379;0.268369388
01:52:05;0.206630279;0.273338583;0.326025243;0.268664702
01:52:10;0.206646071;0.273447515;0.326006513;0.268700033
01:52:15;0.206424975;0.273312217;0.325003943;0.268247045
01:52:20;0.206394331;0.27330295;0.323702457;0.267799913
01:52:25;0.206263438;0.273512897;0.321827901;0.267201412
01:52:30;0.206303434;0.273309636;0.321564635;0.267059235
01:52:35;0.206619039;0.273270903;0.321106679;0.266998873
01:52:40;0.206490426;0.273519669;0.321194901;0.267068332
01:52:45;0.206637562;0.273364752;0.32142545;0.267142588
01:52:50;0.206684271;0.273463208;0.321227425;0.267124968
01:52:55;0.206707967;0.273375889;0.321307138;0.267130331
01:53:00;0.206793464;0.273288258;0.321420647;0.267167456
01:53:05;0.206819425;0.273418157;0.321806781;0.267348121
01:53:10;0.206869128;0.273201544;0.322506593;0.267525755
01:53:15;0.206595655;0.273376476;0.322629518;0.267533883
01:53:20;0.204870859;0.273346755;0.322578755;0.266932123
01:53:25;0.201218713;0.273348201;0.323115703;0.265894205
01:53:30;0.20467682;0.273163884;0.323029856;0.266956854
01:53:35;0.194268812;0.273049697;0.32297877;0.263432426
01:53:40;0.18035981;0.272874322;0.323333832;0.258855988
01:53:45;0.181365672;0.273092795;0.323527768;0.259328745
01:53:50;0.182552775;0.273311464;0.323304531;0.259722923
01:53:55;0.182740879;0.273382438;0.32251723;0.259546849
01:54:00;0.182896294;0.273441217;0.321606142;0.259314551
01:54:05;0.183160472;0.273494813;0.321265263;0.259306849
01:54:10;0.18311695;0.273581605;0.321206517;0.259301691
01:54:15;0.18294688;0.273454518;0.32275745;0.259719616
01:54:20;0.182990537;0.27337226;0.323875103;0.2600793
01:54:25;0.182900897;0.273288258;0.324655606;0.260281587
01:54:30;0.183302499;0.273365345;0.325800746;0.260822863
01:54:35;0.182997619;0.273171083;0.326121989;0.260763564
01:54:40;0.186844291;0.27325653;0.327623357;0.262574726
01:54:45;0.182975556;0.273524122;0.328735042;0.261744907
01:54:50;0.183197543;0.273480297;0.328247178;0.261641673
01:54:55;0.182839274;0.273443307;0.327903464;0.261395348
01:55:00;0.183351426;0.273149621;0.325692758;0.260731268
01:55:05;0.183968203;0.273388308;0.326469914;0.261275475
01:55:10;0.184315551;0.27340385;0.326810692;0.261510031
01:55:15;0.184490344;0.273405413;0.326910943;0.261602233
01:55:20;0.185022458;0.273385916;0.326833741;0.261747372
01:55:25;0.187797072;0.273286863;0.326829899;0.262637944
01:55:30;0.188559802;0.273293841;0.326675554;0.262843065
01:55:35;0.195947334;0.273313372;0.326593764;0.265284824
01:55:40;0.206191786;0.273260358;0.326880885;0.268777676
01:55:45;0.205841112;0.273180876;0.327538294;0.268853427
01:55:50;0.203128117;0.27327851;0.32766586;0.268024162
01:55:55;0.200383653;0.273178406;0.327577085;0.267046382
01:56:00;0.198443478;0.273427136;0.327980004;0.266616873
01:56:05;0.202231707;0.273569718;0.328363171;0.268054865
01:56:10;0.20865302;0.273458913;0.328356195;0.270156043
01:56:15;0.207554464;0.273648853;0.328405673;0.269869663
01:56:20;0.207094036;0.273495953;0.328483606;0.269691198
01:56:25;0.20690128;0.273662378;0.32862897;0.269730876
01:56:30;0.20704196;0.273522406;0.328608371;0.269724246
01:56:35;0.207012771;0.2736949;0.328665369;0.269791013
01:56:40;0.206831662;0.273947111;0.328545343;0.269774705
01:56:45;0.206725068;0.27382139;0.327624247;0.269390235
01:56:50;0.206721425;0.273909349;0.327729881;0.269453552
01:56:55;0.206497768;0.273760143;0.327692571;0.269316827
01:57:00;0.206106173;0.273748139;0.328132243;0.269328852
01:57:05;0.206150671;0.273720107;0.328407751;0.269426176
01:57:10;0.205256961;0.273704166;0.32850292;0.269154682
01:57:15;0.201838531;0.273831832;0.328593673;0.268088012
01:57:20;0.196117933;0.273866987;0.328899071;0.266294664
01:57:25;0.205906073;0.273734112;0.329015512;0.269551899
01:57:30;0.206980378;0.273449702;0.329225523;0.269885201
01:57:35;0.206135644;0.273631898;0.329207527;0.269658356
01:57:40;0.20621844;0.273560731;0.329139993;0.269639722
01:57:45;0.204792967;0.273593738;0.329377744;0.269254816
01:57:50;0.200035735;0.273529469;0.329303282;0.267622829
01:57:55;0.195134481;0.273314268;0.329036864;0.265828538
01:58:00;0.191315759;0.273243078;0.327853556;0.264137464
01:58:05;0.196019934;0.273558976;0.326302186;0.265293698
01:58:10;0.196925014;0.273626343;0.325310481;0.265287279
01:58:15;0.199537435;0.273470829;0.324856516;0.265954927
01:58:20;0.198449444;0.273220076;0.325475548;0.265715023
01:58:25;0.190008058;0.273434333;0.325659049;0.263033813
01:58:30;0.188988274;0.273500063;0.325465101;0.262651146
01:58:35;0.18864133;0.273527756;0.324331469;0.262166852
01:58:40;0.186421402;0.273360902;0.324404478;0.261395594
01:58:45;0.188891928;0.273240152;0.324241899;0.26212466
01:58:50;0.194376491;0.273313031;0.324519542;0.264069688
01:58:55;0.201166623;0.27316304;0.324545043;0.266291569
01:59:00;0.200053677;0.27324146;0.324194141;0.265829759
01:59:05;0.203192522;0.273201618;0.325156726;0.267183622
01:59:10;0.207949666;0.273356961;0.325109817;0.268805481
01:59:15;0.207568103;0.273435324;0.327255986;0.269419805
01:59:20;0.208032907;0.273602526;0.327312877;0.269649437
01:59:25;0.207449967;0.273710056;0.327808517;0.26965618
01:59:30;0.206581968;0.273689056;0.330605462;0.270292162
01:59:35;0.206121417;0.273631898;0.332908635;0.270887317
01:59:40;0.204651489;0.273388468;0.333153445;0.270397801
01:59:45;0.205126126;0.273376172;0.333048533;0.270516944
01:59:50;0.206599065;0.273428398;0.333075367;0.271034277
01:59:55;0.205721068;0.273366834;0.333164174;0.270750692
