corrected_timestamp,apparent_zenith,zenith,apparent_elevation,elevation,azimuth,equation_of_time,ghi,dhi,dni,temperature,pressure,albedo,is_midnight
2021-09-23 00:00:00+02:00,124.01249665523704,124.01249665523704,-34.01249665523704,-34.01249665523704,324.80332727225505,7.868361411939986,0.0,0.0,0.0,7.8,1012.4,,YES
2021-09-23 01:00:00+02:00,127.82007316353344,127.82007316353344,-37.820073163533436,-37.820073163533436,342.6493011529492,7.53162103939394,0.0,0.0,0.0,5.8,1011.7,,NO
2021-09-23 02:00:00+02:00,129.12080325761917,129.12080325761917,-39.12080325761918,-39.12080325761918,1.775926977503559,7.546305752715853,0.0,0.0,0.0,7.0,1011.1,,NO
2021-09-23 03:00:00+02:00,127.28483319852225,127.28483319852225,-37.28483319852224,-37.28483319852224,20.76053169438819,7.560986676173343,0.0,0.0,0.0,7.7,1010.5,,NO
2021-09-23 04:00:00+02:00,122.64118466485614,122.64118466485614,-32.64118466485614,-32.64118466485614,38.203001101072914,7.575663781550247,0.0,0.0,0.0,6.9,1009.9,,NO
2021-09-23 05:00:00+02:00,115.86769253776129,115.86769253776129,-25.867692537761283,-25.867692537761283,53.575856934603166,7.590337041179737,0.0,0.0,0.0,7.6,1009.7,,NO
2021-09-23 06:00:00+02:00,107.6724586486548,107.6724586486548,-17.6724586486548,-17.6724586486548,67.12993371068876,7.605006427362241,0.0,0.0,0.0,7.1,1010.2,,NO
2021-09-23 07:00:00+02:00,98.64322621688991,98.64322621688991,-8.64322621688992,-8.64322621688992,79.45148543987295,7.61967191198346,2.562274197,0.762949341,10.53085235,10.1,1009.8,,NO
2021-09-23 08:00:00+02:00,88.86414253205396,89.24821356508907,1.1358574679460418,0.7517864349109203,91.19064354579427,7.634333467460237,11.52310325,402.8252113,41.66844388,13.2,1009.5,,NO
2021-09-23 09:00:00+02:00,79.80532823076508,79.89368891559113,10.194671769234915,10.10631108440887,102.98759497806043,7.648991066151211,43.09754706,593.9182977,75.96769034,15.9,1009.0,,NO
2021-09-23 10:00:00+02:00,70.94449108223706,70.99218656604317,19.055508917762936,19.007813433956827,115.48280363959998,7.6636446800184785,99.48659441,627.9729848,111.1404351,18.0,1008.1,,NO
2021-09-23 11:00:00+02:00,62.99708273495561,63.02970014349073,27.00291726504439,26.97029985650927,129.3189153225668,7.678294281493436,142.0897509,702.6982355,107.8881425,20.0,1007.4,,NO
2021-09-23 12:00:00+02:00,56.59137229510518,56.61665301492417,33.40862770489482,33.38334698507583,145.038717251707,7.692939843047498,170.2272295,740.0345899,127.1415369,21.1,1006.7,,NO
2021-09-23 13:00:00+02:00,52.44544560804169,52.46716131057192,37.55455439195831,37.53283868942808,162.77414343498845,7.7075813367519,177.5258287,681.9858575,170.4201322,22.0,1006.4,,NO
2021-09-23 14:00:00+02:00,51.1923207682915,51.21308672434683,38.8076792317085,38.78691327565317,181.8240862604605,7.7222187350998865,140.0044368,494.0277595,162.7488093,21.9,1005.9,,NO
2021-09-23 15:00:00+02:00,53.059264145776844,53.08146464100105,36.940735854223156,36.91853535899895,200.71306772763288,7.736852010628354,134.7214299,516.8319541,152.8755243,21.0,1005.4,,NO
2021-09-23 16:00:00+02:00,57.71672628823136,57.74310926241513,32.28327371176864,32.25689073758487,218.06921246941943,7.751481135444919,109.3284528,358.7985463,184.2681453,20.3,1005.3,,NO
2021-09-23 17:00:00+02:00,64.49198281967887,64.52677951591104,25.508017180321136,25.47322048408896,233.37820467811738,7.766106082148326,39.22165177,46.06265599,117.3846591,19.4,1005.3,,NO
2021-09-23 18:00:00+02:00,72.67890089428349,72.73154161476536,17.32109910571651,17.268458385234638,246.88828208368147,7.780726823344594,8.544083159,0.077717938,30.99097178,18.9,1005.5,,NO
2021-09-23 19:00:00+02:00,81.66837191793162,81.7746525151359,8.33162808206838,8.225347484864095,259.1786876035351,7.795343331203185,0.274133232,0.0,1.038778702,17.9,1005.6,,NO
2021-09-23 20:00:00+02:00,91.19111173040089,91.19111173040089,-1.191111730400898,-1.191111730400898,270.8946114139972,7.80995557839924,0.0,0.0,0.0,17.6,1006.0,,NO
2021-09-23 21:00:00+02:00,100.5769600734313,100.5769600734313,-10.576960073431298,-10.576960073431298,282.67533080642863,7.824563537633367,0.0,0.0,0.0,17.5,1006.4,,NO
2021-09-23 22:00:00+02:00,109.52127780903609,109.52127780903609,-19.5212778090361,-19.5212778090361,295.1657561131471,7.8391671811223205,0.0,0.0,0.0,17.0,1006.6,,NO
2021-09-23 23:00:00+02:00,117.53803300849631,117.53803300849631,-27.53803300849632,-27.53803300849632,309.02058717906516,7.853766481624916,0.0,0.0,0.0,16.0,1006.4,,NO
2021-09-24 00:00:00+02:00,124.4068275968265,124.4068275968265,-34.406827596826496,-34.406827596826496,324.7304324891561,8.217257808672002,0.0,0.0,0.0,16.9,1006.2,,YES
2021-09-24 01:00:00+02:00,128.21878208114995,128.21878208114995,-38.21878208114996,-38.21878208114996,342.6660126631042,7.8829519442952005,0.0,0.0,0.0,16.5,1006.0,,NO
2021-09-24 02:00:00+02:00,129.50809365418797,129.50809365418797,-39.50809365418799,-39.50809365418799,1.8995588895826359,7.897538051540323,0.0,0.0,0.0,16.4,1005.8,,NO
2021-09-24 03:00:00+02:00,127.64434401882247,127.64434401882247,-37.64434401882246,-37.64434401882246,20.97837175676881,7.91211970655786,0.0,0.0,0.0,16.1,1005.7,,NO
2021-09-24 04:00:00+02:00,122.96506421903285,122.96506421903285,-32.965064219032854,-32.965064219032854,38.480100990526694,7.92669688166643,0.0,0.0,0.0,15.7,1005.7,,NO
2021-09-24 05:00:00+02:00,116.15831078161749,116.15831078161749,-26.15831078161749,-26.15831078161749,53.87995748228093,7.941269549763092,0.0,0.0,0.0,15.3,1005.9,,NO
2021-09-24 06:00:00+02:00,107.93813125251327,107.93813125251327,-17.93813125251327,-17.93813125251327,67.44251054752624,7.955837683774007,0.0,0.0,0.0,15.2,1006.0,,NO
2021-09-24 07:00:00+02:00,98.89426900815988,98.89426900815988,-8.894269008159888,-8.894269008159888,79.76520131964566,7.9704012561596755,3.656388533,0.0,3.645944409,15.4,1006.0,,NO
2021-09-24 08:00:00+02:00,89.08325195597743,89.49522112309764,0.9167480440225624,0.5047788769023686,91.50393955788451,7.984960239842621,43.11522381,0.085380271,43.66247245,16.2,1006.1,,NO
2021-09-24 09:00:00+02:00,80.05676194173671,80.14719969021485,9.943238058263283,9.852800309785156,103.30036942322909,7.999514607843594,167.6438073,76.8750821,142.0585413,16.9,1006.4,,NO
2021-09-24 10:00:00+02:00,71.21428899477472,71.26269868132516,18.785711005225284,18.737301318674835,115.79269140350459,8.014064332626731,162.6147279,34.7650948,149.1975901,17.9,1006.1,,NO
2021-09-24 11:00:00+02:00,63.29410849439462,63.327141399033124,26.705891505605376,26.672858600966872,129.61684345227496,8.028609387241886,454.4570796,409.2539078,232.8383806,19.7,1005.8,,NO
2021-09-24 12:00:00+02:00,56.922680719993245,56.94827917863136,33.077319280006755,33.05172082136864,145.30381497714473,8.043149744753464,484.5610979,396.4567188,248.5569062,19.2,1005.4,,NO
2021-09-24 13:00:00+02:00,52.81138491467836,52.83338801803656,37.18861508532164,37.16661198196344,162.97320277275514,8.05768537775657,335.755479,151.1110381,247.8940073,19.9,1005.0,,NO
2021-09-24 14:00:00+02:00,51.582989065092875,51.60404557525857,38.417010934907125,38.39595442474143,181.92574069311345,8.072216259322886,193.4233242,0.4006305,196.0403782,19.8,1004.7,,NO
2021-09-24 15:00:00+02:00,53.45788861134525,53.48041126264625,36.54211138865475,36.51958873735375,200.7112111517055,8.086742362578661,153.794525,1.019090153,155.4453686,19.4,1004.3,,NO
2021-09-24 16:00:00+02:00,58.10898792372271,58.13577098762916,31.891012076277292,31.86422901237084,217.98598082721577,8.101263660166296,92.26694978,0.169665922,93.51762992,19.5,1004.1,,NO
2021-09-24 17:00:00+02:00,64.87145360027901,64.90684063257683,25.12854639972099,25.093159367423166,233.24407138592207,8.115780125270248,71.29215977,0.026270852,72.53323381,18.7,1004.3,,NO
2021-09-24 18:00:00+02:00,73.0456458577771,73.09945049446051,16.9543541422229,16.90054950553948,246.72689998059718,8.130291731082252,48.26667722,0.0,49.83738537,17.7,1004.5,,NO
2021-09-24 19:00:00+02:00,82.02397715539949,82.13447898476981,7.976022844600511,7.865521015230186,259.0047116686677,8.144798450299277,3.187287976,0.0,3.549086515,17.3,1005.2,,NO
2021-09-24 20:00:00+02:00,91.54838537884982,91.54838537884982,-1.5483853788498139,-1.5483853788498139,270.71707382792835,8.159300256171264,0.0,0.0,0.0,17.3,1005.5,,NO
2021-09-24 21:00:00+02:00,100.93757257462974,100.93757257462974,-10.937572574629744,-10.937572574629744,282.5016899285352,8.173797121944517,0.0,0.0,0.0,17.1,1005.3,,NO
2021-09-24 22:00:00+02:00,109.89071145543171,109.89071145543171,-19.890711455431717,-19.890711455431717,295.0058699522356,8.18828902041787,0.0,0.0,0.0,15.9,1005.2,,NO
2021-09-24 23:00:00+02:00,117.92009713880373,117.92009713880373,-27.920097138803722,-27.920097138803722,308.89097929526724,8.202775924895832,0.0,0.0,0.0,16.0,1005.1,,NO
2021-09-25 00:00:00+02:00,124.8008830643958,124.8008830643958,-34.800883064395805,-34.800883064395805,324.65598560892624,8.563247354104533,0.0,0.0,0.0,14.2,1005.4,,YES
2021-09-25 01:00:00+02:00,128.61749197878774,128.61749197878774,-38.61749197878775,-38.61749197878775,342.68206555843733,8.231734644632525,0.0,0.0,0.0,12.8,1005.3,,NO
2021-09-25 02:00:00+02:00,129.89538930091834,129.89538930091834,-39.895389300918346,-39.895389300918346,2.023732471021276,8.246206406129204,0.0,0.0,0.0,11.6,1005.4,,NO
2021-09-25 03:00:00+02:00,128.0037160347728,128.0037160347728,-38.003716034772786,-38.003716034772786,21.197555081284918,8.260673066528398,0.0,0.0,0.0,12.2,1005.3,,NO
2021-09-25 04:00:00+02:00,123.28869400862067,123.28869400862067,-33.288694008620666,-33.288694008620666,38.75856846968878,8.275134598796285,0.0,0.0,0.0,11.6,1005.2,,NO
2021-09-25 05:00:00+02:00,116.4487226601777,116.4487226601777,-26.448722660177697,-26.448722660177697,54.18500267447956,8.289590976339241,0.0,0.0,0.0,11.7,1005.1,,NO
2021-09-25 06:00:00+02:00,108.20378032167359,108.20378032167359,-18.203780321673587,-18.203780321673587,67.75552226455875,8.30404217260002,0.0,0.0,0.0,11.8,1005.3,,NO
2021-09-25 07:00:00+02:00,99.14554841955554,99.14554841955554,-9.145548419555542,-9.145548419555542,80.07888006199778,8.31848816056663,10.19969235,0.037217041,10.29270633,14.0,1005.4,,NO
2021-09-25 08:00:00+02:00,89.29990441257705,89.74274832110501,0.7000955874229529,0.2572516788949819,91.81675053463323,8.332928913769138,135.545957,403.0485135,54.87221867,15.0,1005.8,,NO
2021-09-25 09:00:00+02:00,80.30887725648347,80.40149177172265,9.691122743516528,9.598508228277346,103.61217855448444,8.34736440566121,277.6438706,641.9315644,65.78961399,17.2,1006.1,,NO
2021-09-25 10:00:00+02:00,71.48503835684863,71.5341839177308,18.51496164315137,18.465816082269203,116.10104834361778,8.361794609358185,400.3609472,743.658873,66.17882278,18.9,1005.9,,NO
2021-09-25 11:00:00+02:00,63.59215454791572,63.62561281672173,26.40784545208428,26.374387183278273,129.91259581824977,8.3762194983683,504.8510876,809.8953544,67.17405986,20.2,1005.6,,NO
2021-09-25 12:00:00+02:00,57.254867068935575,57.28078970039625,32.745132931064425,32.71921029960375,145.5661887924564,8.390639046272554,567.3403499,842.3059241,64.47270207,21.6,1005.1,,NO
2021-09-25 13:00:00+02:00,53.177857448491366,53.20015317259126,36.822142551508634,36.79984682740874,163.16950414185294,8.405053226219025,585.0326721,859.1947984,61.02847089,21.8,1004.7,,NO
2021-09-25 14:00:00+02:00,51.97380268024524,51.995154806737496,38.02619731975476,38.004845193262504,182.02540935568854,8.419462011817814,543.4533045,817.544551,71.09191725,22.7,1004.2,,NO
2021-09-25 15:00:00+02:00,53.85642350121961,53.87927422591331,36.14357649878039,36.12072577408669,200.7085012648639,8.433865376679023,475.8064083,814.919655,60.893403,22.9,1003.6,,NO
2021-09-25 16:00:00+02:00,58.501086118001325,58.52827779929975,31.49891388199868,31.47172220070025,217.90265546032677,8.44826329402349,363.4639325,775.0525417,50.62024597,22.3,1003.6,,NO
2021-09-25 17:00:00+02:00,65.25072705061369,65.28672046140017,24.749272949386306,24.71327953859983,233.11005239830135,8.462655737464956,178.882443,406.9004773,56.93378119,19.9,1003.6,,NO
2021-09-25 18:00:00+02:00,73.41210787928404,73.46712248977722,16.58789212071596,16.53287751022278,246.56549647308952,8.477042680784507,33.44211074,0.129165024,36.6762636,18.6,1003.5,,NO
2021-09-25 19:00:00+02:00,82.37893565026603,82.49397791454842,7.621064349733965,7.506022085451583,258.8304269369709,8.491424097159324,4.00991359,0.049257848,4.742482406,17.5,1003.5,,NO
2021-09-25 20:00:00+02:00,91.90523042813285,91.90523042813285,-1.9052304281328478,-1.9052304281328478,270.53887606765136,8.505799960392324,0.0,0.0,0.0,17.0,1003.7,,NO
2021-09-25 21:00:00+02:00,101.29767875820014,101.29767875820014,-11.297678758200128,-11.297678758200128,282.3270055933878,8.520170244184555,0.0,0.0,0.0,15.8,1003.8,,NO
2021-09-25 22:00:00+02:00,110.25962193672402,110.25962193672402,-20.259621936724024,-20.259621936724024,294.8445633533133,8.534534921865998,0.0,0.0,0.0,16.1,1003.6,,NO
2021-09-25 23:00:00+02:00,118.30171571381493,118.30171571381493,-28.30171571381492,-28.30171571381492,308.7596956130624,8.548893967232289,0.0,0.0,0.0,16.7,1003.4,,NO
2021-09-26 00:00:00+02:00,125.194540239628,125.194540239628,-35.194540239628004,-35.194540239628004,324.57988493940996,8.905962902768806,0.0,0.0,0.0,17.1,1003.1,,YES
2021-09-26 01:00:00+02:00,129.01609725228838,129.01609725228838,-39.01609725228838,-39.01609725228838,342.6973435492748,8.577595055849088,0.0,0.0,0.0,16.4,1003.1,,NO
2021-09-26 02:00:00+02:00,130.28260348396128,130.28260348396128,-40.282603483961296,-40.282603483961296,2.148333108474617,8.5919370463198,0.0,0.0,0.0,16.6,1003.0,,NO
2021-09-26 03:00:00+02:00,128.36288142133984,128.36288142133984,-38.36288142133983,-38.36288142133983,21.417967105431444,8.60627329941417,0.0,0.0,0.0,16.1,1003.1,,NO
2021-09-26 04:00:00+02:00,123.6120250745551,123.6120250745551,-33.6120250745551,-33.6120250745551,39.0382824202303,8.620603788516746,0.0,0.0,0.0,16.2,1002.8,,NO
2021-09-26 05:00:00+02:00,116.73889604377007,116.73889604377007,-26.738896043770076,-26.738896043770076,54.49086729582501,8.634928487586876,0.0,0.0,0.0,15.8,1002.8,,NO
2021-09-26 06:00:00+02:00,108.46938585144719,108.46938585144719,-18.469385851447186,-18.469385851447186,68.06884397372983,8.649247370514786,0.0,0.0,0.0,16.5,1003.2,,NO
2021-09-26 07:00:00+02:00,99.39705082760617,99.39705082760617,-9.39705082760617,-9.39705082760617,80.39239840739327,8.663560410826904,8.767050597,0.004378475,8.829174664,17.2,1003.7,,NO
2021-09-26 08:00:00+02:00,89.51393538379288,89.99078216079464,0.48606461620711283,0.009217839205368632,92.12895381713071,8.677867582486215,103.2243724,204.0741714,61.61406128,18.9,1003.9,,NO
2021-09-26 09:00:00+02:00,80.56164909542034,80.65654710863636,9.438350904579664,9.343452891363636,103.92289899809248,8.692168859510275,244.1313021,486.5175796,83.61857539,20.2,1004.2,,NO
2021-09-26 10:00:00+02:00,71.75670944766745,71.80661348177037,18.24329055233256,18.193386518229637,116.4077508640969,8.706464215367305,385.0450303,672.7199089,85.11942845,21.7,1004.4,,NO
2021-09-26 11:00:00+02:00,63.89117587974199,63.92506968393777,26.108824120258006,26.07493031606223,130.20605309776653,8.720753624158533,469.8928983,658.1428697,117.8076349,22.4,1004.5,,NO
2021-09-26 12:00:00+02:00,57.58786764962802,57.61412103925995,32.41213235037198,32.38587896074005,145.82573195148086,8.73503705992698,513.6403881,518.4760716,206.7009668,21.7,1004.7,,NO
2021-09-26 13:00:00+02:00,53.54478184241361,53.56737550676923,36.45521815758639,36.43262449323077,163.3629570894691,8.749314496257284,202.8189325,4.093874513,203.2860596,21.2,1004.7,,NO
2021-09-26 14:00:00+02:00,52.36466549550362,52.38631838659812,37.63533450449638,37.61368161340188,182.12300875967543,8.763585907228844,210.3294858,5.640570953,209.3614488,20.9,1004.8,,NO
2021-09-26 15:00:00+02:00,54.25475925687586,54.27794407536642,35.74524074312414,35.72205592463358,200.70485500543958,8.777851266982907,147.5206913,0.262708525,149.4286273,20.2,1004.7,,NO
2021-09-26 16:00:00+02:00,58.892899718410874,58.920508726892464,31.107100281589123,31.079491273107536,217.8191618718907,8.79211054917323,131.0996996,8.492053067,129.666951,19.6,1004.4,,NO
2021-09-26 17:00:00+02:00,65.62967403285151,65.66629036035184,24.370325967148492,24.333709639648156,232.9760888001672,8.806363727904682,61.27417436,0.269276238,62.33827398,18.6,1004.5,,NO
2021-09-26 18:00:00+02:00,73.77815178238045,73.83442479999867,16.221848217619552,16.165575200001328,246.40402667100193,8.82061077740218,34.94273808,0.014230045,35.99026089,18.5,1004.7,,NO
2021-09-26 19:00:00+02:00,82.73307811055076,82.8530143445302,7.266921889449232,7.146985655469812,258.65579679072636,8.834851671334036,1.453037431,0.016419283,1.5870477,18.0,1004.9,,NO
2021-09-26 20:00:00+02:00,92.26151065162954,92.26151065162954,-2.2615106516295334,-2.2615106516295334,270.35998314903856,8.849086383925169,0.0,0.0,0.0,17.2,1005.0,,NO
2021-09-26 21:00:00+02:00,101.6571417506803,101.6571417506803,-11.657141750680289,-11.657141750680289,282.15123729989796,8.863314889389585,0.0,0.0,0.0,16.9,1005.1,,NO
2021-09-26 22:00:00+02:00,110.62787304295878,110.62787304295878,-20.627873042958782,-20.627873042958782,294.68178206832266,8.877537161526561,0.0,0.0,0.0,17.2,1005.3,,NO
2021-09-26 23:00:00+02:00,118.68275634804175,118.68275634804175,-28.68275634804175,-28.68275634804175,308.6266596818568,8.891753174553742,0.0,0.0,0.0,16.2,1005.0,,NO
2021-09-27 00:00:00+02:00,125.58767519202556,125.58767519202556,-35.58767519202555,-35.58767519202555,324.5020299108232,9.24504393521056,0.0,0.0,0.0,15.7,1005.0,,YES
2021-09-27 01:00:00+02:00,129.41449109240813,129.41449109240813,-39.41449109240814,-39.41449109240814,342.7117304133645,8.920166320003773,0.0,0.0,0.0,16.0,1005.0,,NO
2021-09-27 02:00:00+02:00,130.66964834722057,130.66964834722057,-40.66964834722058,-40.66964834722058,2.2732455580546684,8.934363400563598,0.0,0.0,0.0,15.5,1004.7,,NO
2021-09-27 03:00:00+02:00,128.7217713030767,128.7217713030767,-38.721771303076714,-38.721771303076714,21.639492340810307,8.948554118815082,0.0,0.0,0.0,15.5,1004.7,,NO
2021-09-27 04:00:00+02:00,123.93500739610863,123.93500739610863,-33.935007396108624,-33.935007396108624,39.31912083496553,8.962738448564778,0.0,0.0,0.0,14.9,1004.2,,NO
2021-09-27 05:00:00+02:00,117.02879754575454,117.02879754575454,-27.02879754575454,-27.02879754575454,54.79742556654702,8.976916364277713,0.0,0.0,0.0,14.7,1004.3,,NO
2021-09-27 06:00:00+02:00,108.73492622707292,108.73492622707292,-18.73492622707292,-18.73492622707292,68.38235060891856,8.991087840324326,0.0,0.0,0.0,15.2,1004.1,,NO
2021-09-27 07:00:00+02:00,99.64876056991605,99.64876056991605,-9.648760569916051,-9.648760569916051,80.70563326658595,9.005252850591205,5.603248553,0.027365471,5.944764342,15.6,1004.2,,NO
2021-09-27 08:00:00+02:00,89.72534282217818,90.23930715830754,0.2746571778218282,-0.23930715830754165,92.44042728470868,9.019411369576119,88.25889034,172.5305399,56.91956352,17.0,1004.0,,NO
2021-09-27 09:00:00+02:00,80.81504885146495,80.9123447535122,9.184951148535047,9.087655246487802,104.2324084034293,9.03356337166042,245.0985516,349.7810762,129.9219805,18.3,1003.8,,NO
2021-09-27 10:00:00+02:00,72.02926929747218,72.07995537585631,17.97073070252781,17.920044624143685,116.71267709456913,9.04770883092715,326.0879284,320.5131573,184.1259686,19.5,1003.7,,NO
2021-09-27 11:00:00+02:00,64.19112416270083,64.22546398486803,25.808875837299166,25.774536015131975,130.49709862414147,9.061847721768572,429.9025393,240.1166864,302.9848226,20.4,1003.6,,NO
2021-09-27 12:00:00+02:00,57.92161568888474,57.94820657531815,32.07838431111526,32.05179342468185,146.0823412930735,9.07598001875158,243.4650433,39.39095407,222.1546883,20.7,1003.3,,NO
2021-09-27 13:00:00+02:00,53.9120741917478,53.93497121579852,36.0879258082522,36.06502878420148,163.5534753153139,9.090105695897364,238.7690933,10.6539253,235.5228549,20.6,1003.5,,NO
2021-09-27 14:00:00+02:00,52.75547955896014,52.77743844894477,37.24452044103986,37.22256155105523,182.21845976531705,9.104224727776455,283.9690025,53.81036823,256.1722471,20.1,1003.4,,NO
2021-09-27 15:00:00+02:00,54.652785185138725,54.6763102212568,35.347214814861275,35.3236897787432,200.70019350064635,9.118337088922999,200.0018569,8.36507728,198.1383735,19.0,1004.2,,NO
2021-09-27 16:00:00+02:00,59.28430697315015,59.31234220343636,30.715693026849852,30.687657796563645,217.73542914139037,9.132442753456417,102.6131202,0.201409869,105.2907514,17.5,1003.9,,NO
2021-09-27 17:00:00+02:00,66.00816510864001,66.04542140360043,23.99183489135998,23.95457859639957,232.84212459214365,9.146541695994529,50.12762818,0.20031525,51.69723466,17.2,1003.8,,NO
2021-09-27 18:00:00+02:00,74.14364209981865,74.2012244887787,15.856357900181345,15.798775511221296,246.2424482215176,9.160633891147882,7.380144602,0.21016682,8.486173313,13.4,1006.4,,NO
2021-09-27 19:00:00+02:00,83.08623034291531,83.21145322636856,6.91376965708469,6.788546773631436,258.48078705048994,9.174719313075911,0.142769735,0.044879373,0.470071799,13.4,1007.5,,NO
2021-09-27 20:00:00+02:00,92.61708969777843,92.61708969777843,-2.617089697778418,-2.617089697778418,270.1803625910744,9.188797936407354,0.0,0.0,0.0,12.9,1008.2,,NO
2021-09-27 21:00:00+02:00,102.01582442480496,102.01582442480496,-12.015824424804961,-12.015824424804961,281.9743471548057,9.202869735887361,0.0,0.0,0.0,12.6,1009.2,,NO
2021-09-27 22:00:00+02:00,110.99532807209002,110.99532807209002,-20.995328072090025,-20.995328072090025,294.51747442464665,9.216934685693559,0.0,0.0,0.0,11.5,1009.9,,NO
2021-09-27 23:00:00+02:00,119.06308583979153,119.06308583979153,-29.06308583979153,-29.06308583979153,308.49179719595736,9.230992760541994,0.0,0.0,0.0,11.4,1010.4,,NO
2021-09-28 00:00:00+02:00,125.98016284923858,125.98016284923858,-35.980162849238575,-35.980162849238575,324.4223210928859,9.58013627255059,0.0,0.0,0.0,11.3,1010.8,,YES
2021-09-28 01:00:00+02:00,129.81256547904383,129.81256547904383,-39.81256547904381,-39.81256547904381,342.72510981580473,9.25908818392054,0.0,0.0,0.0,10.5,1011.3,,NO
2021-09-28 02:00:00+02:00,131.05643491954913,131.05643491954913,-41.05643491954912,-41.05643491954912,2.398353709795174,9.273125481518946,0.0,0.0,0.0,10.1,1011.5,,NO
2021-09-28 03:00:00+02:00,129.08031581546962,129.08031581546962,-39.08031581546962,-39.08031581546962,21.86201413606932,9.287155802725465,0.0,0.0,0.0,9.9,1011.4,,NO
2021-09-28 04:00:00+02:00,124.25758997610265,124.25758997610265,-34.25758997610266,-34.25758997610266,39.600960614242695,9.30117912193964,0.0,0.0,0.0,9.5,1011.8,,NO
2021-09-28 05:00:00+02:00,117.31839261598358,117.31839261598358,-27.31839261598358,-27.31839261598358,55.10455098611402,9.315195413986658,0.0,0.0,0.0,9.7,1012.2,,NO
2021-09-28 06:00:00+02:00,109.00037832047015,109.00037832047015,-19.000378320470144,-19.000378320470144,68.69591680107692,9.32920465371717,0.0,0.0,0.0,8.0,1012.3,,NO
2021-09-28 07:00:00+02:00,99.90066003812825,99.90066003812825,-9.900660038128258,-9.900660038128258,81.01846162284386,9.343206815505255,3.945018256,0.102894172,4.28485107,10.5,1012.6,,NO
2021-09-28 08:00:00+02:00,89.93442439011143,90.48830543908463,0.0655756098885632,-0.4883054390846289,92.75104926947824,9.357201874296152,118.3128466,338.630194,41.01887396,11.9,1012.8,,NO
2021-09-28 09:00:00+02:00,81.06904441607145,81.16886096005283,8.930955583928554,8.831139039947177,104.5405853636911,9.371189804958703,236.2350851,439.758746,89.99431294,13.9,1012.8,,NO
2021-09-28 10:00:00+02:00,72.30268178665368,72.35417450032236,17.69731821334632,17.645825499677645,117.01570680353922,9.385170582016144,332.8636193,398.7050659,157.3763063,14.9,1012.6,,NO
2021-09-28 11:00:00+02:00,64.49194786501866,64.52674450760443,25.508052134981348,25.473255492395563,130.78561826798386,9.399144180359144,357.5182838,210.7349271,246.9547523,15.7,1012.1,,NO
2021-09-28 12:00:00+02:00,58.256041434099046,58.28297671115914,31.743958565900957,31.717023288840867,146.33591706580034,9.413110575038445,298.0698315,40.9836245,275.9037108,16.3,1011.4,,NO
2021-09-28 13:00:00+02:00,54.279648132409875,54.302854035734,35.720351867590125,35.697145964266,163.74097642979575,9.427069740497245,401.1798645,180.8485485,293.8641857,16.4,1010.8,,NO
2021-09-28 14:00:00+02:00,53.14614512129294,53.16841533024971,36.85385487870706,36.83158466975029,182.3116873137941,9.441021651829942,475.5758754,362.515872,267.8742802,16.0,1010.4,,NO
2021-09-28 15:00:00+02:00,55.05038945133389,55.07426093243866,34.94961054866611,34.92573906756134,200.6944418333595,9.454966284058173,292.3534796,74.10131792,258.5848084,16.0,1009.8,,NO
2021-09-28 16:00:00+02:00,59.675185496417114,59.70365603038188,30.324814503582886,30.29634396961812,217.65138976183346,9.468903611719725,212.4827748,59.56368492,193.7726594,15.5,1009.4,,NO
2021-09-28 17:00:00+02:00,66.38607049153902,66.42398433409883,23.613929508460984,23.57601566590117,232.7081065887748,9.482833610018133,129.0558056,31.58632164,122.8398024,14.5,1009.3,,NO
2021-09-28 18:00:00+02:00,74.50844301315851,74.56738843514022,15.49155698684149,15.432611564859789,246.08072124824741,9.496756253916828,47.25925442,0.103988791,49.43573612,13.4,1008.9,,NO
2021-09-28 19:00:00+02:00,83.43821238914502,83.56915937863683,6.561787610854973,6.430840621363168,258.3053659420521,9.51067151818279,2.265774233,0.083191033,2.624937798,12.8,1008.7,,NO
2021-09-28 20:00:00+02:00,92.97183105560029,92.97183105560029,-2.9718310556002967,-2.9718310556002967,269.9999844095398,9.524579377914051,0.0,0.0,0.0,12.2,1008.5,,NO
2021-09-28 21:00:00+02:00,102.37358937209726,102.37358937209726,-12.373589372097255,-12.373589372097255,281.79629988871795,9.538479808288685,0.0,0.0,0.0,11.4,1008.1,,NO
2021-09-28 22:00:00+02:00,111.36184980803047,111.36184980803047,-21.361849808030467,-21.361849808030467,294.35159136443417,9.552372784059116,0.0,0.0,0.0,11.5,1007.6,,NO
2021-09-28 23:00:00+02:00,119.4425701458614,119.4425701458614,-29.442570145861392,-29.442570145861392,308.3550360390326,9.566258280370675,0.0,0.0,0.0,11.1,1007.3,,NO
2021-09-29 00:00:00+02:00,126.37187698464365,126.37187698464365,-36.371876984643656,-36.371876984643656,324.3406604145524,9.910892410076485,0.0,0.0,0.0,11.2,1006.9,,YES
2021-09-29 01:00:00+02:00,130.21021115170745,130.21021115170745,-40.210211151707455,-40.210211151707455,342.7373652509697,9.594006735300354,0.0,0.0,0.0,10.7,1006.4,,NO
2021-09-29 02:00:00+02:00,131.44287309853462,131.44287309853462,-41.44287309853463,-41.44287309853463,2.5235404654436593,9.607869644001767,0.0,0.0,0.0,10.5,1005.7,,NO
2021-09-29 03:00:00+02:00,129.43844410490658,129.43844410490658,-39.43844410490658,-39.43844410490658,22.085414538651662,9.621724973894743,0.0,0.0,0.0,10.8,1005.1,,NO
2021-09-29 04:00:00+02:00,124.57972084706557,124.57972084706557,-34.579720847065566,-34.579720847065566,39.883677454154,9.635572699833574,0.0,0.0,0.0,10.2,1004.9,,NO
2021-09-29 05:00:00+02:00,117.60764554599284,117.60764554599284,-27.607645545992842,-27.607645545992842,55.41211624983674,9.649412797214609,0.0,0.0,0.0,11.2,1004.5,,NO
2021-09-29 06:00:00+02:00,109.26571748826451,109.26571748826451,-19.265717488264517,-19.265717488264517,69.0094168210324,9.663245241437835,0.0,0.0,0.0,11.8,1004.2,,NO
2021-09-29 07:00:00+02:00,100.1527296745204,100.1527296745204,-10.152729674520403,-10.152729674520403,81.33076048775473,9.677070007335715,12.35298134,0.0,12.68305253,11.8,1004.4,,NO
2021-09-29 08:00:00+02:00,90.1419845503252,90.73775673246722,-0.14198455032520596,-0.737756732467223,93.06069852643691,9.6908870704101,26.32525577,0.321817943,26.92205161,11.7,1004.4,,NO
2021-09-29 09:00:00+02:00,81.323600096027,81.42606917935956,8.676399903973001,8.573930820640436,104.84730939757026,9.704696406111907,30.45692537,0.0,31.230895,12.4,1003.9,,NO
2021-09-29 10:00:00+02:00,72.57690764450926,72.62923265497969,17.423092355490734,17.370767345020305,117.31672138549442,9.718497989397292,119.9636603,17.29169403,110.4366603,13.7,1003.7,,NO
2021-09-29 11:00:00+02:00,64.79359226011768,64.82885685409633,25.20640773988232,25.171143145903677,131.0715004143035,9.732291795840865,176.4090037,53.91983012,143.21195,12.6,1004.7,,NO
2021-09-29 12:00:00+02:00,58.59107217103634,58.61835888953308,31.408927828963662,31.381641110466923,146.5863628686535,9.746077800878993,223.4612111,1.789701826,225.1208502,13.5,1005.2,,NO
2021-09-29 13:00:00+02:00,54.647414853026504,54.670935255371674,35.352585146973496,35.329064744628326,163.9253818611054,9.759855979638814,292.7620112,80.88904943,236.4167911,13.0,1005.9,,NO
2021-09-29 14:00:00+02:00,53.53656063167209,53.55914756503662,36.46343936832791,36.44085243496338,182.4026203307334,9.77362630769494,326.3493639,365.9836245,127.2606099,9.7,1007.1,,NO
2021-09-29 15:00:00+02:00,55.44745906069671,55.47168331750476,34.55254093930329,34.52831668249524,200.68752898516288,9.787388760643807,258.6554959,278.8804238,114.2461079,12.3,1007.7,,NO
2021-09-29 16:00:00+02:00,60.06541224638606,60.09432735526337,29.934587753613943,29.905672644736633,217.56697964195925,9.80114331362347,341.5089139,577.1585884,114.2985356,13.3,1008.0,,NO
2021-09-29 17:00:00+02:00,66.76326003393892,66.80184955065874,23.236739966061077,23.198150449341256,232.57398447415986,9.814889942317677,72.57708739,7.976487587,73.13215327,12.4,1008.9,,NO
2021-09-29 18:00:00+02:00,74.87241834103465,74.93278333419937,15.127581658965356,15.067216665800624,245.91880843975093,9.828628622337419,29.04220709,0.078812558,30.55200114,11.0,1010.0,,NO
2021-09-29 19:00:00+02:00,83.78883755985447,83.92599750091162,6.2111624401455305,6.074002499088382,258.1295042079959,9.842359329046303,0.788632821,0.0,1.039667306,10.7,1010.9,,NO
2021-09-29 20:00:00+02:00,93.32559807645004,93.32559807645004,-3.32559807645003,-3.32559807645003,269.8188212477971,9.856082038026216,0.0,0.0,0.0,10.0,1011.7,,NO
2021-09-29 21:00:00+02:00,102.73029893124423,102.73029893124423,-12.730298931244235,-12.730298931244235,281.61706301635274,9.869796725110064,0.0,0.0,0.0,9.7,1012.3,,NO
2021-09-29 22:00:00+02:00,111.72730054573086,111.72730054573086,-21.72730054573085,-21.72730054573085,294.18408663720993,9.883503365606884,0.0,0.0,0.0,9.3,1012.7,,NO
2021-09-29 23:00:00+02:00,119.82107439653869,119.82107439653869,-29.821074396538688,-29.821074396538688,308.21630651225473,9.897201935298654,0.0,0.0,0.0,8.9,1012.9,,NO
2021-09-30 00:00:00+02:00,126.76269022819929,126.76269022819929,-36.76269022819928,-36.76269022819928,324.25695161032127,10.23697254538638,0.0,0.0,0.0,8.5,1013.3,,YES
2021-09-30 01:00:00+02:00,130.60731756730638,130.60731756730638,-40.607317567306374,-40.607317567306374,342.74838020161087,9.92457476528216,0.0,0.0,0.0,8.0,1013.6,,NO
2021-09-30 02:00:00+02:00,131.82887158669604,131.82887158669604,-41.82887158669603,-41.82887158669603,2.6486878235962195,9.938248976839532,0.0,0.0,0.0,8.5,1014.0,,NO
2021-09-30 03:00:00+02:00,129.79608424862414,129.79608424862414,-39.796084248624126,-39.796084248624126,22.309574343796157,9.951915020661545,0.0,0.0,0.0,7.7,1014.2,,NO
2021-09-30 04:00:00+02:00,124.90134697399483,124.90134697399483,-34.90134697399484,-34.90134697399484,40.16714588783162,9.965572872217308,0.0,0.0,0.0,6.9,1014.5,,NO
2021-09-30 05:00:00+02:00,117.89651935197122,117.89651935197122,-27.896519351971225,-27.896519351971225,55.71999329800599,9.979222507499799,0.0,0.0,0.0,6.5,1014.9,,NO
2021-09-30 06:00:00+02:00,109.53091744042827,109.53091744042827,-19.53091744042827,-19.53091744042827,69.32272463281447,9.992863902520185,0.0,0.0,0.0,7.4,1015.0,,NO
2021-09-30 07:00:00+02:00,100.40494782949412,100.40494782949412,-10.404947829494123,-10.404947829494123,81.64240696437497,10.00649703282761,5.150217316,0.128070406,5.447145802,9.0,1015.2,,NO
2021-09-30 08:00:00+02:00,90.98763822485756,90.98763822485756,-0.9876382248575608,-0.9876382248575608,93.3692543104703,10.020121874487813,104.4530574,371.8387408,45.17754319,10.7,1015.5,,NO
2021-09-30 09:00:00+02:00,81.57867638353811,81.68393991849848,8.421323616461885,8.316060081501526,105.15246104156705,10.033738403632015,246.2932438,592.0158501,72.45414801,12.3,1015.6,,NO
2021-09-30 10:00:00+02:00,72.85190431989115,72.90508841232744,17.148095680108856,17.094911587672552,117.61560396749434,10.04734659586029,340.0385711,462.1371338,150.6522357,14.4,1015.5,,NO
2021-09-30 11:00:00+02:00,65.09599932206933,65.13174333555747,24.90400067793066,24.86825666444253,131.35463607505926,10.060946427354793,392.4653482,396.7314681,182.3016635,14.4,1015.2,,NO
2021-09-30 12:00:00+02:00,58.92663214227184,58.95427751153545,31.073367857728154,31.045722488464552,146.83358576285104,10.074537874294037,416.5192673,0.917290599,424.9120282,14.9,1014.9,,NO
2021-09-30 13:00:00+02:00,55.01528303507178,55.03912365611682,34.98471696492822,34.96087634388318,164.10661696211696,10.088120912434533,424.3851998,1.03113096,437.3364968,15.0,1014.4,,NO
2021-09-30 14:00:00+02:00,53.92662269587872,53.94953184372235,36.07337730412128,36.05046815627765,182.49119184898024,10.101695518049382,407.9827497,93.6194667,365.7354091,14.7,1013.9,,NO
2021-09-30 15:00:00+02:00,55.84387983595817,55.868463302065656,34.15612016404183,34.131536697934344,200.67938799006748,10.115261667313462,181.8608298,2.816454311,184.7515462,15.0,1013.3,,NO
2021-09-30 16:00:00+02:00,60.45486353053151,60.484232676694994,29.54513646946849,29.515767323305006,217.48213831041716,10.128819336154265,173.7643644,0.905249792,177.3343641,14.2,1013.0,,NO
2021-09-30 17:00:00+02:00,67.13960326262536,67.1788871437027,22.860396737374643,22.821112856297308,232.4397110402223,10.142368500895827,77.55672268,0.184990586,79.48389849,13.4,1012.5,,NO
2021-09-30 18:00:00+02:00,75.23543158978516,75.29727576152695,14.76456841021484,14.702724238473053,245.75667530733097,10.155909137891285,22.32275879,0.003283857,23.01130305,11.8,1012.5,,NO
2021-09-30 19:00:00+02:00,84.13791134396617,84.28183226020056,5.862088656033828,5.718167739799448,257.9531753810045,10.169441223064496,0.476517167,0.021892377,0.543825976,11.2,1012.3,,NO
2021-09-30 20:00:00+02:00,93.67825407728141,93.67825407728141,-3.678254077281404,-3.678254077281404,269.63684867597385,10.182964732903201,0.0,0.0,0.0,10.4,1012.1,,NO
2021-09-30 21:00:00+02:00,103.08581529430016,103.08581529430016,-13.085815294300163,-13.085815294300163,281.43660717008873,10.196479643804196,0.0,0.0,0.0,11.2,1011.9,,NO
2021-09-30 22:00:00+02:00,112.09154218832029,112.09154218832029,-22.091542188320282,-22.091542188320282,294.0149171851722,10.209985931811389,0.0,0.0,0.0,10.4,1011.5,,NO
2021-09-30 23:00:00+02:00,120.19846295895064,120.19846295895064,-30.198462958950643,-30.198462958950643,308.07554176470876,10.223483573503472,0.0,0.0,0.0,10.2,1011.1,,NO
2021-10-01 00:00:00+02:00,127.15247410678128,127.15247410678128,-37.15247410678128,-37.15247410678128,324.1711008565083,10.558046142905368,0.0,0.0,0.0,9.5,1010.8,,YES
2021-10-01 01:00:00+02:00,131.00377284648744,131.00377284648744,-41.00377284648743,-41.00377284648743,342.7580385356671,10.250452823624073,0.0,0.0,0.0,9.8,1010.2,,NO
2021-10-01 02:00:00+02:00,132.21433777780098,132.21433777780098,-42.214337777800985,-42.214337777800985,2.7736772020740545,10.26392438482435,0.0,0.0,0.0,9.6,1009.5,,NO
2021-10-01 03:00:00+02:00,130.15316309021546,130.15316309021546,-40.15316309021547,-40.15316309021547,22.534373344497226,10.277387205649575,0.0,0.0,0.0,8.8,1009.1,,NO
2021-10-01 04:00:00+02:00,125.22241404676059,125.22241404676059,-35.22241404676059,-35.22241404676059,40.45123949396532,10.290841262343747,0.0,0.0,0.0,8.5,1008.9,,NO
2021-10-01 05:00:00+02:00,118.18497553302046,118.18497553302046,-28.184975533020467,-28.184975533020467,56.02805349922488,10.304286531641992,0.0,0.0,0.0,9.1,1008.4,,NO
2021-10-01 06:00:00+02:00,109.79594997475166,109.79594997475166,-19.79594997475167,-19.79594997475167,69.63571406278533,10.31772299029035,0.0,0.0,0.0,9.0,1008.1,,NO
2021-10-01 07:00:00+02:00,100.65729048371733,100.65729048371733,-10.65729048371734,-10.65729048371734,81.95327841304544,10.331150614641956,4.828212849,0.078812557,5.319186749,9.3,1008.1,,NO
2021-10-01 08:00:00+02:00,91.23792428164141,91.23792428164141,-1.2379242816414127,-1.2379242816414127,93.67659654933414,10.344569381522888,81.2032224,282.4499759,37.57641999,12.2,1008.1,,NO
2021-10-01 09:00:00+02:00,81.83422958678757,81.94244046968578,8.165770413212433,8.057559530314228,105.4559220456801,10.3579792677956,237.6009773,618.2746618,59.06287766,13.5,1007.7,,NO
2021-10-01 10:00:00+02:00,73.12762572870642,73.18169686731727,16.872374271293584,16.818303132682736,117.91223963351018,10.371380249896902,299.4524111,529.936731,78.09856402,14.0,1007.0,,NO
2021-10-01 11:00:00+02:00,65.39910751014799,65.4353427567454,24.600892489852008,24.564657243254594,131.63491913908615,10.3847723047802,488.8169957,815.6180218,76.26004123,14.5,1006.4,,NO
2021-10-01 12:00:00+02:00,59.262642377855954,59.29065376688318,30.737357622144046,30.709346233116815,147.07749653363663,10.39815540937343,557.730896,808.1089365,102.3183692,16.6,1005.5,,NO
2021-10-01 13:00:00+02:00,55.38315872988801,55.40732538864896,34.61684127011199,34.59267461135104,164.28461129203856,10.411529540284391,524.6559075,633.4132405,158.9135921,18.6,1004.6,,NO
2021-10-01 14:00:00+02:00,54.31622600173613,54.33946293771387,35.68377399826387,35.66053706228613,182.57733931559773,10.424894674528332,308.6817637,131.2075835,238.6836212,18.8,1004.3,,NO
2021-10-01 15:00:00+02:00,56.23953639499611,56.26448560606141,33.76046360500389,33.73551439393859,200.66995628311201,10.438250789193262,355.9675943,235.1591576,242.162508,18.0,1003.8,,NO
2021-10-01 16:00:00+02:00,60.84341503649527,60.87324787489512,29.156584963504724,29.12675212510488,217.39680929475102,10.451597860916081,159.9107557,15.69355051,158.6674486,16.9,1003.6,,NO
2021-10-01 17:00:00+02:00,67.5149694596182,67.55496697632447,22.485030540381796,22.44503302367553,232.30524258349737,10.464935866893939,86.86456773,1.26975787,89.20167768,15.5,1003.4,,NO
2021-10-01 18:00:00+02:00,75.59734605916685,75.66073229400672,14.40265394083315,14.339267705993283,245.5942905853567,10.478264784225757,18.24238741,0.014230045,19.00191939,14.4,1003.4,,NO
2021-10-01 19:00:00+02:00,84.48523014372152,84.63652844163236,5.5147698562784795,5.363471558367637,257.77635619221815,10.491584589781269,0.114957449,0.0,0.18216393,14.4,1003.3,,NO
2021-10-01 20:00:00+02:00,94.0296625065929,94.0296625065929,-4.029662506592905,-4.029662506592905,269.45404561716094,10.504895260779449,0.0,0.0,0.0,13.8,1003.0,,NO
2021-10-01 21:00:00+02:00,103.44000067713257,103.44000067713257,-13.440000677132579,-13.440000677132579,281.2549065679293,10.518196774468379,0.0,0.0,0.0,14.2,1003.1,,NO
2021-10-01 22:00:00+02:00,112.45443640111706,112.45443640111706,-22.454436401117064,-22.454436401117064,293.8440436714231,10.531489107816014,0.0,0.0,0.0,12.8,1003.1,,NO
2021-10-01 23:00:00+02:00,120.5745995501782,120.5745995501782,-30.574599550178206,-30.574599550178206,307.9326783931898,10.544772238183214,0.0,0.0,0.0,12.2,1002.9,,NO
2021-10-02 00:00:00+02:00,127.54109915387421,127.54109915387421,-37.541099153874214,-37.541099153874214,324.0830174551743,10.873793681974348,0.0,0.0,0.0,11.7,1002.7,,YES
2021-10-02 01:00:00+02:00,131.3994637220097,131.3994637220097,-41.399463722009706,-41.399463722009706,342.7662251067769,10.571310799052299,0.0,0.0,0.0,11.9,1002.5,,NO
2021-10-02 02:00:00+02:00,132.5991776145805,132.5991776145805,-42.599177614580505,-42.599177614580505,2.8983899380690445,10.58456618407945,0.0,0.0,0.0,12.2,1002.0,,NO
2021-10-02 03:00:00+02:00,130.509606021676,130.509606021676,-40.50960602167602,-40.50960602167602,22.759690738316465,10.597812275515025,0.0,0.0,0.0,12.1,1001.8,,NO
2021-10-02 04:00:00+02:00,125.54286620181304,125.54286620181304,-35.54286620181304,-35.54286620181304,40.73583123492688,10.61104905049433,0.0,0.0,0.0,12.4,1001.7,,NO
2021-10-02 05:00:00+02:00,118.4729737502301,118.4729737502301,-28.472973750230103,-28.472973750230103,56.33616793969054,10.624276486563758,0.0,0.0,0.0,12.2,1001.4,,NO
2021-10-02 06:00:00+02:00,110.06078463070338,110.06078463070338,-20.06078463070338,-20.06078463070338,69.94825905827804,10.637494561433414,0.0,0.0,0.0,12.0,1001.5,,NO
2021-10-02 07:00:00+02:00,100.90973089279765,100.90973089279765,-10.909730892797656,-10.909730892797656,82.26325269732331,10.650703252278618,2.275663046,0.0,2.377905737,12.3,1001.5,,NO
2021-10-02 08:00:00+02:00,91.48858609399814,91.48858609399814,-1.4885860939981301,-1.4885860939981301,93.98260609803447,10.663902536820387,31.27275243,0.0,32.24568138,13.4,1001.5,,NO
2021-10-02 09:00:00+02:00,82.09021138421211,82.20153457529119,7.909788615787886,7.798465424708802,105.7575756487197,10.67709239283431,71.95903659,1.253338588,73.51336461,14.6,1000.7,,NO
2021-10-02 10:00:00+02:00,73.40402194919385,73.45900933474607,16.595978050806156,16.540990665253936,118.20651573166845,10.690272797623038,118.0112378,3.922019353,119.6976967,16.3,999.9,,NO
2021-10-02 11:00:00+02:00,65.70285151538639,65.73959016209994,24.29714848461361,24.260409837900053,131.91224671040226,10.703443729074934,135.3036811,0.308682517,138.4872396,16.2,999.7,,NO
2021-10-02 12:00:00+02:00,59.599020501666445,59.62740543979672,30.400979498333555,30.37259456020328,147.31801005507793,10.716605165074725,186.5258773,29.50107273,175.6522357,16.1,999.1,,NO
2021-10-02 13:00:00+02:00,55.75094523230552,55.775443846142856,34.24905476769448,34.224556153857144,164.45929899883583,10.729757083034201,301.3430285,154.1847279,218.7806569,16.9,997.8,,NO
2021-10-02 14:00:00+02:00,54.70526326109975,54.72883364104396,35.29473673890025,35.27116635895604,182.66100500010583,10.742899460921763,308.5130359,92.6441613,265.5274757,17.0,997.2,,NO
2021-10-02 15:00:00+02:00,56.634312160839634,56.65963375342183,33.365687839160366,33.34036624657817,200.6591761223486,10.756032276724,270.6673132,66.41271509,246.3887112,16.9,995.8,,NO
2021-10-02 16:00:00+02:00,61.23094190815826,61.26124828742595,28.76905809184174,28.73875171257405,217.31094056015417,10.769155508041877,139.7449942,3.33311441,143.7175659,16.8,994.7,,NO
2021-10-02 17:00:00+02:00,67.88922779651506,67.92995881891392,22.110772203484935,22.07004118108609,232.17053934764078,10.782269132945657,83.00978489,0.257235431,86.20174877,16.3,994.0,,NO
2021-10-02 18:00:00+02:00,75.95802501082771,76.02301969508157,14.041974989172292,13.97698030491843,245.43162667439816,10.795373129549262,18.042757,0.0,18.86151987,16.8,992.9,,NO
2021-10-02 19:00:00+02:00,84.83057978702305,84.98995116605299,5.169420212976946,5.010048833947013,257.5990270121007,10.808467475548241,0.005562457,0.0,0.013329068,17.1,992.0,,NO
2021-10-02 20:00:00+02:00,94.3796871814508,94.3796871814508,-4.379687181450811,-4.379687181450811,269.270394803108,10.82155214913655,0.0,0.0,0.0,18.5,991.0,,NO
2021-10-02 21:00:00+02:00,103.79271755999451,103.79271755999451,-13.792717559994509,-13.792717559994509,281.0719395058088,10.83462712853725,0.0,0.0,0.0,18.1,990.2,,NO
2021-10-02 22:00:00+02:00,112.8158448374835,112.8158448374835,-22.81584483748349,-22.81584483748349,293.6714310358011,10.84769239160596,0.0,0.0,0.0,18.7,989.8,,NO
2021-10-02 23:00:00+02:00,120.94934742102066,120.94934742102066,-30.94934742102067,-30.94934742102067,307.78765707530283,10.860747916638502,0.0,0.0,0.0,18.6,989.3,,NO
2021-10-03 00:00:00+02:00,127.92843516679855,127.92843516679855,-37.92843516679854,-37.92843516679854,323.9926143806116,11.18390814949089,0.0,0.0,0.0,19.2,988.9,,YES
2021-10-03 01:00:00+02:00,131.79427555110124,131.79427555110124,-41.794275551101244,-41.794275551101244,342.77282640949477,10.886829665596451,0.0,0.0,0.0,19.4,989.2,,NO
2021-10-03 02:00:00+02:00,132.98329550497255,132.98329550497255,-42.983295504972546,-42.983295504972546,3.0227078652286536,10.899855845924321,0.0,0.0,0.0,19.0,989.3,,NO
2021-10-03 03:00:00+02:00,130.86533681803473,130.86533681803473,-40.86533681803474,-40.86533681803474,22.985405608601127,10.912872201406572,0.0,0.0,0.0,18.5,988.6,,NO
2021-10-03 04:00:00+02:00,125.86264579643588,125.86264579643588,-35.86264579643588,-35.86264579643588,41.02079385923042,10.925878710138932,0.0,0.0,0.0,19.7,987.7,,NO
2021-10-03 05:00:00+02:00,118.7604715595366,118.7604715595366,-28.760471559536597,-28.760471559536597,56.64420777548048,10.93887535068643,0.0,0.0,0.0,19.8,987.6,,NO
2021-10-03 06:00:00+02:00,110.3253883996704,110.3253883996704,-20.3253883996704,-20.3253883996704,70.26023401043915,10.951862101657753,0.0,0.0,0.0,20.1,987.3,,NO
2021-10-03 07:00:00+02:00,101.16223929179502,101.16223929179502,-11.162239291795023,-11.162239291795023,82.57220849728913,10.964838941214111,0.170582021,0.0,0.215930902,20.2,987.7,,NO
2021-10-03 08:00:00+02:00,91.73959139545788,91.73959139545788,-1.7395913954578825,-1.7395913954578825,94.2871650581535,10.977805848047865,5.880753362,0.0,6.294874529,20.0,988.1,,NO
2021-10-03 09:00:00+02:00,82.34656844226215,82.46118217182307,7.653431557737848,7.538817828176933,106.05730691861555,10.990762800909579,13.26460627,0.120408074,14.84147295,19.4,988.4,,NO
2021-10-03 10:00:00+02:00,73.68103900972291,73.73697313946802,16.318960990277095,16.263026860531983,118.49832223964131,11.003709778055054,31.10217041,0.051447086,33.11384801,19.7,988.0,,NO
2021-10-03 11:00:00+02:00,66.00716211193355,66.04441668676486,23.992837888066447,23.955583313235135,132.18651949607306,11.016646758343995,44.18136143,0.0,46.64018625,20.1,988.5,,NO
2021-10-03 12:00:00+02:00,59.93568065685692,59.96444683405166,30.06431934314308,30.035553165948347,147.5550456796489,11.029573720610642,50.44592434,0.00985157,53.19542191,20.3,988.4,,NO
2021-10-03 13:00:00+02:00,56.118543080682926,56.1433796639834,33.881456919317074,33.8566203360166,164.63061920168343,11.042490643249039,68.06531655,0.006567713,71.92276249,21.6,988.8,,NO
2021-10-03 14:00:00+02:00,55.09362528095281,55.11753484119087,34.90637471904719,34.88246515880913,182.742136359968,11.05539750524622,40.9860388,0.033933184,43.33191157,20.0,989.5,,NO
2021-10-03 15:00:00+02:00,57.02808949751141,57.05379020765229,32.97191050248859,32.94620979234771,200.6469949424781,11.068294285545562,49.47249433,0.141205832,52.81598777,19.3,991.5,,NO
2021-10-03 16:00:00+02:00,61.61731893942192,61.64810890275057,28.382681060578083,28.35189109724943,217.22448485316778,11.081180962712097,57.70925734,0.07662332,61.47277316,18.7,992.4,,NO
2021-10-03 17:00:00+02:00,68.26224757803146,68.3037325931684,21.737752421968533,21.696267406831595,232.03556585557692,11.094057515769236,17.02297318,0.494767722,19.56618327,13.2,995.9,,NO
2021-10-03 18:00:00+02:00,76.31733192930076,76.38400519452073,13.682668070699235,13.61599480547927,245.26865995253257,11.106923923831346,8.53033714,0.064582512,10.17718774,12.6,997.4,,NO
2021-10-03 19:00:00+02:00,85.1737337825594,85.34196620079182,4.826266217440602,4.658033799208182,257.42117215699574,11.119780165601696,0.506183605,0.0,0.591810621,12.5,999.1,,NO
2021-10-03 20:00:00+02:00,94.72819262067,94.72819262067,-4.728192620670002,-4.728192620670002,269.08588309251223,11.132626220201928,0.0,0.0,0.0,12.2,1000.2,,NO
2021-10-03 21:00:00+02:00,104.1438290304954,104.1438290304954,-14.143829030495391,-14.143829030495391,280.88768870743934,11.1454620668992,0.0,0.0,0.0,11.8,1001.5,,NO
2021-10-03 22:00:00+02:00,113.17562947725895,113.17562947725895,-23.175629477258948,-23.175629477258948,293.4970489033724,11.15828768449137,0.0,0.0,0.0,11.2,1001.6,,NO
2021-10-03 23:00:00+02:00,121.32256966804097,121.32256966804097,-31.322569668040973,-31.322569668040973,307.64042305593665,11.171103052231047,0.0,0.0,0.0,11.4,1002.0,,NO
2021-10-04 00:00:00+02:00,128.31435163177147,128.31435163177147,-38.31435163177147,-38.31435163177147,323.8998085375483,11.488095877528394,0.0,0.0,0.0,11.2,1002.5,,YES
2021-10-04 01:00:00+02:00,132.18809249812386,132.18809249812386,-42.18809249812385,-42.18809249812385,342.7777311295615,11.196702955203364,0.0,0.0,0.0,10.8,1003.2,,NO
2021-10-04 02:00:00+02:00,133.366594427101,133.366594427101,-43.366594427101,-43.366594427101,3.146513817187042,11.209487448748405,0.0,0.0,0.0,10.5,1003.3,,NO
2021-10-04 03:00:00+02:00,131.22027767434716,131.22027767434716,-41.22027767434715,-41.22027767434715,23.21139737889314,11.222261609636917,0.0,0.0,0.0,10.6,1003.3,,NO
2021-10-04 04:00:00+02:00,126.18169339071055,126.18169339071055,-36.18169339071055,-36.18169339071055,41.30600032256223,11.235025416866847,0.0,0.0,0.0,10.8,1004.1,,NO
2021-10-04 05:00:00+02:00,119.04742435652551,119.04742435652551,-29.04742435652551,-29.04742435652551,56.95204462799313,11.247778850000032,0.0,0.0,0.0,11.1,1003.9,,NO
2021-10-04 06:00:00+02:00,110.58972565418696,110.58972565418696,-20.58972565418697,-20.58972565418697,70.57151412923281,11.260521888591029,0.0,0.0,0.0,11.4,1004.6,,NO
2021-10-04 07:00:00+02:00,101.41478282749382,101.41478282749382,-11.41478282749382,-11.41478282749382,82.88002567656088,11.273254511859705,1.834992825,0.0,2.085554845,11.9,1005.4,,NO
2021-10-04 08:00:00+02:00,91.99090441353111,91.99090441353111,-1.990904413531109,-1.990904413531109,94.59015714989994,11.2859766994261,31.51873664,0.204693726,35.2082889,12.7,1006.0,,NO
2021-10-04 09:00:00+02:00,82.60324225725296,82.72133937823499,7.396757742747044,7.2786606217650105,106.35500313643638,11.298688430979382,93.63531425,0.84066728,104.5185541,14.0,1005.9,,NO
2021-10-04 10:00:00+02:00,73.9586189254072,74.01553165632026,16.041381074592813,15.984468343679735,118.78755216141053,11.311389685797621,215.8381726,64.49275362,212.8936518,14.6,1006.4,,NO
2021-10-04 11:00:00+02:00,66.3119662677761,66.34974966734039,23.688033732223897,23.650250332659613,132.45764218985119,11.324080443733692,233.8691866,105.4588642,201.3213549,16.3,1006.2,,NO
2021-10-04 12:00:00+02:00,60.2725336913865,60.30168895836198,29.727466308613504,29.69831104163802,147.78852757877405,11.3367606845095,396.9814454,248.3099085,286.5820715,17.5,1006.0,,NO
2021-10-04 13:00:00+02:00,56.4858503092735,56.51103097201077,33.5141496907265,33.48896902798923,164.7985162607638,11.349430387628672,420.2213916,301.5215202,274.1265017,17.6,1005.5,,NO
2021-10-04 14:00:00+02:00,55.481201265799186,55.50545582137761,34.518798734200814,34.49454417862239,182.8206862333723,11.36208953286041,532.9198647,683.2468584,168.2919244,17.0,1005.3,,NO
2021-10-04 15:00:00+02:00,57.420750046340274,57.44683670806744,32.579249953659726,32.55316329193256,200.633365483707,11.37473810024676,342.9749304,425.3831166,145.8582143,17.6,1005.1,,NO
2021-10-04 16:00:00+02:00,62.0024209356216,62.033704721617056,27.997579064378396,27.966295278382947,217.13739979535424,11.387376069284073,218.7417752,355.4216472,97.24354874,16.9,1004.9,,NO
2021-10-04 17:00:00+02:00,68.63389862208635,68.67615875294248,21.366101377913647,21.32384124705751,231.90029097847048,11.40000341994164,112.1162693,223.457682,57.49271344,14.1,1004.9,,NO
2021-10-04 18:00:00+02:00,76.6751309011462,76.74355688878029,13.32486909885379,13.256443111219713,245.10537083065293,11.412620132286975,19.98899897,0.067866369,23.65554134,12.7,1004.9,,NO
2021-10-04 19:00:00+02:00,85.51445125789624,85.69244037390848,4.485548742103758,4.307559626091514,257.24277993326893,11.425226185998326,0.179234732,0.07662332,0.3723253,12.5,1004.6,,NO
2021-10-04 20:00:00+02:00,95.07504446987444,95.07504446987444,-5.075044469874437,-5.075044469874437,268.9005015152028,11.437821561154124,0.0,0.0,0.0,11.9,1004.7,,NO
2021-10-04 21:00:00+02:00,104.49319922088404,104.49319922088404,-14.493199220884032,-14.493199220884032,280.7021413909954,11.450406237945572,0.0,0.0,0.0,11.3,1004.4,,NO
2021-10-04 22:00:00+02:00,113.53365307272449,113.53365307272449,-23.53365307272449,-23.53365307272449,293.3208716992434,11.462980196101853,0.0,0.0,0.0,11.2,1004.0,,NO
2021-10-04 23:00:00+02:00,121.69412967809987,121.69412967809987,-31.694129678099873,-31.694129678099873,307.49092633465966,11.475543415901484,0.0,0.0,0.0,10.7,1003.7,,NO
2021-10-05 00:00:00+02:00,128.69871817223498,128.69871817223498,-38.69871817223497,-38.69871817223497,323.8045206814901,11.786076431053516,0.0,0.0,0.0,10.9,1003.0,,YES
2021-10-05 01:00:00+02:00,132.58079792320987,132.58079792320987,-42.58079792320988,-42.58079792320988,342.78083043279764,11.500637560948235,0.0,0.0,0.0,10.6,1002.5,,NO
2021-10-05 02:00:00+02:00,133.74897627680969,133.74897627680969,-43.74897627680969,-43.74897627680969,3.2696919278491805,11.513168446468626,0.0,0.0,0.0,10.3,1001.8,,NO
2021-10-05 03:00:00+02:00,131.5743495114675,131.5743495114675,-41.574349511467496,-41.574349511467496,23.437546136407605,11.525688514462672,0.0,0.0,0.0,10.3,1000.8,,NO
2021-10-05 04:00:00+02:00,126.49994801274865,126.49994801274865,-36.499948012748646,-36.499948012748646,41.59132413944951,11.538197744943318,0.0,0.0,0.0,10.7,1000.0,,NO
2021-10-05 05:00:00+02:00,119.33378561237183,119.33378561237183,-29.333785612371834,-29.333785612371834,57.25955094749145,11.550696118301857,0.0,0.0,0.0,10.6,999.2,,NO
2021-10-05 06:00:00+02:00,110.85375836919725,110.85375836919725,-20.853758369197248,-20.853758369197248,70.88197581078464,11.563183615067828,0.0,0.0,0.0,10.8,998.5,,NO
2021-10-05 07:00:00+02:00,101.6673257834517,101.6673257834517,-11.667325783451709,-11.667325783451709,83.1865856491562,11.5756602153524,1.624855553,0.0,1.956707187,11.2,998.2,,NO
2021-10-05 08:00:00+02:00,92.24248611588874,92.24248611588874,-2.242486115888737,-2.242486115888737,94.8914680784867,11.588125899670558,39.1732958,0.18170673,43.94860311,11.8,997.7,,NO
2021-10-05 09:00:00+02:00,82.86016926787882,82.98195877969383,7.139830732121188,7.018041220306176,106.65055415826868,11.600580648635514,155.2135696,149.1582381,122.5163503,13.5,997.3,,NO
2021-10-05 10:00:00+02:00,74.23670003169906,74.29462464828546,15.763299968300938,15.70537535171454,119.07410186580614,11.613024442489404,337.2233497,563.2547397,130.9323239,15.8,996.9,,NO
2021-10-05 11:00:00+02:00,66.61718754218981,66.65551303984617,23.382812457810196,23.344486960153827,132.7255237584102,11.625457261805423,409.6261467,619.842156,121.5459942,16.7,995.9,,NO
2021-10-05 12:00:00+02:00,60.60948761105573,60.639039979566874,29.39051238894427,29.360960020433122,148.01838493153173,11.637879087316833,528.6077243,847.5250668,77.63115803,18.0,994.8,,NO
2021-10-05 13:00:00+02:00,56.85276293600941,56.87829388240069,33.14723706399059,33.12170611759931,164.96293983358487,11.650289899334894,482.8274654,702.0414642,102.7804436,17.3,994.4,,NO
2021-10-05 14:00:00+02:00,55.867879310434425,55.892484753421485,34.132120689565575,34.107515246578515,182.89661276545073,11.662689678632887,151.8594079,25.52432243,158.6932182,16.9,993.6,,NO
2021-10-05 15:00:00+02:00,57.812175200220956,57.838654744114585,32.187824799779044,32.161345255885415,200.6182456216443,11.675078405973181,89.56112337,12.91978633,95.23619109,15.0,993.4,,NO
2021-10-05 16:00:00+02:00,62.38612316061532,62.417911204241484,27.61387683938468,27.582088795758516,217.0496476668491,11.687456061757985,17.46982391,0.16200359,22.52790218,15.0,993.4,,NO
2021-10-05 17:00:00+02:00,69.00405168495234,69.04710871032172,20.995948315047652,20.95289128967828,231.76468770756898,11.69982262690246,25.25540984,0.0,29.55765266,12.7,994.3,,NO
2021-10-05 18:00:00+02:00,77.0312870016179,77.10154415117424,12.96871299838211,12.898455848825764,244.94174351731778,11.712178082216269,19.4321352,0.279127808,22.5518945,12.4,995.3,,NO
2021-10-05 19:00:00+02:00,85.85247439191379,86.04124197697695,4.14752560808621,3.958758023023054,257.0638424010715,11.724522408261691,1.474669209,0.0,1.71234094,10.3,996.0,,NO
2021-10-05 20:00:00+02:00,95.42010990627656,95.42010990627656,-5.420109906276563,-5.420109906276563,268.71424504286125,11.736855585961166,0.0,0.0,0.0,10.9,996.7,,NO
2021-10-05 21:00:00+02:00,104.84069372241851,104.84069372241851,-14.84069372241851,-14.84069372241851,280.51528905794834,11.749177596302616,0.0,0.0,0.0,10.5,997.5,,NO
2021-10-05 22:00:00+02:00,113.88977957597679,113.88977957597679,-23.889779575976785,-23.889779575976785,293.14287847041305,11.761488419910165,0.0,0.0,0.0,10.2,998.0,,NO
2021-10-05 23:00:00+02:00,122.06389156872586,122.06389156872586,-32.06389156872587,-32.06389156872587,307.33912153748395,11.773788037793565,0.0,0.0,0.0,10.9,998.6,,NO
2021-10-06 00:00:00+02:00,129.08140474181468,129.08140474181468,-39.08140474181469,-39.08140474181469,323.7066750778082,12.077581349727552,0.0,0.0,0.0,10.8,999.2,,YES
2021-10-06 01:00:00+02:00,132.97227483465005,132.97227483465005,-42.97227483465005,-42.97227483465005,342.78201791205385,11.798353580332332,0.0,0.0,0.0,10.0,999.5,,NO
2021-10-06 02:00:00+02:00,134.13034232324543,134.13034232324543,-44.130342323245415,-44.130342323245415,3.3921276194257644,11.810619466803473,0.0,0.0,0.0,10.6,1000.0,,NO
2021-10-06 03:00:00+02:00,131.92747242707188,131.92747242707188,-41.927472427071876,-41.927472427071876,23.6637326884794,11.822874071625847,0.0,0.0,0.0,10.0,1000.3,,NO
2021-10-06 04:00:00+02:00,126.81734759789674,126.81734759789674,-36.817347597896735,-36.817347597896735,41.87663950633828,11.835117375580012,0.0,0.0,0.0,10.5,1000.8,,NO
2021-10-06 05:00:00+02:00,119.61950729749181,119.61950729749181,-29.619507297491808,-29.619507297491808,57.566600186388825,11.847349359843065,0.0,0.0,0.0,10.1,1001.0,,NO
2021-10-06 06:00:00+02:00,111.11744653985363,111.11744653985363,-21.11744653985364,-21.11744653985364,71.19149682995186,11.859570005715796,0.0,0.0,0.0,10.1,1001.4,,NO
2021-10-06 07:00:00+02:00,101.91983000277285,101.91983000277285,-11.919830002772857,-11.919830002772857,83.49177157549536,11.8717792939824,5.370861452,0.0,6.077166418,11.3,1001.8,,NO
2021-10-06 08:00:00+02:00,92.49429464932267,92.49429464932267,-2.494294649322668,-2.494294649322668,95.1909857216267,11.883977206001873,67.91945656,53.49730724,68.13197555,11.4,1002.4,,NO
2021-10-06 09:00:00+02:00,83.11728111958539,83.24298989119981,6.882718880414616,6.75701010880019,106.94385258063494,11.896163723093196,28.04281895,0.182801349,32.80017061,11.6,1003.0,,NO
2021-10-06 10:00:00+02:00,74.51521747392214,74.57418876156439,15.484782526077868,15.425811238435614,119.35787120261358,11.908338826156978,74.91888187,0.029554709,84.5418355,11.7,1003.5,,NO
2021-10-06 11:00:00+02:00,66.92274660908893,66.96162786384909,23.077253390911064,23.03837213615091,132.99007746549034,11.920502496588597,74.87932662,0.119313455,84.21571764,11.3,1003.8,,NO
2021-10-06 12:00:00+02:00,60.94644811480335,60.976405758195284,29.053551885196647,29.02359424180472,148.24455180643344,11.932654715845274,73.73716874,0.07662332,82.80194782,11.9,1004.0,,NO
2021-10-06 13:00:00+02:00,57.21917547232766,57.24506299962521,32.78082452767234,32.75493700037479,165.12384460091778,11.944795464809431,83.19272793,0.022986996,93.13908438,12.2,1004.7,,NO
2021-10-06 14:00:00+02:00,56.253546848270865,56.27850914611547,33.746453151729135,33.72149085388453,182.96987900686952,11.956924725054705,115.9413857,0.170760541,129.6998294,12.4,1005.2,,NO
2021-10-06 15:00:00+02:00,58.202246471958865,58.22912592369549,31.797753528041135,31.770874076304512,200.60159790774574,11.969042477969197,79.0412807,0.288979377,88.73960333,12.0,1005.9,,NO
2021-10-06 16:00:00+02:00,62.76830162845182,62.80060456188906,27.231698371548173,27.199395438110937,216.96119494657003,11.98114870468271,62.20310471,0.146678926,69.87630625,12.1,1006.4,,NO
2021-10-06 17:00:00+02:00,69.37257868870608,69.41645506364105,20.627421311293922,20.583544936358948,231.6287327151421,11.993243386674294,49.95951836,0.025176234,56.68852634,11.7,1007.1,,NO
2021-10-06 18:00:00+02:00,77.38566645347282,77.45783781547551,12.61433354652717,12.542162184524486,244.77776560523864,12.005326505521225,8.650238996,0.062393275,10.68191512,11.1,1007.8,,NO
2021-10-06 19:00:00+02:00,86.18752503800673,86.38824092002096,3.8124749619932734,3.611759079979038,256.8843549798545,12.017398042353307,0.0,0.0,0.0390986,11.2,1008.3,,NO
2021-10-06 20:00:00+02:00,95.76325777921987,95.76325777921987,-5.763257779219871,-5.763257779219871,268.52711220853075,12.0294579787369,0.0,0.0,0.0,11.5,1009.1,,NO
2021-10-06 21:00:00+02:00,105.18617972296593,105.18617972296593,-15.18617972296593,-15.18617972296593,280.327127123184,12.041506296289299,0.0,0.0,0.0,11.4,1009.8,,NO
2021-10-06 22:00:00+02:00,114.24387428850102,114.24387428850102,-24.243874288501015,-24.243874288501015,292.9630525338662,12.053542976209428,0.0,0.0,0.0,11.4,1010.2,,NO
2021-10-06 23:00:00+02:00,122.43172035704598,122.43172035704598,-32.43172035704597,-32.43172035704597,307.184967582691,12.065568000136409,0.0,0.0,0.0,11.7,1010.8,,NO
2021-10-07 00:00:00+02:00,129.46228132565435,129.46228132565435,-39.462281325654345,-39.462281325654345,323.6061989656806,12.362351625357405,0.0,0.0,0.0,11.6,1011.2,,YES
2021-10-07 01:00:00+02:00,133.3624061169779,133.3624061169779,-43.36240611697789,-43.36240611697789,342.781189198661,12.089583006290923,0.0,0.0,0.0,11.7,1011.7,,NO
2021-10-07 02:00:00+02:00,134.51059348815272,134.51059348815272,-44.51059348815273,-44.51059348815273,3.5137071796796704,12.101572951443814,0.0,0.0,0.0,11.9,1011.9,,NO
2021-10-07 03:00:00+02:00,132.27956602755134,132.27956602755134,-42.27956602755133,-42.27956602755133,23.88983817630958,12.113551166967227,0.0,0.0,0.0,11.8,1012.2,,NO
2021-10-07 04:00:00+02:00,127.13382935441575,127.13382935441575,-37.13382935441575,-37.13382935441575,42.16182100045643,12.125517634143762,0.0,0.0,0.0,11.5,1012.8,,NO
2021-10-07 05:00:00+02:00,119.90454026926912,119.90454026926912,-29.904540269269127,-29.904540269269127,57.873066560025165,12.13747233469985,0.0,0.0,0.0,11.5,1013.5,,NO
2021-10-07 06:00:00+02:00,111.3807485840531,111.3807485840531,-21.380748584053087,-21.380748584053087,71.49995613554489,12.149415250398306,0.0,0.0,0.0,10.0,1013.9,,NO
2021-10-07 07:00:00+02:00,102.17225530452245,102.17225530452245,-12.172255304522446,-12.172255304522446,83.79546816495974,12.161346362649056,1.745375459,0.026270852,1.830525343,9.7,1014.6,,NO
2021-10-07 08:00:00+02:00,92.74628576579462,92.74628576579462,-2.7462857657946302,-2.7462857657946302,95.48859992038433,12.173265653222188,36.45140008,0.288979377,39.21944978,11.0,1015.3,,NO
2021-10-07 09:00:00+02:00,83.37450486863167,83.50437959080817,6.625495131368331,6.495620409191827,107.2347934926413,12.185173103884154,110.0853543,32.49485529,111.5500817,12.7,1015.7,,NO
2021-10-07 10:00:00+02:00,74.79410362910812,74.85415795322291,15.205896370891876,15.145842046777084,119.63876318800533,12.197068696066708,344.2215389,195.763825,290.441281,13.6,1015.9,,NO
2021-10-07 11:00:00+02:00,67.22856166093194,67.26801272699652,22.771438339068055,22.731987273003487,133.251220448001,12.208952411565406,263.7624496,250.1423005,168.05911,14.8,1015.9,,NO
2021-10-07 12:00:00+02:00,61.283318940919266,61.31369019474515,28.716681059080734,28.68630980525485,148.46696660097024,12.220824232263112,142.0249836,4.33469066,157.3336532,16.3,1016.1,,NO
2021-10-07 13:00:00+02:00,57.58498116874175,57.611231665917295,32.41501883125825,32.388768334082705,165.28118958373034,12.232684139573394,306.1978176,231.990236,195.0762423,15.2,1016.1,,NO
2021-10-07 14:00:00+02:00,56.63809076390713,56.66341595755184,33.36190923609287,33.33658404244816,183.04045217827567,12.244532115368202,419.484675,463.5502868,185.4881993,16.4,1016.2,,NO
2021-10-07 15:00:00+02:00,58.59084546836854,58.618131946837266,31.409154531631454,31.381868053162737,200.58338885484523,12.256368141512212,436.0657419,735.2850388,94.45777351,16.2,1016.2,,NO
2021-10-07 16:00:00+02:00,63.148832960598284,63.18166161341158,26.85116703940172,26.818338386588426,216.87201168377283,12.268192199433543,319.7479633,680.2377512,73.5693467,16.0,1016.2,,NO
2021-10-07 17:00:00+02:00,69.73935249467814,69.78407137046027,20.260647505321852,20.215928629539732,231.49240582522344,12.280004271116923,108.2917709,224.5698148,47.08893154,12.3,1016.7,,NO
2021-10-07 18:00:00+02:00,77.73813631664902,77.81230989014328,12.261863683350976,12.187690109856714,244.61342761432388,12.29180433835063,12.73122843,0.102894172,16.03664605,11.4,1017.1,,NO
2021-10-07 19:00:00+02:00,86.51930026195161,86.73330840712461,3.4806997380483833,3.266691592875392,256.7043160379079,12.303592382682837,0.0,0.047068611,0.0,9.3,1017.4,,NO
2021-10-07 20:00:00+02:00,96.1043582624158,96.1043582624158,-6.104358262415806,-6.104358262415806,268.3391047200828,12.315368386040063,0.0,0.074434082,0.0,9.5,1017.6,,NO
2021-10-07 21:00:00+02:00,105.52952565219124,105.52952565219124,-15.529525652191232,-15.529525652191232,280.1376545375622,12.3271323302979,0.0,0.063487893,0.0,8.3,1017.7,,NO
2021-10-07 22:00:00+02:00,114.59580351002168,114.59580351002168,-24.595803510021685,-24.595803510021685,292.78138108734436,12.338884196986328,0.0,0.0,0.0,7.6,1017.9,,NO
2021-10-07 23:00:00+02:00,122.79748162623147,122.79748162623147,-32.79748162623147,-32.79748162623147,307.0284272509622,12.35062396804642,0.0,0.0,0.0,7.5,1018.1,,NO
2021-10-08 00:00:00+02:00,129.84121718864813,129.84121718864813,-39.84121718864812,-39.84121718864812,323.50302180746246,12.640133912333113,0.0,0.0,0.0,7.6,1018.2,,YES
2021-10-08 01:00:00+02:00,133.75107430105658,133.75107430105658,-43.75107430105657,-43.75107430105657,342.7782412362841,12.374067150514747,0.0,0.0,0.0,6.2,1018.4,,NO
2021-10-08 02:00:00+02:00,134.88963022990006,134.88963022990006,-44.88963022990006,-44.88963022990006,3.6343168601921434,12.38577052540495,0.0,0.0,0.0,6.1,1018.4,,NO
2021-10-08 03:00:00+02:00,132.63054944365103,132.63054944365103,-42.63054944365105,-42.63054944365105,24.115743129159,12.397461731943622,0.0,0.0,0.0,5.0,1018.4,,NO
2021-10-08 04:00:00+02:00,127.4493298930698,127.4493298930698,-37.4493298930698,-37.4493298930698,42.44674268588028,12.409140751729865,0.0,0.0,0.0,4.6,1018.4,,NO
2021-10-08 05:00:00+02:00,120.18883448120276,120.18883448120276,-30.188834481202765,-30.188834481202765,58.17882423412368,12.420807566642907,0.0,0.0,0.0,4.0,1018.7,,NO
2021-10-08 06:00:00+02:00,111.64362160321096,111.64362160321096,-21.643621603210956,-21.643621603210956,71.80723309668406,12.432462158682029,0.0,0.0,0.0,3.4,1018.9,,NO
2021-10-08 07:00:00+02:00,102.42455976960333,102.42455976960333,-12.42455976960333,-12.42455976960333,84.09756095553746,12.444104509333556,2.266392284,5.386619379,2.158420417,4.2,1019.3,,NO
2021-10-08 08:00:00+02:00,92.99841311802635,92.99841311802635,-2.998413118026348,-2.998413118026348,95.78420175419063,12.455734600538563,67.08261578,157.1861728,27.55296083,8.7,1019.4,,NO
2021-10-08 09:00:00+02:00,83.63176300169269,83.76607240118588,6.368236998307303,6.233927598814119,107.52327371627109,12.467352414267225,218.0130933,357.0340208,47.78470889,11.2,1019.4,,NO
2021-10-08 10:00:00+02:00,75.07328834514095,75.13446373594971,14.926711654859043,14.865536264050293,119.9166831685202,12.47895793200587,309.6545757,731.8807741,56.46104358,13.0,1019.0,,NO
2021-10-08 11:00:00+02:00,67.53454857754255,67.57458391406222,22.465451422457452,22.425416085937783,133.50887277263,12.49055113569193,442.8704812,803.7884759,58.78741025,15.4,1018.9,,NO
2021-10-08 12:00:00+02:00,61.62000191288651,61.65079527521965,28.37999808711349,28.349204724780346,148.68557098222345,12.502132007255568,508.0019106,826.1821884,60.32736191,17.4,1018.4,,NO
2021-10-08 13:00:00+02:00,57.950071888972424,57.976691834910035,32.049928111027576,32.023308165089965,165.43493702102387,12.513700528219488,522.606451,810.0321818,70.09223715,17.4,1017.9,,NO
2021-10-08 14:00:00+02:00,57.021397071953444,57.04709127326224,32.978602928046556,32.95290872673776,183.10830258414032,12.525256680506573,497.4122282,753.4589956,97.06582783,18.1,1017.6,,NO
2021-10-08 15:00:00+02:00,58.97785338879711,59.00555410323476,31.022146611202892,30.994445896765242,200.5635879926574,12.53680044601424,292.9257947,323.2212444,154.4927845,18.1,1017.2,,NO
2021-10-08 16:00:00+02:00,63.527593745203404,63.560959143019126,26.4724062547966,26.439040856980874,216.7820707334958,12.548331806236092,319.2967862,573.0559569,124.2349115,17.6,1016.9,,NO
2021-10-08 17:00:00+02:00,70.10424616617775,70.14983140838658,19.89575383382226,19.850168591613432,231.3556894071458,12.559850743095012,69.40463263,51.10556504,61.25506505,14.4,1017.0,,NO
2021-10-08 18:00:00+02:00,78.08856366579553,78.16483275916607,11.91143633420447,11.835167240833929,244.44872250214826,12.571357238382916,12.56064641,0.093042602,15.80027724,11.5,1017.2,,NO
2021-10-08 19:00:00+02:00,86.8474667694305,87.07631610273283,3.152533230569496,2.923683897267161,256.5237264749335,12.582851273695269,0.0,0.017964885,0.0,10.9,1017.4,,NO
2021-10-08 20:00:00+02:00,96.4432820039553,96.4432820039553,-6.443282003955298,-6.443282003955298,268.15022707657465,12.59433283085309,0.0,0.0,0.0,10.6,1017.3,,NO
2021-10-08 21:00:00+02:00,105.87060032796843,105.87060032796843,-15.870600327968434,-15.870600327968434,279.94687340041133,12.60580189166285,0.0,0.0,0.0,9.4,1017.3,,NO
2021-10-08 22:00:00+02:00,114.94543369678365,114.94543369678365,-24.945433696783653,-24.945433696783653,292.59785477909963,12.617258437636337,0.0,0.0,0.0,8.0,1017.5,,NO
2021-10-08 23:00:00+02:00,123.16104071273426,123.16104071273426,-33.161040712734255,-33.161040712734255,306.8694666484581,12.628702450587298,0.0,0.0,0.0,8.5,1017.4,,NO
