0,Golden,Colorado,-7,39.739,-105.172,0
Date (MM/DD/YYYY),Time (HH:MM),temp_ambient,temp_air,DHI (W/m^2),GHI (W/m^2),Alb,DNI (W/m^2)

01/17/2020,00:00:00,-2.670155875,-2.247266667,,,0.0,0.0

01/17/2020,01:00:00,-3.1956189999999998,-2.439,0.0,0.0,0.0,0.0

01/17/2020,02:00:00,-2.856620875,-2.574466667,0.0,0.0,0.0,0.0

01/17/2020,03:00:00,-4.879946875,-3.2467333330000003,0.0,0.0,0.0,0.0

01/17/2020,04:00:00,-4.787024375,-2.930733333,0.0,0.0,0.0,0.0

01/17/2020,05:00:00,-5.69129775,-2.4049333330000002,0.0,0.0,0.0,0.0

01/17/2020,06:00:00,-5.8774295,0.2778,0.02651505,0.0,0.0,0.0

01/17/2020,07:00:00,-0.09644858,2.5434666669999997,0.1290164,0.0,0.0,0.0

01/17/2020,08:00:00,0.731091213,4.808666667,11.44801758,26.182879999999997,0.29775999999999997,14.73486242

01/17/2020,09:00:00,7.68572775,7.650266667,37.09463167,169.6395134,0.24200666699999998,132.5448817

01/17/2020,10:00:00,11.09973625,9.906666667,60.11960500000001,325.39396669999996,0.22691999999999998,265.2743617

01/17/2020,11:00:00,10.87577,10.88333333,78.18653666,440.65173339999996,0.2184,362.4651967

01/17/2020,12:00:00,9.3824775,8.421133333,164.1642517,543.37545,0.21594666699999998,379.2111983

01/17/2020,13:00:00,9.293478375,8.108266667,134.378375,559.5664667000001,0.23079333300000002,425.1880916999999

01/17/2020,14:00:00,9.42143925,7.966666667,89.05491001,490.47336669999993,0.222146667,401.4184566

01/17/2020,15:00:00,8.244003999999999,5.901066667,153.1405667,372.75503330000004,0.22044,219.61446669999998

01/17/2020,16:00:00,3.872191375,3.1086,139.5988,218.8156167,0.263986667,79.21681668

01/17/2020,17:00:00,2.63418675,1.794866667,66.99136667,100.6503133,0.0,33.65894665

01/17/2020,18:00:00,1.63022675,0.937866667,1.5893245669999998,1.328144983,0.0,0.0

01/17/2020,19:00:00,1.199747,0.44386666700000005,0.0,0.0,0.0,0.0

01/17/2020,20:00:00,0.651377988,0.08199999999999999,0.0,0.0,0.0,0.0

01/17/2020,21:00:00,0.165676775,-0.4768,0.0,0.0,0.0,0.0

01/17/2020,22:00:00,0.145898188,-0.370666667,0.0,0.0,0.0,0.0

01/17/2020,23:00:00,-0.567601513,-1.122333333,0.0,0.0,0.0,0.0

01/18/2020,00:00:00,-1.43202375,-2.0224,0.0,0.0,0.0,0.0

01/18/2020,01:00:00,-2.922590125,-2.4894,0.0,0.0,0.0,0.0

01/18/2020,02:00:00,-2.186311875,-2.584266667,0.009653,0.0,0.0,0.0

01/18/2020,03:00:00,-4.244237875,-3.669933333,0.0,0.0,0.0,0.0

01/18/2020,04:00:00,-3.956733875,-3.548933333,0.0,0.0,0.0,0.0

01/18/2020,05:00:00,-4.36266925,-4.146933333,0.0,0.0,0.0,0.0

01/18/2020,06:00:00,-5.05848575,-4.709666667,0.0,0.0,0.0,0.0

01/18/2020,07:00:00,-4.465258,-4.542866667,0.011540383000000001,0.0,0.0,0.0

01/18/2020,08:00:00,-5.7335199999999995,-4.588133333,12.53517699,12.64700838,0.29261333300000003,0.11183139800000001

01/18/2020,09:00:00,-1.560154875,-1.1612,45.28003167,165.8359667,0.24622,120.555935

01/18/2020,10:00:00,-0.323603638,-0.050933333,91.75962832,343.3073667,0.22582,251.54773840000001

01/18/2020,11:00:00,3.90883075,2.917266667,119.2805634,413.20101669999997,0.221926667,293.9204533

01/18/2020,12:00:00,4.41279825,4.6178666669999995,79.83327334,532.3720666999999,0.219893333,452.5387933

01/18/2020,13:00:00,5.602049625,5.2116,178.1303833,558.0770834,0.218013333,379.9467

01/18/2020,14:00:00,5.809143,4.8694,198.30988330000002,437.1613,0.22548,238.8514167

01/18/2020,15:00:00,5.633463625,4.531333333,148.8079483,273.7109667,0.2303,124.90301840000001

01/18/2020,16:00:00,4.808727375,3.576333333,77.23801167,138.5906783,0.20185999999999998,61.35266666

01/18/2020,17:00:00,0.789807875,1.392,33.35702833,41.1565885,0.0,7.799560167999999

01/18/2020,18:00:00,-0.043432868,-0.642933333,0.7691156840000001,0.5650735170000001,0.0,0.0

01/18/2020,19:00:00,-1.454088375,-1.284466667,0.0,0.0,0.0,0.0

01/18/2020,20:00:00,-2.667922375,-2.537066667,0.0,0.0,0.0,0.0

01/18/2020,21:00:00,-4.237847625,-1.9117333330000001,0.0043933670000000005,0.0,0.0,0.0

01/18/2020,22:00:00,-3.50149175,-3.0846,0.0,0.0,0.0,0.0

01/18/2020,23:00:00,-6.108161,-2.7972666669999997,0.0,0.0,0.0,0.0

01/19/2020,00:00:00,-6.64476925,-2.8883333330000003,0.0169857,0.0,0.0,0.0

01/19/2020,01:00:00,-6.349395875,-3.1789333330000002,0.0,0.0,0.0,0.0

01/19/2020,02:00:00,-3.7423230000000003,-2.583333333,1.67e-08,0.0,0.0,0.0

01/19/2020,03:00:00,-5.833637125,-3.429333333,0.0,0.0,0.0,0.0

01/19/2020,04:00:00,-6.058523375,-4.8234,0.0,0.0,0.0,0.0

01/19/2020,05:00:00,-6.654371,-4.994333333,0.0036508829999999997,0.0,0.0,0.0

01/19/2020,06:00:00,-7.080104375,-4.8052,0.0,0.0,0.0,0.0

01/19/2020,07:00:00,-7.376480625,-5.079666667,0.0,0.0,0.0,0.0

01/19/2020,08:00:00,-4.406914375,-3.202066667,17.22683142,25.65872523,0.295766667,8.431893815

01/19/2020,09:00:00,0.659246425,-0.059666667,59.12286834,161.3890166,0.2428,102.2661483

01/19/2020,10:00:00,2.602695625,1.79,81.04131,322.10815,0.226473333,241.06683999999998

01/19/2020,11:00:00,3.2955925,4.0754,92.53800332,448.49206669999995,0.22260666699999998,355.95406339999994

01/19/2020,12:00:00,5.840116625,5.057866667,100.76153000000001,520.00815,0.222186667,419.24662

01/19/2020,13:00:00,6.67579175,5.799333333,92.10241500000001,533.5859333000001,0.2268,441.4835183

01/19/2020,14:00:00,6.73965975,6.559333333,82.655085,486.1328166999999,0.236886667,403.4777317

01/19/2020,15:00:00,7.11690625,6.396666667000001,74.40767833,377.5102833,0.24986,303.102605

01/19/2020,16:00:00,6.481942500000001,5.9473333329999996,54.54921834,230.45965,0.25468,175.91043169999998

01/19/2020,17:00:00,3.864591625,3.0615333330000003,28.11213067,64.72322468,0.0,36.61109401

01/19/2020,18:00:00,-0.22963875,1.885933333,1.213066367,0.924992633,0.0,0.0

01/19/2020,19:00:00,-1.512274125,1.257533333,0.0,0.0,0.0,0.0

01/19/2020,20:00:00,-2.7173365,0.233333333,0.0,0.0,0.0,0.0

01/19/2020,21:00:00,-0.875310288,-0.0912,0.0,0.0,0.0,0.0

01/19/2020,22:00:00,-2.752064625,0.11013333300000001,0.0,0.0,0.0,0.0

01/19/2020,23:00:00,-2.3158540000000003,0.647266667,0.0,0.0,0.0,0.0

01/20/2020,00:00:00,-1.484095125,1.21,0.0,0.0,0.0,0.0

01/20/2020,01:00:00,-3.988685125,0.7423333329999999,0.0,0.0,0.0,0.0

01/20/2020,02:00:00,-3.0851665,0.449933333,0.0,0.0,0.0,0.0

01/20/2020,03:00:00,-1.452181625,0.36,0.0,0.0,0.0,0.0

01/20/2020,04:00:00,-3.755593,0.044533333,0.0,0.0,0.0,0.0

01/20/2020,05:00:00,-4.11156775,-0.31093333300000003,0.0,0.0,0.0,0.0

01/20/2020,06:00:00,-0.34081745,-0.027733333,0.0,0.0,0.0,0.0

01/20/2020,07:00:00,-1.74460675,-0.3218,0.00504305,0.0,0.0,0.0

01/20/2020,08:00:00,-1.424426875,0.950466667,22.23580395,36.27808578,0.288253333,14.04228184

01/20/2020,09:00:00,4.18572275,3.7546,72.702475,169.958465,0.240246667,97.25598998

01/20/2020,10:00:00,5.6137690000000005,5.660666667,139.82385,289.7935167,0.22421999999999997,149.96966669999998

01/20/2020,11:00:00,8.277536625,7.026333332999999,152.7077634,426.02038330000005,0.225006667,273.31262000000004

01/20/2020,12:00:00,8.414754125,8.380666667,92.57606501,535.7442834,0.22471999999999998,443.16821830000004

01/20/2020,13:00:00,9.27975925,9.377333333,154.99884,590.7639333,0.22618000000000002,435.76509330000005

01/20/2020,14:00:00,9.626354625,9.410666667000001,133.78618500000002,490.29851669999994,0.229386667,356.5123317

01/20/2020,15:00:00,9.123284875,8.111333333,191.7855834,329.2665167,0.219246667,137.4809333

01/20/2020,16:00:00,8.011664125,7.0526,130.9399133,154.01352830000002,0.175633333,23.07361499

01/20/2020,17:00:00,4.99294775,6.047933333,36.98341784,35.7773835,0.0,0.0

01/20/2020,18:00:00,3.68032025,5.330733333,0.61272385,0.342427117,0.0,0.0

01/20/2020,19:00:00,2.91609475,4.251266666999999,0.001639767,0.0,0.0,0.0

01/20/2020,20:00:00,2.395106125,3.9222666669999997,0.0,0.0,0.0,0.0

01/20/2020,21:00:00,1.069075375,4.0169999999999995,0.0,0.0,0.0,0.0

01/20/2020,22:00:00,-0.38147926299999996,2.3642,0.0,0.0,0.0,0.0

01/20/2020,23:00:00,0.33937740000000005,1.7558,0.012251966999999999,0.0,0.0,0.0

01/21/2020,00:00:00,-0.18376666600000002,3.302133333,0.022431,0.0,0.0,0.0

01/21/2020,01:00:00,0.5925884379999999,2.9584,0.0,0.0,0.0,0.0

01/21/2020,02:00:00,0.954673175,3.108533333,0.0,0.0,0.0,0.0

01/21/2020,03:00:00,1.8547895,2.74,0.0,0.0,0.0,0.0

01/21/2020,04:00:00,1.441088,2.109133333,0.0,0.0,0.0,0.0

01/21/2020,05:00:00,1.798866375,1.333266667,0.0,0.0,0.0,0.0

01/21/2020,06:00:00,0.75437135,1.1798,0.0,0.0,0.0,0.0

01/21/2020,07:00:00,0.7022326999999999,2.0486,0.0011138,0.0,0.0,0.0

01/21/2020,08:00:00,1.51592475,4.926466667,6.056916049,5.401168501,0.21489333300000002,0.0

01/21/2020,09:00:00,4.536359125,7.325466667000001,48.88265333,47.328655,0.182153333,0.0

01/21/2020,10:00:00,8.828350875,9.313333333,123.48791829999999,121.34836170000001,0.19014,0.0

01/21/2020,11:00:00,10.24499125,10.80533333,222.13756669999998,228.9861,0.190086667,6.84853335

01/21/2020,12:00:00,8.021530125,8.179333332999999,267.9363334,287.4504834,0.183273333,19.51415

01/21/2020,13:00:00,8.78696375,8.0436,174.2530333,171.60265,0.17256,0.0

01/21/2020,14:00:00,9.028897500000001,8.696,127.04695,124.79201670000002,0.18122666699999998,0.0

01/21/2020,15:00:00,12.34694,11.04133333,202.7706834,235.1283167,0.196946667,32.35763333

01/21/2020,16:00:00,10.37236875,9.721333332999999,138.07001169999998,142.2723383,0.17412666699999998,4.202326635

01/21/2020,17:00:00,8.693824375,7.8682,57.63136967,57.47837433,0.0,0.0

01/21/2020,18:00:00,7.163842625,6.099533332999999,0.881456833,0.668022267,0.0,0.0

01/21/2020,19:00:00,5.029927375,5.510866667,0.0,0.0,0.0,0.0

01/21/2020,20:00:00,3.811855375,5.234066667,0.0,0.0,0.0,0.0

01/21/2020,21:00:00,4.421684125,4.8379333330000005,0.004640833,0.0,0.0,0.0

01/21/2020,22:00:00,3.589042375,5.298733333,0.0,0.0,0.0,0.0

01/21/2020,23:00:00,3.6509129999999996,4.982533333,0.006249683000000001,0.0,0.0,0.0

01/22/2020,00:00:00,2.7094245,4.654266667,0.0,0.0,0.0,0.0

01/22/2020,01:00:00,1.593597125,4.2104,0.0,0.0,0.0,0.0

01/22/2020,02:00:00,2.929049625,5.030266667,0.0,0.0,0.0,0.0

01/22/2020,03:00:00,6.00673225,5.361066667,0.0197083,0.0,0.0,0.0

01/22/2020,04:00:00,4.80080075,4.981466667,0.0,0.0,0.0,0.0

01/22/2020,05:00:00,3.82267325,4.658066667,0.0,0.0,0.0,0.0

01/22/2020,06:00:00,4.975820875,4.6904,0.0,0.0,0.0,0.0

01/22/2020,07:00:00,4.953348125,4.566266667,0.0,0.0,0.0,0.0

01/22/2020,08:00:00,4.87074925,4.8076,11.50577929,11.70167857,0.194926667,0.195899281

01/22/2020,09:00:00,6.423634375,5.686533333,88.47619333,88.57907501,0.19610666699999998,0.10288168199999999

01/22/2020,10:00:00,7.122634625,6.564533332999999,141.47705,139.3070333,0.199566667,0.0

01/22/2020,11:00:00,8.144347375,7.420733332999999,261.2513,275.25835,0.204046667,14.00705

01/22/2020,12:00:00,8.894970625,8.390666667,317.8758667,357.2226834,0.217066667,39.34681668

01/22/2020,13:00:00,9.8953225,8.654666667,217.9414167,513.5292334,0.205686667,295.58781669999996

01/22/2020,14:00:00,7.953607000000001,7.496666667,224.13973330000002,249.9096167,0.21436666699999998,25.76988335

01/22/2020,15:00:00,9.377233,8.005133333,126.7458733,247.2249267,0.213386667,120.4790533

01/22/2020,16:00:00,7.8037244999999995,7.250866667,73.23602833,90.85630501,0.22232,17.62027668

01/22/2020,17:00:00,7.385834625,6.5812,52.59089834,59.35315667,0.0,6.762258332

01/22/2020,18:00:00,6.196371125,5.690666667,2.561559,2.1894255830000002,0.0,0.0

01/22/2020,19:00:00,5.24785175,4.721666667,0.0,0.0,0.0,0.0

01/22/2020,20:00:00,4.181832625,4.025333333,0.0,0.0,0.0,0.0

01/22/2020,21:00:00,2.487508125,0.973,0.0,0.0,0.0,0.0

01/22/2020,22:00:00,-0.78059895,-0.49253333299999996,0.0,0.0,0.0,0.0

01/22/2020,23:00:00,-0.968340375,-0.695333333,0.0,0.0,0.0,0.0

01/23/2020,00:00:00,2.060990875,1.2878,0.06593196700000001,0.0,0.0,0.0

01/23/2020,01:00:00,1.567469625,0.8925333329999999,0.0,0.0,0.0,0.0

01/23/2020,02:00:00,1.009783313,0.249866667,0.0,0.0,0.0,0.0

01/23/2020,03:00:00,1.345328125,0.724333333,0.0,0.0,0.0,0.0

01/23/2020,04:00:00,1.695436875,1.1200666670000001,0.0,0.0,0.0,0.0

01/23/2020,05:00:00,1.635597875,0.932133333,0.00037128300000000003,0.0,0.0,0.0

01/23/2020,06:00:00,-0.570005063,-1.4313333330000002,0.0,0.0,0.0,0.0

01/23/2020,07:00:00,-1.198822625,-1.649666667,0.001021067,0.0,0.0,0.0

01/23/2020,08:00:00,-0.857875775,-1.3295333329999999,14.74446605,16.23549918,0.188793333,1.4910331319999999

01/23/2020,09:00:00,-0.2253402,-0.826133333,67.44784167,66.18481833,0.19088666699999998,0.0

01/23/2020,10:00:00,0.5214478379999999,-0.143466667,138.9391667,137.11401,0.19084,0.0

01/23/2020,11:00:00,1.641035875,1.266333333,155.0868667,213.3220833,0.211706667,58.23521665

01/23/2020,12:00:00,2.005311625,1.8387333330000002,177.18046669999998,310.0802833,0.216546667,132.8998167

01/23/2020,13:00:00,3.9419364999999997,3.8608,207.4875667,516.7549667,0.213433333,309.2674

01/23/2020,14:00:00,4.3537685,3.3378666669999997,239.2023833,319.96858330000003,0.21761333300000002,80.7662

01/23/2020,15:00:00,5.235261,5.110266667,154.7752167,238.50135,0.25004,83.72613335

01/23/2020,16:00:00,4.66408825,4.602333333,74.21618834,250.851915,0.251766667,176.6357267

01/23/2020,17:00:00,4.778146625,3.774533333,26.67733333,78.74225833,0.0,52.06492499

01/23/2020,18:00:00,1.413278625,1.4393333330000002,1.9064805,1.57557555,0.0,0.0

01/23/2020,19:00:00,1.205217375,1.440266667,0.0,0.0,0.0,0.0

01/23/2020,20:00:00,-0.6827580129999999,0.057133333,0.0,0.0,0.0,0.0

01/23/2020,21:00:00,-1.005336588,0.0656,0.0,0.0,0.0,0.0

01/23/2020,22:00:00,-2.37044775,1.3940000000000001,0.0,0.0,0.0,0.0

01/23/2020,23:00:00,-1.2916455629999999,2.402866667,0.0,0.0,0.0,0.0

01/24/2020,00:00:00,-1.974565625,2.363666667,0.0005569,0.0,0.0,0.0

01/24/2020,01:00:00,4.749576125,4.2908666669999995,0.036980317,0.0,0.0,0.0

01/24/2020,02:00:00,4.492879875,4.685,0.0,0.0,0.0,0.0

01/24/2020,03:00:00,4.192313875,4.887533333,0.0,0.0,0.0,0.0

01/24/2020,04:00:00,-3.0874509999999997,0.257666667,0.0,0.0,0.0,0.0

01/24/2020,05:00:00,-1.909564625,3.013866667,0.073016317,0.0,0.0,0.0

01/24/2020,06:00:00,4.919987,4.355066667,0.044892717,0.0,0.0,0.0

01/24/2020,07:00:00,4.945640625,4.355733333,0.027350117,0.0,0.0,0.0

01/24/2020,08:00:00,5.849341375,5.42,13.33295132,32.26897605,0.307306667,18.93602473

01/24/2020,09:00:00,8.430923125,7.504666667,40.17648167,185.9819833,0.242126667,145.8055017

01/24/2020,10:00:00,9.5997995,9.011333333,130.621855,340.5591667,0.221946667,209.9373117

01/24/2020,11:00:00,10.8693375,10.267999999999999,106.52844669999999,427.88231669999993,0.217966667,321.35387000000003

01/24/2020,12:00:00,10.930752499999999,11.038,216.5909,573.7668834,0.21568,357.1759833

01/24/2020,13:00:00,12.8323275,12.13,148.15216669999998,602.2055333,0.22146,454.05336669999997

01/24/2020,14:00:00,12.64828375,11.62933333,97.06946835,523.59135,0.23032666699999998,426.5218816000001

01/24/2020,15:00:00,11.98810375,10.864,115.7862833,358.0569833,0.19964,242.2707

01/24/2020,16:00:00,9.74057675,8.772666667000001,97.0291,100.691825,0.179713333,3.662725

01/24/2020,17:00:00,8.520719625,8.023,27.725403999999997,27.0817865,0.0,0.0

01/24/2020,18:00:00,7.074739375,6.350733332999999,0.44131586700000003,0.245889267,0.0,0.0

01/24/2020,19:00:00,5.650707125,5.737133332999999,0.0,0.0,0.0,0.0

01/24/2020,20:00:00,4.431368625,5.346866667,0.0,0.0,0.0,0.0

01/24/2020,21:00:00,3.92090325,5.0628,0.0,0.0,0.0,0.0

01/24/2020,22:00:00,6.38505925,6.2682,0.0,0.0,0.0,0.0

01/24/2020,23:00:00,7.2970665,7.172933333,0.026514999999999997,0.0,0.0,0.0

01/25/2020,00:00:00,7.186833999999999,6.546533332999999,0.0,0.0,0.0,0.0

01/25/2020,01:00:00,6.8146830000000005,6.492866667,0.0,0.0,0.0,0.0

01/25/2020,02:00:00,6.880084375,6.1897333329999995,0.0,0.0,0.0,0.0

01/25/2020,03:00:00,2.508910125,5.5844,0.0,0.0,0.0,0.0

01/25/2020,04:00:00,2.340925,2.3228,0.0,0.0,0.0,0.0

01/25/2020,05:00:00,2.327010125,3.306333333,0.0,0.0,0.0,0.0

01/25/2020,06:00:00,5.731145625,3.4384,0.0775335,0.0,0.0,0.0

01/25/2020,07:00:00,0.671791725,1.0406,0.0,0.0,0.0,0.0

01/25/2020,08:00:00,2.141915,4.8976,12.80727263,28.33120778,0.30914,15.52393515

01/25/2020,09:00:00,8.873472875,7.660666667,37.75397667,184.8028617,0.24211999999999997,147.048885

01/25/2020,10:00:00,10.90060125,9.482000000000001,49.19155,352.07795,0.2279,302.8864

01/25/2020,11:00:00,11.477260000000001,10.222000000000001,53.736355,480.5665,0.221266667,426.830145

01/25/2020,12:00:00,11.2437675,10.87333333,55.66771667,555.4052667000001,0.22104000000000001,499.73755

01/25/2020,13:00:00,11.90508625,11.12866667,56.807930000000006,570.04885,0.22616,513.2409200000001

01/25/2020,14:00:00,11.879605,10.61733333,60.84402333,526.0892666999999,0.230786667,465.2452433

01/25/2020,15:00:00,11.30451,9.838,149.71573669999998,328.77255,0.22485333300000002,179.0568134

01/25/2020,16:00:00,8.96834075,8.223333333,114.5261433,153.40448830000003,0.18688,38.87834501

01/25/2020,17:00:00,8.151781125,8.1648,35.75460167,49.5514435,0.0,13.79684183

01/25/2020,18:00:00,6.19753525,6.162999999999999,1.918249417,1.51382255,0.0,0.0

01/25/2020,19:00:00,5.427589875,6.2596,0.0,0.0,0.0,0.0

01/25/2020,20:00:00,4.114777375,5.7038,0.0,0.0,0.0,0.0

01/25/2020,21:00:00,4.21855925,4.869866667,0.0,0.0,0.0,0.0

01/25/2020,22:00:00,4.498693625,4.180066667,0.0,0.0,0.0,0.0

01/25/2020,23:00:00,3.014759875,3.8048666669999998,0.0,0.0,0.0,0.0

01/26/2020,00:00:00,3.44523675,3.508866667,0.0,0.0,0.0,0.0

01/26/2020,01:00:00,3.5705,4.244066667,0.000993283,0.0,0.0,0.0

01/26/2020,02:00:00,5.17171675,4.2312,0.0080133,0.0,0.0,0.0

01/26/2020,03:00:00,5.106698875,4.643066667,0.0,0.0,0.0,0.0

01/26/2020,04:00:00,5.515209125,4.062066667,0.004114883,0.0,0.0,0.0

01/26/2020,05:00:00,4.272794,4.507933333,0.0,0.0,0.0,0.0

01/26/2020,06:00:00,3.628713625,4.743133333,0.0,0.0,0.0,0.0

01/26/2020,07:00:00,4.30538,4.537733333,0.03338325,0.0,0.0,0.0

01/26/2020,08:00:00,6.852629375,6.3904,17.01770577,38.14425787,0.2897,21.1265521

01/26/2020,09:00:00,9.80089175,7.818333332999999,73.42083333,218.6572167,0.217733333,145.2363834

01/26/2020,10:00:00,10.33585125,9.088666667,116.94863329999998,285.2450667,0.221373333,168.29643330000002

01/26/2020,11:00:00,10.734382499999999,9.737333332999999,186.5718167,470.87495,0.212346667,284.3031334

01/26/2020,12:00:00,10.5855325,10.07733333,270.6527167,375.5003167,0.21103333300000002,104.8476

01/26/2020,13:00:00,10.95868875,10.45933333,240.1267833,370.7543167,0.19924,130.62753329999998

01/26/2020,14:00:00,11.08888875,10.478,202.65095,206.37585,0.1931,3.724899975

01/26/2020,15:00:00,11.10673375,10.234,190.2892167,189.76221669999998,0.18717999999999999,0.0

01/26/2020,16:00:00,12.0841,9.937333333,102.81367829999999,180.5683733,0.18266,77.75469498

01/26/2020,17:00:00,9.668678625,9.090666667,59.79632167,71.81427667,0.03032,12.017955

01/26/2020,18:00:00,7.364294375,7.5526,6.446707901,5.9150597000000005,0.0,0.0

01/26/2020,19:00:00,6.585262125,7.165666667000001,0.0,0.0,0.0,0.0

01/26/2020,20:00:00,5.40684,6.7179333329999995,0.0,0.0,0.0,0.0

01/26/2020,21:00:00,5.776728,6.115,0.0,0.0,0.0,0.0

01/26/2020,22:00:00,5.326525375,5.074866667,0.0,0.0,0.0,0.0

01/26/2020,23:00:00,4.513010125,4.630666667,0.0,0.0,0.0,0.0

01/27/2020,00:00:00,2.30873375,5.208866667,0.0,0.0,0.0,0.0

01/27/2020,01:00:00,2.891662375,4.6546,0.0,0.0,0.0,0.0

01/27/2020,02:00:00,2.8618625,1.652333333,0.0,0.0,0.0,0.0

01/27/2020,03:00:00,0.02072525,1.241933333,0.0,0.0,0.0,0.0

01/27/2020,04:00:00,-0.260976463,0.760133333,0.0,0.0,0.0,0.0

01/27/2020,05:00:00,-0.161118188,1.347933333,0.0,0.0,0.0,0.0

01/27/2020,06:00:00,1.197148625,1.5254666669999999,0.0,0.0,0.0,0.0

01/27/2020,07:00:00,1.47444375,0.7648,0.0,0.0,0.0,0.0

01/27/2020,08:00:00,1.49336675,1.3026,13.58110357,12.81568708,0.193786667,0.0

01/27/2020,09:00:00,2.37067,2.038333333,35.00601833,33.91857667,0.1889,0.0

01/27/2020,10:00:00,2.830124125,1.9977333330000002,100.51104000000001,98.75568833,0.17756,0.0

01/27/2020,11:00:00,3.453288625,2.8243333330000002,125.8058717,123.634825,0.178826667,0.0

01/27/2020,12:00:00,4.592073125,4.284933333,192.0293,200.808275,0.20624,8.778975

01/27/2020,13:00:00,5.05003725,4.0315333330000005,270.95453330000004,351.6991333,0.17162666699999998,80.7446

01/27/2020,14:00:00,3.702053625,3.445533333,76.205095,75.30975833,0.179206667,0.0

01/27/2020,15:00:00,4.34028675,3.5644,126.28976170000001,124.3430683,0.180913333,0.0

01/27/2020,16:00:00,4.377185875,3.542933333,64.89298667,63.36447167,0.1697,0.0

01/27/2020,17:00:00,3.8949529999999997,2.765,19.8779745,18.94512567,0.026506667,0.0

01/27/2020,18:00:00,2.737809875,1.7452666669999999,0.7879320670000001,0.503641417,0.0,0.0

01/27/2020,19:00:00,1.541268375,1.0856666670000001,0.0,0.0,0.0,0.0

01/27/2020,20:00:00,4.0110595,3.668933333,0.044738117,0.0,0.0,0.0

01/27/2020,21:00:00,4.304886499999999,3.518333333,0.02369965,0.0,0.0,0.0

01/27/2020,22:00:00,3.3083410000000004,2.634066667,0.0,0.0,0.0,0.0

01/27/2020,23:00:00,2.560152625,2.035933333,0.0,0.0,0.0,0.0

01/28/2020,00:00:00,2.3599915,1.787133333,0.0,0.0,0.0,0.0

01/28/2020,01:00:00,1.9696740000000001,1.2834,0.0,0.0,0.0,0.0

01/28/2020,02:00:00,1.463200625,0.7082666670000001,0.0,0.0,0.0,0.0

01/28/2020,03:00:00,1.230797125,0.49326666700000005,0.0,0.0,0.0,0.0

01/28/2020,04:00:00,1.14173375,0.39933333299999996,0.0,0.0,0.0,0.0

01/28/2020,05:00:00,0.6698548000000001,0.145466667,0.0,0.0,0.0,0.0

01/28/2020,06:00:00,-0.906768213,-0.6126,0.0,0.0,0.0,0.0

01/28/2020,07:00:00,-1.047213638,-0.6083333329999999,0.035085017,0.0,0.0,0.0

01/28/2020,08:00:00,1.29441425,0.162933333,15.04615312,38.02136895,0.29541999999999996,22.97521583

01/28/2020,09:00:00,4.066989625,2.886666667,39.97359,197.80591669999998,0.2401,157.8323267

01/28/2020,10:00:00,3.54494925,3.3054666669999997,53.07051833,368.1613667,0.22926,315.0908483

01/28/2020,11:00:00,5.110697,4.163333333,59.47105667,498.4895,0.221866667,439.01844339999997

01/28/2020,12:00:00,6.871828875,5.4536,61.59873667,573.86375,0.2201,512.2650133000001

01/28/2020,13:00:00,7.200993625,6.808733332999999,61.69826167,586.3833334,0.2253,524.6850717

01/28/2020,14:00:00,8.5519515,8.038866667,60.24560333,537.1715833,0.23435999999999998,476.92598

01/28/2020,15:00:00,9.872922875,8.631333332999999,55.33728833,429.59221669999994,0.24544000000000002,374.2549283

01/28/2020,16:00:00,8.750702,7.347933332999999,45.252140000000004,277.4106167,0.250026667,232.1584767

01/28/2020,17:00:00,5.757321,3.9246,27.79812,98.53005001,0.0,70.73193001

01/28/2020,18:00:00,3.404500875,3.2132,2.554650084,2.261759033,0.0,0.0

01/28/2020,19:00:00,1.277462125,1.7636,0.0,0.0,0.0,0.0

01/28/2020,20:00:00,1.06747955,0.9502666670000001,0.0,0.0,0.0,0.0

01/28/2020,21:00:00,-0.09307351300000001,0.5624,0.0,0.0,0.0,0.0

01/28/2020,22:00:00,1.856598,2.1884666669999997,0.012499467,0.0,0.0,0.0

01/28/2020,23:00:00,1.75913175,1.6764,0.0,0.0,0.0,0.0

01/29/2020,00:00:00,0.551723813,0.2596,0.0,0.0,0.0,0.0

01/29/2020,01:00:00,-0.5308255999999999,-1.416466667,0.005104933,0.0,0.0,0.0

01/29/2020,02:00:00,-1.03926125,-0.631066667,0.0,0.0,0.0,0.0

01/29/2020,03:00:00,-1.083783375,-0.443533333,0.0,0.0,0.0,0.0

01/29/2020,04:00:00,-0.931131988,-0.0904,0.0,0.0,0.0,0.0

01/29/2020,05:00:00,0.308738688,0.036866667,0.0,0.0,0.0,0.0

01/29/2020,06:00:00,-0.31825891300000003,0.235533333,0.0,0.0,0.0,0.0

01/29/2020,07:00:00,0.129248945,0.7929999999999999,0.0,0.0,0.0,0.0

01/29/2020,08:00:00,1.278416,0.7929999999999999,7.793405666,7.127742232999999,0.199306667,0.0

01/29/2020,09:00:00,2.27710275,1.7724666669999998,59.11792833,57.778034999999996,0.186606667,0.0

01/29/2020,10:00:00,3.39826775,2.4750666669999997,137.0065,134.9150617,0.190453333,0.0

01/29/2020,11:00:00,3.82892125,3.186466667,228.4011333,230.55658340000002,0.198246667,2.155450025

01/29/2020,12:00:00,5.392291125,4.2899333330000005,298.2224833,379.73001669999996,0.208326667,81.50753338

01/29/2020,13:00:00,5.932351375,4.6586,232.09986669999998,529.8528666999999,0.211093333,297.753

01/29/2020,14:00:00,5.586631375,5.4162,225.25496669999998,447.7236333000001,0.22378,222.4686667

01/29/2020,15:00:00,5.528867,5.0016,229.8112333,305.3767167,0.21518,75.56548335

01/29/2020,16:00:00,5.645261625,4.570266667,159.64335,217.00533340000004,0.19478,57.36198335

01/29/2020,17:00:00,3.68632625,2.4828,49.08550333,50.39971833,0.047953333,1.314215003

01/29/2020,18:00:00,3.266064,2.407866667,1.90547545,1.5720572330000002,0.0,0.0

01/29/2020,19:00:00,1.219830875,0.472133333,0.0,0.0,0.0,0.0

01/29/2020,20:00:00,0.067412695,-0.367066667,0.0,0.0,0.0,0.0

01/29/2020,21:00:00,-0.053904534000000004,-0.693733333,0.0,0.0,0.0,0.0

01/29/2020,22:00:00,-1.619561125,-1.334866667,0.0,0.0,0.0,0.0

01/29/2020,23:00:00,-1.1462450000000002,-1.111666667,0.0,0.0,0.0,0.0

01/30/2020,00:00:00,-3.210598,-1.925,0.0,0.0,0.0,0.0

01/30/2020,01:00:00,-2.38204975,-2.3716,0.0,0.0,0.0,0.0

01/30/2020,02:00:00,-3.3779324999999996,-3.341133333,0.0,0.0,0.0,0.0

01/30/2020,03:00:00,-6.39377075,-3.1272,0.0,0.0,0.0,0.0

01/30/2020,04:00:00,-6.389571625,-3.2311333330000003,0.0,0.0,0.0,0.0

01/30/2020,05:00:00,-5.948404375,-0.3326,0.0,0.0,0.0,0.0

01/30/2020,06:00:00,-1.255778875,-0.556533333,0.0033723670000000002,0.0,0.0,0.0

01/30/2020,07:00:00,0.303683263,0.030933332999999997,0.060362282999999996,0.0,0.0,0.0

01/30/2020,08:00:00,1.346635,1.011066667,26.24002467,39.17487885,0.34943333299999996,12.93485418

01/30/2020,09:00:00,3.102539875,2.3808,113.29346329999998,141.5376866,0.3295,28.2442233

01/30/2020,10:00:00,3.400294875,1.3591333330000002,127.111985,336.4978,0.203586667,209.38581499999998

01/30/2020,11:00:00,2.773980125,3.4852,136.05022340000002,435.52825,0.22077333300000002,299.4780266

01/30/2020,12:00:00,4.17137325,3.471266667,209.03753500000002,543.4225,0.194506667,334.38496499999997

01/30/2020,13:00:00,2.72063775,2.2364,186.0112417,185.7272733,0.17789333300000001,0.0

01/30/2020,14:00:00,3.22034575,2.605133333,145.5194633,143.4528717,0.189813333,0.0

01/30/2020,15:00:00,3.162322875,2.516133333,205.27985,206.64025,0.19926666699999998,1.3604

01/30/2020,16:00:00,2.303601,1.581666667,117.6075817,116.78013,0.18458666699999998,0.0

01/30/2020,17:00:00,0.887431163,-0.108333333,30.03894017,29.148065000000003,0.055586667,0.0

01/30/2020,18:00:00,-1.140113125,-1.7122,1.240638483,1.124236817,0.0,0.0

01/30/2020,19:00:00,-1.648090375,-2.253933333,0.0,0.0,0.0,0.0

01/30/2020,20:00:00,-1.766768875,-2.0026,3.095e-05,0.0,0.0,0.0

01/30/2020,21:00:00,-2.01484,-2.266866667,0.0,0.0,0.0,0.0

01/30/2020,22:00:00,-3.7421235,-2.8486,0.0,0.0,0.0,0.0

01/30/2020,23:00:00,-3.578274625,-3.796533333,0.0,0.0,0.0,0.0

01/31/2020,00:00:00,-4.921670375,-3.1146,0.0,0.0,0.0,0.0

01/31/2020,01:00:00,-3.473639,-2.781733333,0.0,0.0,0.0,0.0

01/31/2020,02:00:00,-6.514811,-3.342533333,0.005074117,0.0,0.0,0.0

01/31/2020,03:00:00,-2.82613125,-2.144333333,0.0,0.0,0.0,0.0

01/31/2020,04:00:00,-1.211465875,-1.2592,0.0,0.0,0.0,0.0

01/31/2020,05:00:00,-0.556000675,-0.674866667,0.0,0.0,0.0,0.0

01/31/2020,06:00:00,-0.066792171,-0.0838,0.0,0.0,0.0,0.0

01/31/2020,07:00:00,1.40261475,0.904266667,0.2166373,0.0,0.0,0.0

01/31/2020,08:00:00,2.8716494999999997,2.6554,23.34488217,51.48720366,0.54872,28.14232149

01/31/2020,09:00:00,4.779179625,4.404533333,126.74176499999999,236.6403333,0.48719333299999995,109.8985683

01/31/2020,10:00:00,6.42671525,6.2338,195.7752667,260.4525667,0.423,64.6773

01/31/2020,11:00:00,8.63762325,8.1208,198.5675167,444.0453833000001,0.21456,245.4778667

01/31/2020,12:00:00,10.07241363,8.779333333,214.53781669999998,570.1802332999999,0.20695999999999998,355.6424167

01/31/2020,13:00:00,9.908472,8.978666667,324.2584,424.4051,0.206406667,100.1467

01/31/2020,14:00:00,10.20407375,9.761333333,285.15025,399.7491667,0.214206667,114.59891670000002

01/31/2020,15:00:00,10.25684375,9.386000000000001,219.8521833,357.22505,0.234833333,137.3728667

01/31/2020,16:00:00,8.1961835,7.550066667,129.781,214.73211669999998,0.213266667,84.95111668

01/31/2020,17:00:00,7.55265375,6.764933332999999,75.335505,86.21302501,0.10466666699999999,10.87752001

01/31/2020,18:00:00,6.69477675,6.1246666670000005,5.538606817000001,5.003733249,0.0,0.0

01/31/2020,19:00:00,6.5368,5.975733332999999,0.0,0.0,0.0,0.0

01/31/2020,20:00:00,6.652207375,6.292266667000001,0.0,0.0,0.0,0.0

01/31/2020,21:00:00,6.827123125,6.3742,0.0,0.0,0.0,0.0

01/31/2020,22:00:00,7.21253875,6.541,0.0,0.0,0.0,0.0

01/31/2020,23:00:00,7.1789914999999995,6.876666667,0.0,0.0,0.0,0.0

01/02/2020,00:00:00,7.516821875,7.116533333,0.0,0.0,0.0,0.0

01/02/2020,01:00:00,7.0880625,6.7499333329999995,0.0,0.0,0.0,0.0

01/02/2020,02:00:00,7.546165375,6.997266667000001,0.0,0.0,0.0,0.0

01/02/2020,03:00:00,7.425582625,7.173866667,0.0,0.0,0.0,0.0

01/02/2020,04:00:00,8.427625875,7.8652,0.0,0.0,0.0,0.0

01/02/2020,05:00:00,9.2161455,8.569333333,0.0,0.0,0.0,0.0

01/02/2020,06:00:00,8.728988000000001,8.48,0.0,0.0,0.0,0.0

01/02/2020,07:00:00,10.09784375,9.954666667,0.184954867,0.0,0.0,0.0

01/02/2020,08:00:00,11.3742125,10.765999999999998,24.633445499999997,26.08637683,0.206826667,1.4529313330000002

01/02/2020,09:00:00,12.220310000000001,11.686,110.26276499999999,113.38418329999999,0.217373333,3.1214183319999997

01/02/2020,10:00:00,14.977747500000001,13.63933333,202.17435,316.05435,0.217566667,113.88

01/02/2020,11:00:00,16.70007375,14.93533333,269.3449667,473.7799834,0.211353333,204.43501669999998

01/02/2020,12:00:00,15.7388775,15.175999999999998,267.38975,444.48278330000005,0.215766667,177.0930333

01/02/2020,13:00:00,16.56373875,15.73066667,250.885,575.4651667,0.21533333300000002,324.5801667

01/02/2020,14:00:00,16.14604375,15.606,291.8332167,468.6139,0.21544666699999998,176.78068330000002

01/02/2020,15:00:00,15.4353625,14.50066667,215.2770167,263.3556333,0.19582666699999998,48.07861665

01/02/2020,16:00:00,15.0120125,14.37133333,117.337905,115.57486499999999,0.19688,0.0

01/02/2020,17:00:00,13.712995000000001,13.515999999999998,49.19510833,52.296695,0.020506667,3.101586667

01/02/2020,18:00:00,12.78461375,12.50266667,3.096474717,2.434105167,0.0,0.0

01/02/2020,19:00:00,13.09274375,12.93066667,0.0,0.0,0.0,0.0

01/02/2020,20:00:00,11.82157625,11.18933333,0.0,0.0,0.0,0.0

01/02/2020,21:00:00,9.367462625,10.78,0.0,0.0,0.0,0.0

01/02/2020,22:00:00,9.943398875,12.23333333,0.005321533000000001,0.0,0.0,0.0

01/02/2020,23:00:00,13.13813625,13.33333333,0.004517117,0.0,0.0,0.0

02/02/2020,00:00:00,8.512777999999999,10.29866667,0.0,0.0,0.0,0.0

02/02/2020,01:00:00,9.000738,9.792666667,0.0,0.0,0.0,0.0

02/02/2020,02:00:00,5.719048125,8.954,0.0,0.0,0.0,0.0

02/02/2020,03:00:00,4.74086,8.994666667,0.0,0.0,0.0,0.0

02/02/2020,04:00:00,4.13279475,8.784666667,0.0,0.0,0.0,0.0

02/02/2020,05:00:00,8.952685375,11.38266667,0.0,0.0,0.0,0.0

02/02/2020,06:00:00,9.242375375,11.542,0.048791,0.0,0.0,0.0

02/02/2020,07:00:00,11.53675625,11.81133333,0.233931367,0.0,0.0,0.0

02/02/2020,08:00:00,14.731752499999999,13.40866667,17.27371767,43.74879068,0.287513333,26.47507301

02/02/2020,09:00:00,16.198710000000002,15.52133333,37.87776833,215.1371667,0.231693333,177.2593983

02/02/2020,10:00:00,19.2802625,18.654,47.74464334,388.2879333,0.2207,340.54329

02/02/2020,11:00:00,20.5080375,19.752,53.42147667,522.5945833000001,0.2142,469.1731067

02/02/2020,12:00:00,20.447715,20.74133333,55.77589333,602.1408332999999,0.21303333300000002,546.36494

02/02/2020,13:00:00,22.143585,21.25933333,56.12078667,618.2469833,0.2181,562.1261967

02/02/2020,14:00:00,22.81832375,22.06933333,55.00185,570.4797,0.227446667,515.47785

02/02/2020,15:00:00,22.35343375,21.766,50.818595,463.0363666999999,0.24009333300000002,412.21777169999996

02/02/2020,16:00:00,21.24583875,20.71733333,43.15449834,306.8521333,0.24508666699999998,263.697635

02/02/2020,17:00:00,18.10842125,17.51133333,28.51349167,122.19044170000001,0.0,93.67694999

02/02/2020,18:00:00,14.165145,14.28866667,4.195714048999999,3.6176223339999996,0.0,0.0

02/02/2020,19:00:00,12.9399175,12.47066667,0.0,0.0,0.0,0.0

02/02/2020,20:00:00,11.55732125,11.67866667,0.0,0.0,0.0,0.0

02/02/2020,21:00:00,11.14274,11.937999999999999,0.0,0.0,0.0,0.0

02/02/2020,22:00:00,3.17714775,2.361933333,0.0,0.0,0.0,0.0

02/02/2020,23:00:00,1.5855805,0.282666667,0.0,0.0,0.0,0.0

03/02/2020,00:00:00,-0.36974145,-1.2993333329999999,0.00099005,0.0,0.0,0.0

03/02/2020,01:00:00,-1.1368715,-1.9197333330000002,0.0,0.0,0.0,0.0

03/02/2020,02:00:00,-1.95212125,-2.6828,0.0,0.0,0.0,0.0

03/02/2020,03:00:00,-2.535763125,-3.3622,0.0,0.0,0.0,0.0

03/02/2020,04:00:00,-2.824878,-3.572533333,0.0,0.0,0.0,0.0

03/02/2020,05:00:00,-2.992130875,-3.588266667,0.0,0.0,0.0,0.0

03/02/2020,06:00:00,-2.894757125,-3.6280666669999997,0.04461415,0.0,0.0,0.0

03/02/2020,07:00:00,-4.2551165,-4.9144,0.020852867,0.007844233,0.0,0.0

03/02/2020,08:00:00,-5.113023625,-5.664466667,5.937353432999999,5.80130625,0.210933333,0.0

03/02/2020,09:00:00,-5.60061525,-5.970266667000001,30.36101017,30.42209717,0.254686667,0.061087

03/02/2020,10:00:00,-5.343943,-5.895466667000001,62.63982833,62.69369167,0.39484666700000004,0.053863332

03/02/2020,11:00:00,-6.515413,-7.226466667,92.00248501,92.20718333,0.525046667,0.204698325

03/02/2020,12:00:00,-7.685102499999999,-8.093333333,99.109985,99.44088666,0.661153333,0.330901657

03/02/2020,13:00:00,-7.371679375,-8.035133333,144.1343167,144.2203,0.745153333,0.08598335

03/02/2020,14:00:00,-7.941024625,-8.312666667,145.3573833,145.5526833,0.777566667,0.1953

03/02/2020,15:00:00,-7.6976185,-8.34,175.66755,177.04088330000002,0.770066667,1.373333325

03/02/2020,16:00:00,-8.32390425,-8.64,102.84218670000001,102.83619,0.8073933329999999,0.0

03/02/2020,17:00:00,-8.37078625,-8.824666667,36.71261333,37.34746667,0.587186667,0.634853332

03/02/2020,18:00:00,-8.785102125,-9.252,4.453583849,4.015430466000001,0.0,0.0

03/02/2020,19:00:00,-8.96148925,-9.668666667,0.0,0.0,0.0,0.0

03/02/2020,20:00:00,-9.269299125,-9.75,0.0,0.0,0.0,0.0

03/02/2020,21:00:00,-9.686944625,-10.09,0.0,0.0,0.0,0.0

03/02/2020,22:00:00,-10.24404,-10.69733333,0.0,0.0,0.0,0.0

03/02/2020,23:00:00,-10.02041625,-10.44866667,0.0,0.0,0.0,0.0

04/02/2020,00:00:00,-10.58489875,-11.05666667,0.0,0.0,0.0,0.0

04/02/2020,01:00:00,-10.96731875,-11.408,0.0,0.0,0.0,0.0

04/02/2020,02:00:00,-10.99850625,-11.42733333,0.0,0.0,0.0,0.0

04/02/2020,03:00:00,-11.7279775,-12.04533333,0.0,0.0,0.0,0.0

04/02/2020,04:00:00,-11.9107725,-12.112,0.0,0.0,0.0,0.0

04/02/2020,05:00:00,-11.98701875,-12.17733333,0.0,0.0,0.0,0.0

04/02/2020,06:00:00,-11.8276375,-12.366,0.0011447669999999999,0.0,0.0,0.0

04/02/2020,07:00:00,-11.78909875,-12.234000000000002,0.122828967,0.0,0.0,0.0

04/02/2020,08:00:00,-11.1277925,-10.82666667,30.08321333,33.76289134,0.8502,3.6796780030000003

04/02/2020,09:00:00,-11.11975125,-10.26,117.5924467,134.0735117,0.86282,16.48106502

04/02/2020,10:00:00,-9.039638499999999,-7.598733332999999,181.8270833,224.9997,0.8481266670000001,43.17261668

04/02/2020,11:00:00,-9.05451175,-5.185933333,309.41976669999997,423.11795,0.8452,113.69818329999998

04/02/2020,12:00:00,-7.364431,-6.1253333329999995,383.73443330000003,457.99798330000004,0.8626733329999999,74.26355

04/02/2020,13:00:00,-7.97758375,-7.7816,332.1212334,350.455,0.8523,18.33376663

04/02/2020,14:00:00,-7.541661375,-6.865133332999999,365.708,377.6583167,0.8669066670000001,11.95031665

04/02/2020,15:00:00,-9.39724675,-8.92,266.3299333,291.1740167,0.835613333,24.84408333

04/02/2020,16:00:00,-9.9953115,-10.37733333,221.4168634,218.721325,0.82742,0.0

04/02/2020,17:00:00,-11.007607499999999,-12.36066667,79.75551833,78.99395668,0.680546667,0.0

04/02/2020,18:00:00,-14.8941075,-13.59533333,7.811671283,7.396402934,0.0,0.0

04/02/2020,19:00:00,-14.471207500000002,-13.884,0.0,0.0,0.0,0.0

04/02/2020,20:00:00,-13.7207,-13.56533333,0.0,0.0,0.0,0.0

04/02/2020,21:00:00,-12.915905,-13.11333333,0.0,0.0,0.0,0.0

04/02/2020,22:00:00,-12.2693925,-12.62066667,0.0,0.0,0.0,0.0

04/02/2020,23:00:00,-11.985489999999999,-12.43733333,0.0,0.0,0.0,0.0

05/02/2020,00:00:00,-12.60074875,-13.56933333,0.0,0.0,0.0,0.0

05/02/2020,01:00:00,-16.24430375,-15.43133333,0.0,0.0,0.0,0.0

05/02/2020,02:00:00,-15.82317125,-15.69266667,0.0,0.0,0.0,0.0

05/02/2020,03:00:00,-17.56510375,-15.23333333,0.0,0.0,0.0,0.0

05/02/2020,04:00:00,-17.81756,-15.745999999999999,0.0,0.0,0.0,0.0

05/02/2020,05:00:00,-18.282770000000003,-15.61,0.0015160170000000001,0.0,0.0,0.0

05/02/2020,06:00:00,-19.2684225,-14.606,0.02642225,0.0,0.0,0.0

05/02/2020,07:00:00,-18.8394125,-14.958,0.265769367,0.21899096699999998,0.0,0.0

05/02/2020,08:00:00,-13.03815375,-13.847999999999999,20.710665,58.68224583,0.96886,37.97158083

05/02/2020,09:00:00,-11.021865,-13.37933333,48.93759833,240.60353340000003,0.9034399999999999,191.66593500000002

05/02/2020,10:00:00,-6.610851375,-10.868,70.461815,421.75705,0.880706667,351.295235

05/02/2020,11:00:00,-4.23307975,-4.609333333,93.41554833,555.8060333,0.8607733329999999,462.39048499999996

05/02/2020,12:00:00,-4.32458525,-5.5212,86.137765,638.0572834,0.843826667,551.9195183999999

05/02/2020,13:00:00,-0.6536458,-3.2722,81.02770333,650.0879332999999,0.813266667,569.0602299999999

05/02/2020,14:00:00,-2.012251375,-3.690466667,78.73588833,601.0713833,0.7989533329999999,522.335495

05/02/2020,15:00:00,0.870031063,-3.0076,71.215405,487.60045,0.784546667,416.385045

05/02/2020,16:00:00,-0.09782568800000001,-2.578733333,56.96194667,325.60206669999997,0.74356,268.64012

05/02/2020,17:00:00,-6.048363875,-6.353466667,36.19667834,123.24708170000001,0.614313333,87.05040332

05/02/2020,18:00:00,-5.5275865,-5.796066667000001,6.485651783,5.980002951,0.0,0.0

05/02/2020,19:00:00,-5.972299375,-5.7816666670000005,0.0,0.0,0.0,0.0

05/02/2020,20:00:00,-4.16220025,-4.681133333,0.043438617,0.0,0.0,0.0

05/02/2020,21:00:00,-4.080062,-4.654866667,0.0,0.0,0.0,0.0

05/02/2020,22:00:00,-3.711417125,-4.250733333,0.0,0.0,0.0,0.0

05/02/2020,23:00:00,-3.5105230000000005,-4.032933333,0.0,0.0,0.0,0.0

06/02/2020,00:00:00,-3.78745675,-4.189533333,0.0,0.0,0.0,0.0

06/02/2020,01:00:00,-3.6341155,-3.984133333,0.0,0.0,0.0,0.0

06/02/2020,02:00:00,-3.657735125,-3.667733333,0.0,0.0,0.0,0.0

06/02/2020,03:00:00,-3.28781775,-3.4939999999999998,0.0,0.0,0.0,0.0

06/02/2020,04:00:00,-4.067208875,-4.2348,0.0,0.0,0.0,0.0

06/02/2020,05:00:00,-3.784224125,-2.2232,0.032981199999999995,0.0,0.0,0.0

06/02/2020,06:00:00,-0.53239505,-0.988866667,0.031836317,0.0,0.0,0.0

06/02/2020,07:00:00,-0.37250456299999996,-0.779666667,0.18046795,0.005803567,0.0,0.0

06/02/2020,08:00:00,0.20682587300000002,-0.321666667,23.34752033,22.42191217,0.7769733329999999,0.0

06/02/2020,09:00:00,0.50383695,0.330933333,98.87283667,96.591635,0.77958,0.0

06/02/2020,10:00:00,1.481501625,1.181,181.8459834,178.06905,0.7807,0.0

06/02/2020,11:00:00,1.628724125,1.169933333,268.73135,264.11153340000004,0.768246667,0.0

06/02/2020,12:00:00,2.2300795,1.549266667,328.62446669999997,327.3303667,0.7565466670000001,0.0

06/02/2020,13:00:00,2.737285875,2.2490666669999997,371.2437833,418.6436,0.747393333,47.39981668

06/02/2020,14:00:00,2.58913825,1.6354,331.5402833,350.70195,0.718886667,19.16166668

06/02/2020,15:00:00,2.83995775,2.495666667,295.7069,320.6910167,0.71918,24.98411663

06/02/2020,16:00:00,2.70851675,1.8948,192.17313330000002,243.6496167,0.688026667,51.47648333

06/02/2020,17:00:00,0.893253613,-0.137133333,89.75655999,103.0009017,0.693566667,13.24434166

06/02/2020,18:00:00,0.222592338,-0.6012,4.58786045,4.139278233,0.0,0.0

06/02/2020,19:00:00,-1.08859325,-1.7679333330000002,0.0,0.0,0.0,0.0

06/02/2020,20:00:00,-1.75333425,-2.2684666669999998,0.0,0.0,0.0,0.0

06/02/2020,21:00:00,-2.148968625,-2.589666667,0.0,0.0,0.0,0.0

06/02/2020,22:00:00,-3.954735875,-4.679666667,0.0,0.0,0.0,0.0

06/02/2020,23:00:00,-4.855608125,-5.356,0.0,0.0,0.0,0.0

07/02/2020,00:00:00,-5.065533375,-5.449533333,0.0,0.0,0.0,0.0

07/02/2020,01:00:00,-5.058284,-5.506266667,0.0,0.0,0.0,0.0

07/02/2020,02:00:00,-5.25786075,-5.647666667,0.0,0.0,0.0,0.0

07/02/2020,03:00:00,-5.187774125,-5.765466667,0.0,0.0,0.0,0.0

07/02/2020,04:00:00,-5.334450375,-5.8348,0.0,0.0,0.0,0.0

07/02/2020,05:00:00,-5.457308375,-5.791466667000001,0.0,0.0,0.0,0.0

07/02/2020,06:00:00,-5.353842125,-5.919,0.0,0.0,0.0,0.0

07/02/2020,07:00:00,-5.445172125,-6.049533332999999,0.12063183300000001,0.0,0.0,0.0

07/02/2020,08:00:00,-5.249253125,-5.980866667000001,11.736233,10.66647205,0.9373600000000001,0.0

07/02/2020,09:00:00,-4.125505375,-5.5406,58.44050167,56.00493834,0.92064,0.0

07/02/2020,10:00:00,-3.395096,-5.006466667,115.92801170000001,112.0739883,0.91374,0.0

07/02/2020,11:00:00,-2.055759625,-4.301466667,141.39516669999998,137.3729917,0.907573333,0.0

07/02/2020,12:00:00,-3.743105625,-4.713133333,196.2077167,191.1506333,0.9080600000000001,0.0

07/02/2020,13:00:00,-2.0743025,-3.709466667,233.7358167,227.66695,0.895406667,0.0

07/02/2020,14:00:00,-2.072215875,-3.746333333,257.45315,251.7153833,0.890153333,0.0

07/02/2020,15:00:00,-2.818392875,-4.167933333,170.5119867,165.9821733,0.8994266670000001,0.0

07/02/2020,16:00:00,-3.435740875,-4.008066667,79.29587334,75.364125,0.9335399999999999,0.0

07/02/2020,17:00:00,-3.529463625,-4.207266667,37.99133333,35.28521334,0.912913333,0.0

07/02/2020,18:00:00,-3.899260625,-4.338,2.401802833,1.7646418169999998,0.0,0.0

07/02/2020,19:00:00,-3.8426980000000004,-4.2838,0.0,0.0,0.0,0.0

07/02/2020,20:00:00,-3.776151,-4.124266667,0.0,0.0,0.0,0.0

07/02/2020,21:00:00,-4.0311285,-4.362866667,0.0,0.0,0.0,0.0

07/02/2020,22:00:00,-4.9296165,-4.8859333330000005,0.0,0.0,0.0,0.0

07/02/2020,23:00:00,-6.1185615,-4.9142,0.0,0.0,0.0,0.0

08/02/2020,00:00:00,-6.09638,-3.4346,0.0,0.0,0.0,0.0

08/02/2020,01:00:00,-4.191803500000001,-4.1532,0.006853817,0.0,0.0,0.0

08/02/2020,02:00:00,-7.324629375,-5.1684,0.0,0.0,0.0,0.0

08/02/2020,03:00:00,-6.550578125,-5.409066667,0.0,0.0,0.0,0.0

08/02/2020,04:00:00,-6.110285625,-2.7464,0.091765617,0.0,0.0,0.0

08/02/2020,05:00:00,-5.911643375,-4.241333333,0.0,0.0,0.0,0.0

08/02/2020,06:00:00,-7.210538000000001,-4.042533333,0.0,0.0,0.0,0.0

08/02/2020,07:00:00,-7.741707875,-4.157,0.335508083,0.301037683,0.08694666699999999,0.0

08/02/2020,08:00:00,-1.500450125,-1.3054666670000001,19.52247283,59.28742567,1.01006,39.76495284

08/02/2020,09:00:00,3.23323575,3.331133333,61.169290000000004,249.15885,0.928553333,187.98956

08/02/2020,10:00:00,3.516096125,2.899533333,66.70254833,428.1169,0.898593333,361.4143517

08/02/2020,11:00:00,8.968238875,6.986066667,73.48077833,565.06035,0.861406667,491.57957170000003

08/02/2020,12:00:00,6.155830375,5.424066667000001,76.98521,645.9419667000001,0.8352200000000001,568.9567567

08/02/2020,13:00:00,6.834565875,7.7926,77.15633333,663.3245167,0.81088,586.1681833

08/02/2020,14:00:00,10.31746825,9.966000000000001,73.03599667,614.6818834,0.7902933329999999,541.6458867

08/02/2020,15:00:00,10.126082499999999,9.3402,64.833035,503.94048330000004,0.7755266670000001,439.1074483

08/02/2020,16:00:00,12.69053,12.34466667,53.32132833,342.08415,0.739953333,288.76282169999996

08/02/2020,17:00:00,6.6962925,6.285733333,35.03658333,141.63949169999998,0.6138066670000001,106.60290829999998

08/02/2020,18:00:00,4.754053875,5.8264,6.8021729,6.476119517000001,0.0,0.0

08/02/2020,19:00:00,2.92533325,6.190666667,0.0,0.0,0.0,0.0

08/02/2020,20:00:00,3.666243125,4.802733333,0.020945699999999998,0.0,0.0,0.0

08/02/2020,21:00:00,2.044536375,1.9985333330000001,0.0,0.0,0.0,0.0

08/02/2020,22:00:00,-0.543236425,-0.606666667,0.0,0.016617117,0.0,0.016617117

08/02/2020,23:00:00,-0.452619238,-0.6528666670000001,0.0,0.0,0.0,0.0

09/02/2020,00:00:00,0.07136219099999999,-0.4608,0.0,0.0,0.0,0.0

09/02/2020,01:00:00,0.480566975,0.157266667,0.0,0.0,0.0,0.0

09/02/2020,02:00:00,-0.370561275,-1.029733333,0.0,0.0,0.0,0.0

09/02/2020,03:00:00,-0.9064496129999999,-2.139733333,0.0,0.0,0.0,0.0

09/02/2020,04:00:00,-2.44839475,-3.0394666669999997,0.0,0.0,0.0,0.0

09/02/2020,05:00:00,-3.0683465,-3.3684,0.0,0.0,0.0,0.0

09/02/2020,06:00:00,-3.265726875,-3.750066667,0.0,0.0,0.0,0.0

09/02/2020,07:00:00,-3.536568375,-3.9018666669999997,0.203549333,0.0,0.15184,0.0

09/02/2020,08:00:00,-4.341446375,-5.022933333,28.14617683,25.02529217,0.957973333,0.0

09/02/2020,09:00:00,-3.39758975,-4.001466667,118.51072669999999,111.62357,0.933866667,0.0

09/02/2020,10:00:00,-3.829962875,-4.0812666669999995,264.16423330000003,251.29225,0.8932133329999999,0.0

09/02/2020,11:00:00,-2.7218575,-3.477066667,377.6876,386.9592667,0.8746666670000001,9.271666675

09/02/2020,12:00:00,-1.7709294999999998,-3.208133333,438.96006669999997,481.8068,0.8453,42.84673338

09/02/2020,13:00:00,-1.459720938,-3.1063333330000003,469.81138330000005,622.5033167,0.843873333,152.6919334

09/02/2020,14:00:00,-1.42342525,-2.913333333,505.82505,657.5844167,0.8291200000000001,151.7593667

09/02/2020,15:00:00,-4.228838875,-4.5278,236.350025,235.0593233,0.8893266670000001,0.0

09/02/2020,16:00:00,-4.239229625,-4.8421333330000005,97.48696,95.35603001,0.878846667,0.0

09/02/2020,17:00:00,-4.191745500000001,-5.025333333,43.85818,42.375475,0.8894266670000001,0.0

09/02/2020,18:00:00,-4.352867,-5.0362,4.483272416,3.9335537830000002,0.0,0.0

09/02/2020,19:00:00,-4.582175875,-5.203066667,0.0,0.0,0.0,0.0

09/02/2020,20:00:00,-5.798720875,-5.514866667000001,0.0,0.0,0.0,0.0

09/02/2020,21:00:00,-6.488426375,-6.289266667000001,0.0,0.0,0.0,0.0

09/02/2020,22:00:00,-8.440323125,-7.3364,0.0,0.0,0.0,0.0

09/02/2020,23:00:00,-8.024612,-7.8734,0.0,0.0,0.0,0.0

10/02/2020,00:00:00,-8.486624625,-6.408266667,0.0,0.0,0.0,0.0

10/02/2020,01:00:00,-3.849310375,-3.110066667,0.0387983,0.0,0.0,0.0

10/02/2020,02:00:00,-6.6078135,-7.494533333,0.03035165,0.0268473,0.0,0.0

10/02/2020,03:00:00,-9.1330425,-8.626,0.0,0.0,0.0,0.0

10/02/2020,04:00:00,-9.547147375,-9.006,0.0,0.0,0.0,0.0

10/02/2020,05:00:00,-11.08548,-9.554,0.0,0.0,0.0,0.0

10/02/2020,06:00:00,-9.955555125,-9.144666667000001,0.0,0.0,0.0,0.0

10/02/2020,07:00:00,-11.34714,-9.538666667000001,0.46105938399999996,0.2599587,0.236526667,0.0

10/02/2020,08:00:00,-8.331088625,-8.617533332999999,26.97962617,49.832553999999995,0.896553333,22.85292783

10/02/2020,09:00:00,-1.060305463,-3.299066667,69.687955,254.5795667,0.876246667,184.8916117

10/02/2020,10:00:00,1.030314975,-1.886133333,127.73253670000001,406.4662,0.8507933329999999,278.73366339999995

10/02/2020,11:00:00,2.361985375,-0.858933333,117.3918834,573.9151833,0.8411,456.5233

10/02/2020,12:00:00,-0.53046255,-1.227,286.84175,482.22583330000003,0.8399133329999999,195.38408330000001

10/02/2020,13:00:00,-0.396779075,-1.58,468.58836669999994,587.1204333,0.838533333,118.53206670000002

10/02/2020,14:00:00,0.157264708,-1.636733333,434.3653,460.5428834,0.8322666670000001,26.17758333

10/02/2020,15:00:00,-0.975638838,-2.776266667,325.8315,340.9966,0.82506,15.16510003

10/02/2020,16:00:00,-2.389370125,-3.542533333,173.4261333,171.42491669999998,0.8272200000000001,0.0

10/02/2020,17:00:00,-3.8351495000000004,-4.7736,60.288534999999996,58.54821999999999,0.8481799999999999,0.0

10/02/2020,18:00:00,-4.73907525,-5.3186,5.9236562489999995,5.437298951,0.0,0.0

10/02/2020,19:00:00,-5.040648375,-5.745933332999999,0.0,0.0,0.0,0.0

10/02/2020,20:00:00,-5.238519375,-5.804933332999999,0.0,0.0,0.0,0.0

10/02/2020,21:00:00,-5.3850815,-5.878666667,0.0,0.0,0.0,0.0

10/02/2020,22:00:00,-5.478962125,-6.118266667,0.0,0.0,0.0,0.0

10/02/2020,23:00:00,-6.028472125,-6.613466667000001,0.0,0.0,0.0,0.0

11/02/2020,00:00:00,-6.7031558570000005,-7.357266667,0.0,0.0,0.0,0.0

11/02/2020,01:00:00,-7.238575571,-7.654,0.0,0.0,0.0,0.0

11/02/2020,02:00:00,-7.584649286,-7.969333333,0.0,0.0,0.0,0.0

11/02/2020,03:00:00,-9.183176286,-8.734,0.0,0.0,0.0,0.0

11/02/2020,04:00:00,-11.48053286,-10.886,0.0,0.0,0.0,0.0

11/02/2020,05:00:00,-10.60149429,-10.668,0.0,0.0,0.0,0.0

11/02/2020,06:00:00,-12.90307571,-11.777999999999999,0.0,0.0,0.0,0.0

11/02/2020,07:00:00,-13.311860000000001,-11.41666667,0.6306066,0.47188038299999996,0.28068000000000004,0.0

11/02/2020,08:00:00,-9.805380857000001,-10.228,26.88233433,65.42846983,0.922933333,38.5461355

11/02/2020,09:00:00,-3.122538571,-6.1726666670000006,60.92280667,264.5642167,0.8800600000000001,203.64141

11/02/2020,10:00:00,-1.6872611430000002,-1.3531333330000002,77.18808,451.9238334,0.8590399999999999,374.7357534

11/02/2020,11:00:00,2.846748143,-0.083533333,88.182305,594.60685,0.838073333,506.424545

11/02/2020,12:00:00,1.1842509140000002,-0.4018,90.37774834,678.1332167,0.8273733329999999,587.7554683

11/02/2020,13:00:00,2.353129429,-0.14800000000000002,88.57692667,693.1854833,0.825566667,604.6085567000001

11/02/2020,14:00:00,3.6155437139999997,0.79,83.10581833,640.4303,0.8250200000000001,557.3244817000001

11/02/2020,15:00:00,4.7839474289999995,2.032733333,73.68566833,523.78875,0.8108266670000001,450.10308169999996

11/02/2020,16:00:00,4.010317,2.4932,59.25522667,357.3206833,0.7688666670000001,298.06545669999997

11/02/2020,17:00:00,-0.303646614,-1.860133333,38.51438333,163.527795,0.5633600000000001,125.0134117

11/02/2020,18:00:00,-3.5855705710000003,-3.074,8.155997601000001,11.39731447,0.0,3.241316865

11/02/2020,19:00:00,-5.506931571,-3.284333333,0.0,0.0,0.0,0.0

11/02/2020,20:00:00,-5.089513714,-0.974866667,0.077471833,0.0,0.0,0.0

11/02/2020,21:00:00,-4.722670857,0.231533333,0.012220983000000001,0.0,0.0,0.0

11/02/2020,22:00:00,-3.2464128569999997,1.082866667,0.016676183,0.0,0.0,0.0

11/02/2020,23:00:00,-2.405216286,-2.519866667,0.021441032999999998,0.0,0.0,0.0

12/02/2020,00:00:00,3.54091375,2.580066667,0.14813679999999999,0.0,0.0,0.0

12/02/2020,01:00:00,2.443590875,2.1438,0.0,0.0,0.0,0.0

12/02/2020,02:00:00,2.8640695,2.0299333330000002,0.0,0.0,0.0,0.0

12/02/2020,03:00:00,1.89527675,0.886333333,0.0,0.0,0.0,0.0

12/02/2020,04:00:00,0.446527475,1.3769999999999998,0.00878675,0.0,0.0,0.0

12/02/2020,05:00:00,0.7280664379999999,-0.38933333299999995,0.0,0.0,0.0,0.0

12/02/2020,06:00:00,-1.082043563,-1.4453333330000002,0.0,0.0,0.0,0.0

12/02/2020,07:00:00,-0.870808,-1.256866667,0.576922334,0.39180976700000003,0.35810666700000005,0.0

12/02/2020,08:00:00,-0.519146613,-1.1060666670000001,43.36508867,43.11145034,0.85054,0.0

12/02/2020,09:00:00,-0.7311251999999999,-1.8531333330000002,85.82990834,83.8436,0.842893333,0.0

12/02/2020,10:00:00,2.911436375,1.1452,196.5357,214.58272000000002,0.822106667,18.04702

12/02/2020,11:00:00,0.224260975,-0.6670666670000001,305.59355,345.40765,0.82558,39.8141

12/02/2020,12:00:00,-0.1977234,-1.383,307.9936333,305.35706669999996,0.857753333,0.0

12/02/2020,13:00:00,-2.646178,-3.5573333330000003,173.1406667,169.8093834,0.879,0.0

12/02/2020,14:00:00,-2.857075125,-3.311266667,132.22728500000002,130.51985,0.8676666670000001,0.0

12/02/2020,15:00:00,-2.81073225,-3.4658,221.26633340000004,218.6115833,0.8521266670000001,0.0

12/02/2020,16:00:00,-2.50378525,-3.294266667,163.138485,167.31017,0.829893333,4.171685

12/02/2020,17:00:00,-2.917315375,-3.7828,97.63054668,94.89162333,0.821773333,0.0

12/02/2020,18:00:00,-3.843888125,-4.5544,7.8446133829999996,7.123056599,0.0,0.0

12/02/2020,19:00:00,-4.267357625,-4.822733333,0.0,0.0,0.0,0.0

12/02/2020,20:00:00,-6.117696875,-5.977333333,0.0,0.0,0.0,0.0

12/02/2020,21:00:00,-5.348053,-6.226133333,0.0,0.0,0.0,0.0

12/02/2020,22:00:00,-6.14292675,-6.875666667000001,0.0,0.0,0.0,0.0

12/02/2020,23:00:00,-6.38647225,-7.031066667,0.0,0.0,0.0,0.0

02/13/2020,00:00:00,-6.61130225,-7.313533333,0.0,0.0,0.0,0.0

02/13/2020,01:00:00,-6.710642,-7.260866667,0.0,0.0,0.0,0.0

02/13/2020,02:00:00,-7.160028625,-7.780733333,0.0,0.0,0.0,0.0

02/13/2020,03:00:00,-9.64588325,-9.958,0.0,0.0,0.0,0.0

02/13/2020,04:00:00,-10.36176875,-9.575333333,0.0,0.0,0.0,0.0

02/13/2020,05:00:00,-8.468367375,-8.706,0.009498417,0.0,0.0,0.0

02/13/2020,06:00:00,-8.032439875,-8.543333333,0.007889567,0.0,0.0,0.0

02/13/2020,07:00:00,-8.3817995,-8.966000000000001,0.544161267,0.376431267,0.42097333299999995,0.0

02/13/2020,08:00:00,-8.436137625,-8.788666667000001,30.31939667,29.14113767,0.8535866670000001,0.0

02/13/2020,09:00:00,-6.76534675,-7.7594,139.1090083,136.28898,0.8271533329999999,0.0

02/13/2020,10:00:00,-4.86271325,-5.575266667,335.7425667,365.1232,0.8427,29.38063338

02/13/2020,11:00:00,-3.960961875,-5.220266667,453.86428330000007,543.3186,0.82186,89.4543167

02/13/2020,12:00:00,-4.999948625,-5.6698,428.39441669999997,506.51225,0.83954,78.11783335

02/13/2020,13:00:00,-3.76640475,-4.3350666669999995,407.9468334,467.6701834,0.8304600000000001,59.72335

02/13/2020,14:00:00,-2.313582,-3.574466667,362.8002,494.86335,0.8230200000000001,132.06315

02/13/2020,15:00:00,-1.81527875,-2.064133333,276.2592833,467.12285,0.80858,190.86356669999998

02/13/2020,16:00:00,-0.11863643800000001,-2.3016666669999997,135.419855,397.2292167,0.775693333,261.8093617

02/13/2020,17:00:00,-2.315062625,-3.435,53.586585,162.8788183,0.603173333,109.29223329999999

02/13/2020,18:00:00,-5.371500875,-5.5038,10.5997123,13.883630499999999,0.0,3.2839182019999997

02/13/2020,19:00:00,-5.980536125,-5.4902,0.0,0.0,0.0,0.0

02/13/2020,20:00:00,-6.751809625,-6.3564,0.0,0.0,0.0,0.0

02/13/2020,21:00:00,-6.925712625,-6.874466667,0.0,0.0,0.0,0.0

02/13/2020,22:00:00,-9.40545775,-6.003133332999999,0.008137067,0.0,0.0,0.0

02/13/2020,23:00:00,-8.963210875,-6.882333332999999,0.013396716999999999,0.0,0.0,0.0

02/14/2020,00:00:00,-8.737681875,-7.851866667,0.0,0.0,0.0,0.0

02/14/2020,01:00:00,-8.54453025,-8.5928,0.0,0.0,0.0,0.0

02/14/2020,02:00:00,-9.459756125,-1.4234666669999998,0.176200267,0.0,0.0,0.0

02/14/2020,03:00:00,-8.981763625,-6.433133333,0.159276984,0.0,0.0,0.0

02/14/2020,04:00:00,-8.941672375,-2.402733333,0.08870305,0.0,0.0,0.0

02/14/2020,05:00:00,-4.22417525,4.080466667,0.261902217,0.0,0.0,0.0

02/14/2020,06:00:00,-1.484097,4.470133333,0.083010517,0.0,0.0,0.0

02/14/2020,07:00:00,1.593056625,3.297866667,1.719114367,1.3142559999999999,0.59638,0.0

02/14/2020,08:00:00,0.976027388,4.546866667,26.882684499999996,87.45912,0.882673333,60.576435499999995

02/14/2020,09:00:00,7.519466375,8.364933333,48.52470334,279.5827667,0.847286667,231.0580633

02/14/2020,10:00:00,13.65022375,11.61866667,62.31896167,460.26261669999997,0.81848,397.943655

02/14/2020,11:00:00,12.06781875,11.645999999999999,81.07664667,605.6740333,0.77452,524.5973867

02/14/2020,12:00:00,12.51680125,13.62533333,106.201655,712.1884334,0.74816,605.9867784

02/14/2020,13:00:00,15.7726525,12.302,86.80877167,707.66435,0.729606667,620.8555782999999

02/14/2020,14:00:00,15.4239125,12.93666667,74.540745,644.9802667,0.713106667,570.4395217

02/14/2020,15:00:00,14.9109075,12.482000000000001,85.25441500000001,535.53925,0.699953333,450.284835

02/14/2020,16:00:00,12.0099475,11.57733333,68.33664667,334.08453330000003,0.6607666670000001,265.7478867

02/14/2020,17:00:00,9.360629375,10.30866667,51.50942667,179.5882984,0.469693333,128.0788717

02/14/2020,18:00:00,8.687484,8.431133333,10.90090607,16.81834667,0.0,5.917440599

02/14/2020,19:00:00,7.872175375,7.641466667,0.0,0.0,0.0,0.0

02/14/2020,20:00:00,6.429229375,5.9068,0.0,0.0,0.0,0.0

02/14/2020,21:00:00,5.189714375,6.635266667000001,0.0,0.0,0.0,0.0

02/14/2020,22:00:00,1.339981625,5.807333333,0.005754667,0.0,0.0,0.0

02/14/2020,23:00:00,0.481977475,4.189933333,0.0,0.0,0.0,0.0

02/15/2020,00:00:00,-0.325846363,3.4688,0.0,0.0,0.0,0.0

02/15/2020,01:00:00,-1.446895125,2.616866667,0.0,0.0,0.0,0.0

02/15/2020,02:00:00,-0.788316775,2.9254,0.0,0.0,0.0,0.0

02/15/2020,03:00:00,-1.65804875,-2.988466667,0.0,0.0,0.0,0.0

02/15/2020,04:00:00,-4.537302875,-4.0554,0.0,0.0,0.0,0.0

02/15/2020,05:00:00,-4.75283375,-4.379866667,0.0,0.0,0.0,0.0

02/15/2020,06:00:00,-4.531270625,-4.145733333,0.0,0.0,0.0,0.0

02/15/2020,07:00:00,-5.396868,-4.849333333,1.3534683330000001,1.160789833,0.622613333,0.0

02/15/2020,08:00:00,-1.709982875,-1.912533333,28.92249634,83.37705798,0.795246667,54.45456165

02/15/2020,09:00:00,1.54419925,-0.44846666700000004,56.048694999999995,277.2129167,0.7640933329999999,221.16422169999998

02/15/2020,10:00:00,2.682239125,0.814866667,70.36539167,458.46111669999993,0.748066667,388.095725

02/15/2020,11:00:00,3.991640875,1.377866667,78.52012167,595.98435,0.732613333,517.4642283

02/15/2020,12:00:00,4.166367375,2.490733333,83.852485,675.8307,0.7135866670000001,591.9782150000001

02/15/2020,13:00:00,5.60551,4.0596,146.648885,744.25085,0.696146667,597.6019650000001

02/15/2020,14:00:00,4.9751715,4.8876666669999995,285.6748333,624.8396167000001,0.6786800000000001,339.1647833

02/15/2020,15:00:00,2.8059355,3.4849333330000003,298.70085,477.2795666999999,0.693653333,178.5787167

02/15/2020,16:00:00,3.675723125,2.943333333,76.73556833,382.2288333,0.6609666670000001,305.493265

02/15/2020,17:00:00,2.2922279999999997,1.5685333330000002,47.76738167,181.533495,0.5714,133.7661133

02/15/2020,18:00:00,0.08780414,-0.16213333300000002,10.24149305,12.9407134,0.0,2.6992203519999998

02/15/2020,19:00:00,-0.515788075,0.48,0.0,0.0,0.0,0.0

02/15/2020,20:00:00,0.342327438,-0.8865333329999999,0.020976832999999997,0.0,0.0,0.0

02/15/2020,21:00:00,-1.059596125,-1.5733333330000001,0.0,0.0,0.0,0.0

02/15/2020,22:00:00,-2.072289625,-1.284733333,0.0,0.0,0.0,0.0

02/15/2020,23:00:00,-2.15067725,-0.588,0.0,0.0,0.0,0.0

02/16/2020,00:00:00,-2.823902875,-2.1572,0.021100532999999998,0.0,0.0,0.0

02/16/2020,01:00:00,-3.2002665,-2.941533333,0.0,0.0,0.0,0.0

02/16/2020,02:00:00,-4.268631625,-2.923866667,0.0,0.0,0.0,0.0

02/16/2020,03:00:00,-3.343729625,-3.2012,0.0,0.0,0.0,0.0

02/16/2020,04:00:00,-4.48139375,-3.1993333330000002,0.0,0.0,0.0,0.0

02/16/2020,05:00:00,-2.565216125,-0.6326,0.093406117,0.0,0.0,0.0

02/16/2020,06:00:00,-0.066470168,1.1234,0.079390134,0.0,0.0,0.0

02/16/2020,07:00:00,-2.368111,-0.1346,1.5330799330000002,1.3499391669999998,0.49726666700000005,0.0

02/16/2020,08:00:00,-0.34205025,0.244666667,46.82075917,54.08917751,0.735613333,7.268418343

02/16/2020,09:00:00,1.384899375,1.6813333330000002,130.92486670000002,150.2159334,0.724046667,19.29106668

02/16/2020,10:00:00,7.848242999999999,7.6464,161.0199834,420.03896669999995,0.716086667,259.0189833

02/16/2020,11:00:00,9.263351375,8.2776,229.0652833,568.1223667,0.6971666670000001,339.0570833

02/16/2020,12:00:00,8.98181125,9.522666667000001,263.9963,617.6086,0.682333333,353.6123

02/16/2020,13:00:00,12.40564875,11.14666667,117.415085,724.5549,0.652506667,607.139815

02/16/2020,14:00:00,10.47537875,8.378666667000001,150.85868330000002,608.8766334,0.6597333329999999,458.01795

02/16/2020,15:00:00,9.23146225,8.415666667,173.96581669999998,349.4254,0.669486667,175.45958330000002

02/16/2020,16:00:00,11.042665,9.425333333,207.8732167,380.2246167,0.5909399999999999,172.3514

02/16/2020,17:00:00,6.22259375,5.1241333330000005,98.05222166,141.7807684,0.58962,43.72854669

02/16/2020,18:00:00,7.646313,6.9978,11.18106018,10.1656195,0.0,0.0

02/16/2020,19:00:00,4.801342125,4.986866667,0.0,0.0,0.0,0.0

02/16/2020,20:00:00,3.55797925,3.941666667,0.0,0.0,0.0,0.0

02/16/2020,21:00:00,1.756731,3.417933333,0.0,0.0,0.0,0.0

02/16/2020,22:00:00,-0.043732015,2.5846,0.0,0.0,0.0,0.0

02/16/2020,23:00:00,0.789761563,1.8875333330000001,0.0,0.0,0.0,0.0

02/17/2020,00:00:00,1.42600525,2.414133333,0.020636566999999998,0.0,0.0,0.0

02/17/2020,01:00:00,1.42989225,2.0418,0.0,0.0,0.0,0.0

02/17/2020,02:00:00,0.749527313,1.7562666669999998,0.0,0.0,0.0,0.0

02/17/2020,03:00:00,1.024578525,1.430733333,0.0,0.0,0.0,0.0

02/17/2020,04:00:00,-0.070028648,0.119533333,0.0,0.0,0.0,0.0

02/17/2020,05:00:00,-0.535881688,-0.802133333,0.0,0.0,0.0,0.0

02/17/2020,06:00:00,-1.244616125,-0.709466667,0.0,0.0,0.0,0.0

02/17/2020,07:00:00,-2.153256875,-0.400133333,1.720167583,1.618256167,0.651026667,0.0

02/17/2020,08:00:00,1.988732625,1.7366,39.14918333,96.59354668,0.66784,57.44436334

02/17/2020,09:00:00,0.848830825,1.273466667,86.21400833,270.71128339999996,0.648833333,184.497275

02/17/2020,10:00:00,5.04081125,3.0438,98.61707,464.5431333000001,0.6270933329999999,365.9260633

02/17/2020,11:00:00,4.075882,4.007733333,115.0974,603.65005,0.6053333329999999,488.55265

02/17/2020,12:00:00,4.43816975,3.8194,189.8887167,687.4182667,0.606406667,497.52955

02/17/2020,13:00:00,5.8026230000000005,4.357133333,284.5346,669.8517667,0.5749333329999999,385.3171667

02/17/2020,14:00:00,3.62158225,2.362933333,415.4897667,536.2422,0.538586667,120.75243329999999

02/17/2020,15:00:00,2.816795,1.835533333,327.1520334,328.66965,0.538433333,1.517616625

02/17/2020,16:00:00,2.571692875,1.655866667,205.74908330000002,207.9344667,0.5246,2.18538335

02/17/2020,17:00:00,1.13159095,0.40633333299999996,109.3900017,137.4410483,0.529506667,28.05104667

02/17/2020,18:00:00,0.400235175,-0.223933333,10.48308333,9.821019468,0.0,0.0

02/17/2020,19:00:00,-0.314258563,-0.863,0.0,0.0,0.0,0.0

02/17/2020,20:00:00,-2.3132555,-3.5116,0.0,0.0,0.0,0.0

02/17/2020,21:00:00,-4.562433375,-5.217933333,0.0,0.0,0.0,0.0

02/17/2020,22:00:00,-4.961566,-5.446133333,0.0,0.0,0.0,0.0

02/17/2020,23:00:00,-5.333203875,-5.8078,0.0,0.0,0.0,0.0

02/18/2020,00:00:00,-5.252961375,-5.763333332999999,0.0,0.0,0.0,0.0

02/18/2020,01:00:00,-5.1553985,-5.7512,0.0,0.0,0.0,0.0

02/18/2020,02:00:00,-4.997530625,-5.634466667000001,0.0,0.0,0.0,0.0

02/18/2020,03:00:00,-5.3660005,-5.996,0.0,0.0,0.0,0.0

02/18/2020,04:00:00,-6.21247325,-6.7032,0.0,0.0,0.0,0.0

02/18/2020,05:00:00,-7.165240375,-7.6174,0.0,0.0,0.0,0.0

02/18/2020,06:00:00,-8.098583375,-7.400666667,0.0,0.0,0.0,0.0

02/18/2020,07:00:00,-8.964160375,-8.128,1.4762995,1.153564833,0.720446667,0.0

02/18/2020,08:00:00,-6.359223625,-7.045333332999999,39.23898834,46.419835,0.808653333,7.180846665

02/18/2020,09:00:00,-1.781996125,-3.6698,116.92421000000002,201.63526330000002,0.768926667,84.71105333

02/18/2020,10:00:00,0.562804225,-1.1078,174.1855167,360.5691167,0.714873333,186.3836

02/18/2020,11:00:00,2.901591,-0.059333332999999995,108.88506170000001,632.7275167,0.654273333,523.842455

02/18/2020,12:00:00,1.9506849999999998,0.9298,94.81845167,704.2162,0.629133333,609.3977482999999

02/18/2020,13:00:00,1.210267,0.6308,109.21136499999999,720.7228832999999,0.61734,611.5115182999999

02/18/2020,14:00:00,2.519938625,1.2614,154.8606,668.82415,0.610873333,513.96355

02/18/2020,15:00:00,2.627384625,1.173,111.20016670000001,534.29765,0.604073333,423.0974834

02/18/2020,16:00:00,1.344713113,-0.41633333299999997,144.13925,326.5729,0.578853333,182.43365

02/18/2020,17:00:00,-0.447293888,-1.134733333,118.5341,134.47718500000002,0.565333333,15.94308499

02/18/2020,18:00:00,-1.653774375,-2.402333333,15.25470133,14.6657818,0.0,0.0

02/18/2020,19:00:00,-2.849349875,-3.430533333,0.0,0.0,0.0,0.0

02/18/2020,20:00:00,-3.80624425,-4.302266667,0.0,0.0,0.0,0.0

02/18/2020,21:00:00,-5.3698144999999995,-4.7792,0.0,0.0,0.0,0.0

02/18/2020,22:00:00,-5.91560975,-5.340066667,0.0,0.0,0.0,0.0

02/18/2020,23:00:00,-5.893108875,-5.093666667,0.0,0.0,0.0,0.0

02/19/2020,00:00:00,-6.153040375,-5.8052,0.0,0.0,0.0,0.0

02/19/2020,01:00:00,-4.86405625,-5.728,0.0,0.0,0.0,0.0

02/19/2020,02:00:00,-7.06915175,-6.8288,0.0,0.0,0.0,0.0

02/19/2020,03:00:00,-7.4613185,-7.715866667,0.000556917,0.0,0.0,0.0

02/19/2020,04:00:00,-8.309102125,-7.957933333,0.0,0.0,0.0,0.0

02/19/2020,05:00:00,-7.960723,-8.084,0.0,0.0,0.0,0.0

02/19/2020,06:00:00,-6.889340125,-7.2462,0.019151383,0.0,0.0,0.0

02/19/2020,07:00:00,-6.3780765,-7.129466667000001,0.744955233,0.465934267,0.695113333,0.0

02/19/2020,08:00:00,-5.267271625,-6.0201333329999995,25.52715033,24.592913,0.627733333,0.0

02/19/2020,09:00:00,-5.583216999999999,-6.4454,87.76229833,85.90010999,0.6156666670000001,0.0

02/19/2020,10:00:00,-5.900181,-6.2672,177.81986669999998,174.4644,0.6101266670000001,0.0

02/19/2020,11:00:00,-5.434588,-5.989133333,257.67803330000004,253.17635,0.61558,0.0

02/19/2020,12:00:00,-5.860653,-6.529666667000001,278.9618833,274.9138334,0.620166667,0.0

02/19/2020,13:00:00,-5.986998375,-6.417333332999999,231.65405,229.0299833,0.6646133329999999,0.0

02/19/2020,14:00:00,-5.354816375,-6.2824666670000004,267.89695,264.73813340000004,0.672766667,0.0

02/19/2020,15:00:00,-5.855625125,-6.342333332999999,178.0713,175.71015,0.70328,0.0

02/19/2020,16:00:00,-5.7593535000000005,-6.7103333329999995,126.1464,123.98325,0.758893333,0.0

02/19/2020,17:00:00,-6.68435125,-7.405733333,54.925805000000004,53.40379334,0.8173,0.0

02/19/2020,18:00:00,-7.462178375,-8.050666667,9.302375618,8.679455201,0.0,0.0

02/19/2020,19:00:00,-8.193289375,-8.782666667,0.0,0.0,0.0,0.0

02/19/2020,20:00:00,-8.577774875,-9.051333332999999,0.0,0.0,0.0,0.0

02/19/2020,21:00:00,-9.54632425,-10.192,0.0,0.0,0.0,0.0

02/19/2020,22:00:00,-10.91688625,-11.565999999999999,0.0,0.0,0.0,0.0

02/19/2020,23:00:00,-11.807885,-11.84933333,0.0,0.0,0.0,0.0

02/20/2020,00:00:00,-11.7506175,-11.97866667,0.006528183000000001,0.0,0.0,0.0

02/20/2020,01:00:00,-13.05694125,-12.53733333,0.0,0.0,0.0,0.0

02/20/2020,02:00:00,-14.744852499999999,-13.058,0.0,0.0,0.0,0.0

02/20/2020,03:00:00,-14.695492499999999,-13.55866667,0.0,0.0,0.0,0.0

02/20/2020,04:00:00,-15.43798625,-13.80733333,0.0,0.0,0.0,0.0

02/20/2020,05:00:00,-15.77168625,-13.91066667,0.0,0.0,0.0,0.0

02/20/2020,06:00:00,-16.182570000000002,-13.96333333,0.0,0.0,0.0,0.0

02/20/2020,07:00:00,-15.539892499999999,-13.93733333,2.8329153,3.1872860160000003,1.012646667,0.35437071600000003

02/20/2020,08:00:00,-7.9787445,-11.265999999999998,37.59187167,109.1758183,0.8585733329999999,71.58394667

02/20/2020,09:00:00,-3.29392225,-5.649666667000001,66.39789499999999,316.4301834,0.8285399999999999,250.0322884

02/20/2020,10:00:00,-3.64608075,-4.240866667,80.59959667,506.59933330000007,0.81104,425.99973669999997

02/20/2020,11:00:00,-1.145233575,-3.357066667,87.13037167,644.5624667000001,0.779333333,557.432095

02/20/2020,12:00:00,-2.037772575,-1.626533333,90.93015667,726.7026,0.739846667,635.7724433

02/20/2020,13:00:00,1.057859213,-0.547666667,88.40157333,744.6505,0.70438,656.2489267000001

02/20/2020,14:00:00,2.916619625,0.8843333329999999,84.81659499999999,691.46485,0.683266667,606.648255

02/20/2020,15:00:00,3.21522275,2.322466667,75.30962,575.5053834,0.66798,500.1957634

02/20/2020,16:00:00,2.9828235,1.6909999999999998,62.079634999999996,409.21533339999996,0.6431600000000001,347.13569839999997

02/20/2020,17:00:00,1.78292475,1.045533333,45.54784167,204.62136669999998,0.51344,159.073525

02/20/2020,18:00:00,-1.87256025,-1.553466667,13.86195945,27.25111782,0.0,13.38915837

02/20/2020,19:00:00,-1.93007275,-1.8111333330000001,0.00046405,0.0,0.0,0.0

02/20/2020,20:00:00,-3.226637625,-0.814466667,0.008291733,0.0,0.0,0.0

02/20/2020,21:00:00,-4.48315325,-1.496,0.0,0.0,0.0,0.0

02/20/2020,22:00:00,-2.397472,-1.4772666669999999,0.0,0.0,0.0,0.0

02/20/2020,23:00:00,-5.840496125,-1.775733333,0.0,0.0,0.0,0.0

02/21/2020,00:00:00,-5.820326875,-1.792866667,0.0,0.0,0.0,0.0

02/21/2020,01:00:00,-2.9747779999999997,-2.286466667,0.0,0.0,0.0,0.0

02/21/2020,02:00:00,-4.56097075,-2.488333333,0.0,0.0,0.0,0.0

02/21/2020,03:00:00,-3.04062175,-1.819466667,0.0335382,0.0,0.0,0.0

02/21/2020,04:00:00,-4.90861975,-1.8931333330000002,0.0,0.0,0.0,0.0

02/21/2020,05:00:00,-4.745986,-0.9472,0.046316433,0.0,0.0,0.0

02/21/2020,06:00:00,-3.383499125,-1.928066667,0.0,0.0,0.0,0.0

02/21/2020,07:00:00,-2.763336125,-0.968,3.1926043330000002,3.7894810660000005,0.870593333,0.596876733

02/21/2020,08:00:00,0.42557461,1.150333333,34.31058667,117.39569499999999,0.717986667,83.08510834

02/21/2020,09:00:00,5.830888625,6.014866667000001,59.71420833,323.49201669999997,0.68598,263.7778083

02/21/2020,10:00:00,10.10083575,9.138,73.86992167,510.32055,0.6572,436.4506283

02/21/2020,11:00:00,10.44815213,10.24333333,80.4559,650.1556167,0.62158,569.6997167000001

02/21/2020,12:00:00,11.502155,11.49133333,83.141765,731.1856667000001,0.573973333,648.0439017000001

02/21/2020,13:00:00,11.378235,11.97933333,85.02635,751.9230832999999,0.534933333,666.8967332999999

02/21/2020,14:00:00,13.0676125,12.66066667,102.0597,685.8150833,0.500493333,583.7553833

02/21/2020,15:00:00,13.87620125,13.29666667,75.97402,581.6755333,0.48793333299999997,505.70151330000004

02/21/2020,16:00:00,13.949745000000002,12.79666667,61.23067667,405.1825834,0.45928,343.9519067

02/21/2020,17:00:00,10.4829475,10.27266667,45.05576334,203.02071830000003,0.37032666700000005,157.964955

02/21/2020,18:00:00,6.20581425,6.934133332999999,14.27451702,25.31023068,0.0,11.03571367

02/21/2020,19:00:00,2.5714515,4.477133333,0.0,0.0,0.0,0.0

02/21/2020,20:00:00,3.77094875,4.259666667,0.0,0.0,0.0,0.0

02/21/2020,21:00:00,1.1422860000000001,3.849533333,0.0,0.0,0.0,0.0

02/21/2020,22:00:00,2.76441075,4.064933333,0.0,0.0,0.0,0.0

02/21/2020,23:00:00,3.571639,4.993933333,0.0,0.0,0.0,0.0

02/22/2020,00:00:00,3.894736125,4.9186,0.0,0.0,0.0,0.0

02/22/2020,01:00:00,1.659173625,6.284866667,0.0,0.0,0.0,0.0

02/22/2020,02:00:00,4.32342525,7.3124,0.0,0.0,0.0,0.0

02/22/2020,03:00:00,6.157559,8.227533333,0.002413217,0.0,0.0,0.0

02/22/2020,04:00:00,6.521753125,8.43,0.0032177829999999997,0.0,0.0,0.0

02/22/2020,05:00:00,5.188467125,8.419333332999999,0.0,0.0,0.0,0.0

02/22/2020,06:00:00,6.398861875,8.808,0.0,0.0,0.0,0.0

02/22/2020,07:00:00,5.999668625,8.545333333,2.0758434169999997,1.567259067,0.40438666700000003,0.0

02/22/2020,08:00:00,8.19986325,8.958666667000001,60.52183333,62.57122667,0.48808,2.049393343

02/22/2020,09:00:00,8.891336,10.89133333,176.9802334,224.3458667,0.47322666700000005,47.36563333

02/22/2020,10:00:00,9.590910000000001,10.17066667,269.9190167,399.4913334,0.46162666700000005,129.57231670000002

02/22/2020,11:00:00,11.75689125,12.03266667,285.44458330000003,566.4892833,0.431506667,281.0447

02/22/2020,12:00:00,12.8860075,12.77666667,272.9044834,613.2034334,0.39811333299999996,340.29895

02/22/2020,13:00:00,14.60353,14.83533333,234.89618330000002,639.0911667,0.36854000000000003,404.19498339999996

02/22/2020,14:00:00,15.887577499999999,14.40466667,202.4719833,577.7224167,0.328286667,375.25043339999996

02/22/2020,15:00:00,12.1254975,10.17066667,306.284,386.3323167,0.315953333,80.04831668

02/22/2020,16:00:00,10.3475325,9.596,198.85031669999998,277.9743833,0.282573333,79.12406663

02/22/2020,17:00:00,9.782730625,9.064,107.677985,105.64716170000001,0.25332,0.0

02/22/2020,18:00:00,7.443412875,8.648666667,20.0476147,18.8995158,0.0,0.0

02/22/2020,19:00:00,6.91853725,7.1506,0.0,0.0,0.0,0.0

02/22/2020,20:00:00,5.448605375,7.092733332999999,0.0,0.0,0.0,0.0

02/22/2020,21:00:00,3.90816125,5.911333332999999,0.0,0.0,0.0,0.0

02/22/2020,22:00:00,4.341453125,5.741466667,0.0,0.0,0.0,0.0

02/22/2020,23:00:00,4.129597375,5.720666667000001,0.0,0.0,0.0,0.0

02/23/2020,00:00:00,6.787402125,5.454133333,0.0,0.0,0.0,0.0

02/23/2020,01:00:00,6.17569225,5.5016,0.0,0.0,0.0,0.0

02/23/2020,02:00:00,6.243254,4.788933333,0.0,0.0,0.0,0.0

02/23/2020,03:00:00,4.114921875,3.113866667,0.0,0.0,0.0,0.0

02/23/2020,04:00:00,3.768652,2.997266667,0.0,0.0,0.0,0.0

02/23/2020,05:00:00,3.982156125,3.3725333330000002,0.01030275,0.0,0.0,0.0

02/23/2020,06:00:00,3.691416875,3.1448,0.0,0.0,0.0,0.0

02/23/2020,07:00:00,1.89624075,1.4854666669999999,0.551951834,0.36043975,0.154873333,0.0

02/23/2020,08:00:00,1.476733125,-0.20293333300000002,17.37066667,16.56533067,0.39501333299999997,0.0

02/23/2020,09:00:00,0.26679135800000003,-0.2074,61.15467334,56.83472333,0.6291800000000001,0.0

02/23/2020,10:00:00,0.912517488,0.42913333299999995,88.08881,77.15145,0.550106667,0.0

02/23/2020,11:00:00,1.185614625,0.9716,139.0216667,132.16598340000002,0.44874666700000004,0.0

02/23/2020,12:00:00,1.248805625,1.5669333330000002,253.06148330000002,251.5882833,0.393693333,0.0

02/23/2020,13:00:00,3.10881975,2.7284666669999997,348.7206667,356.4818667,0.314553333,7.761199975

02/23/2020,14:00:00,5.261093,4.675933333,358.2095167,372.55565,0.285586667,14.34613335

02/23/2020,15:00:00,5.335744125,4.792733333,311.5535667,373.2826834,0.26466666699999997,61.7291167

02/23/2020,16:00:00,5.674401125,4.823,193.94203330000002,205.5702333,0.274086667,11.6282

02/23/2020,17:00:00,4.719343375,4.0635333330000005,115.8966717,181.31711830000003,0.24081999999999998,65.42044667

02/23/2020,18:00:00,2.973021125,2.7917333330000003,21.35812325,23.59377229,0.0,2.235649035

02/23/2020,19:00:00,3.296650125,2.886333333,0.0,0.0,0.0,0.0

02/23/2020,20:00:00,3.119464375,2.722466667,0.0,0.0,0.0,0.0

02/23/2020,21:00:00,1.196598625,1.6779333330000001,0.0,0.0,0.0,0.0

02/23/2020,22:00:00,-0.13825575199999998,0.893266667,0.0,0.0,0.0,0.0

02/23/2020,23:00:00,-0.32273418800000003,2.384266667,0.014355767,0.0,0.0,0.0

02/24/2020,00:00:00,2.669920875,3.697333333,0.006095033000000001,0.0,0.0,0.0

02/24/2020,01:00:00,2.591435625,3.543866667,0.0,0.0,0.0,0.0

02/24/2020,02:00:00,3.534849375,3.927733333,0.0,0.0,0.0,0.0

02/24/2020,03:00:00,0.106552779,2.811133333,0.0,0.0,0.0,0.0

02/24/2020,04:00:00,4.15251475,3.722666667,0.035209082999999995,0.0,0.0,0.0

02/24/2020,05:00:00,4.0105015,3.056933333,0.006621067,0.0,0.0,0.0

02/24/2020,06:00:00,-0.37255127,1.430533333,0.0,0.0,0.0,0.0

02/24/2020,07:00:00,2.494678875,2.589133333,5.228064318,6.812016348999999,0.27434000000000003,1.5839520319999998

02/24/2020,08:00:00,5.482030875,2.9678,61.97832167,97.97267166,0.29062,35.99434999

02/24/2020,09:00:00,0.189330125,-0.620866667,104.49121170000001,112.8371233,0.267526667,8.345911657

02/24/2020,10:00:00,0.8897438129999999,0.272933333,140.24763330000002,170.51958340000002,0.290546667,30.27195003

02/24/2020,11:00:00,2.284723125,1.291,145.06858,524.9982167,0.27352,379.9296367

02/24/2020,12:00:00,2.10623675,1.198866667,120.40155,707.1757332999999,0.262833333,586.7741833

02/24/2020,13:00:00,2.414288125,1.1462,128.5205317,775.2047834,0.260173333,646.6842517000001

02/24/2020,14:00:00,2.7483025000000003,0.9449333329999999,85.47009,713.5519667,0.264186667,628.0818767000001

02/24/2020,15:00:00,1.26312925,0.5262,77.03014333,594.9273333,0.27014,517.89719

02/24/2020,16:00:00,1.084180813,0.22446666699999998,65.23338834,426.6844666999999,0.274273333,361.4510783

02/24/2020,17:00:00,0.029769261,-0.887866667,56.0385,232.04426669999998,0.268726667,176.00576669999998

02/24/2020,18:00:00,-1.630597125,-2.2784,18.02306683,35.38329713,0.0,17.3602303

02/24/2020,19:00:00,-2.200674375,-2.803866667,0.055535917000000004,0.0,0.0,0.0

02/24/2020,20:00:00,-2.759926875,-3.381533333,0.0,0.0,0.0,0.0

02/24/2020,21:00:00,-2.707300875,-3.3172666669999997,0.0,0.0,0.0,0.0

02/24/2020,22:00:00,-2.574646625,-3.088866667,0.0,0.0,0.0,0.0

02/24/2020,23:00:00,-2.37476975,-2.8902,0.0,0.0,0.0,0.0

02/25/2020,00:00:00,-2.304380875,-3.0596666669999997,0.0,0.0,0.0,0.0

02/25/2020,01:00:00,-2.93010725,-3.4244,0.0,0.0,0.0,0.0

02/25/2020,02:00:00,-3.36436275,-4.280066667,0.0,0.0,0.0,0.0

02/25/2020,03:00:00,-4.108626625,-4.6614,0.0,0.0,0.0,0.0

02/25/2020,04:00:00,-5.99710675,-4.776,0.0,0.0,0.0,0.0

02/25/2020,05:00:00,-4.91800275,-6.190066667000001,0.0,0.0,0.0,0.0

02/25/2020,06:00:00,-6.454380625,-6.4314,0.0,0.0,0.0,0.0

02/25/2020,07:00:00,-4.64153,-5.3324,1.939152917,1.4562948169999999,0.253606667,0.0

02/25/2020,08:00:00,-4.754502,-5.5432,21.17120817,20.1805205,0.23406,0.0

02/25/2020,09:00:00,-4.84237925,-5.611266667000001,62.662969999999994,61.15469333,0.2351,0.0

02/25/2020,10:00:00,-4.616503875,-5.4214,161.7603,158.5179833,0.2354,0.0

02/25/2020,11:00:00,-4.558649125,-5.315,259.4923167,255.54893330000002,0.235466667,0.0

02/25/2020,12:00:00,-4.681388,-5.239866667,374.34096669999997,382.5215167,0.23538,8.18055

02/25/2020,13:00:00,-4.85102675,-5.080866667,411.4334834,426.0891166999999,0.23268000000000003,14.655633300000002

02/25/2020,14:00:00,-4.049752125,-4.764133333,385.5944333,404.19705,0.23535999999999999,18.60261668

02/25/2020,15:00:00,-4.28483125,-4.700133333,329.8241333,354.1003834,0.246566667,24.27625003

02/25/2020,16:00:00,-4.79980575,-5.612133332999999,199.23553330000001,227.30368340000004,0.232493333,28.06815003

02/25/2020,17:00:00,-4.887354375,-6.0034,84.03801999,98.26608999,0.2434,14.22807

02/25/2020,18:00:00,-6.302991125,-6.9797333329999995,21.04174117,24.95031588,0.0,3.908574715

02/25/2020,19:00:00,-6.77570725,-7.471333333,0.09922243300000001,0.0,0.0,0.0

02/25/2020,20:00:00,-7.789578125,-8.187333333,0.0,0.0,0.0,0.0

02/25/2020,21:00:00,-9.23852975,-8.897333332999999,0.0,0.0,0.0,0.0

02/25/2020,22:00:00,-9.807725625,-9.410666667000001,0.0,0.0,0.0,0.0

02/25/2020,23:00:00,-10.597927499999999,-10.427999999999999,0.0,0.0,0.0,0.0

02/26/2020,00:00:00,-10.87696375,-10.73,0.0,0.0,0.0,0.0

02/26/2020,01:00:00,-10.12567875,-10.72933333,0.0,0.0,0.0,0.0

02/26/2020,02:00:00,-11.20321375,-10.28466667,0.0,0.0,0.0,0.0

02/26/2020,03:00:00,-12.09424875,-8.773333333,0.014727183999999999,0.0,0.0,0.0

02/26/2020,04:00:00,-10.93659875,-5.909666667000001,0.09615985,0.0,0.0,0.0

02/26/2020,05:00:00,-5.24748475,-5.245933333,0.010890766999999999,0.0,0.0,0.0

02/26/2020,06:00:00,-4.457778625,-4.601733333,0.0005569,0.0,0.0,0.0

02/26/2020,07:00:00,-3.200503625,-3.824066667,4.7237856339999995,7.960856166,0.418793333,3.2370705319999997

02/26/2020,08:00:00,-7.13359725,-5.8016,33.4066,136.7924917,0.279806667,103.3858917

02/26/2020,09:00:00,-3.798896625,-2.618266667,57.54031834,345.6823333,0.26396,288.142015

02/26/2020,10:00:00,-0.174115816,0.024,88.68877001,514.8601334,0.24946,426.17136330000005

02/26/2020,11:00:00,2.31958825,1.328,78.52454499999999,669.3158667,0.23004666699999998,590.7913217

02/26/2020,12:00:00,5.026523375,3.8318,93.36373667,757.1084333,0.2171,663.7446967

02/26/2020,13:00:00,5.912454,5.642133332999999,186.38423830000002,695.9689167,0.209293333,509.5846783

02/26/2020,14:00:00,4.86852225,4.102733333,222.5400167,461.50676669999996,0.18162,238.96675

02/26/2020,15:00:00,4.968103375,4.7284,193.18003330000002,198.4646167,0.20048666699999998,5.28458335

02/26/2020,16:00:00,5.383233625,4.047666667,178.4537883,352.1291,0.227393333,173.67531169999998

02/26/2020,17:00:00,4.278156375,3.5897333330000003,47.22348167,228.80845,0.23234666699999998,181.5849683

02/26/2020,18:00:00,3.182537875,2.403133333,17.0271495,39.18094322,0.0,22.15379372

02/26/2020,19:00:00,3.099522125,2.410666667,0.07406865,0.0,0.0,0.0

02/26/2020,20:00:00,3.269602625,2.5132,0.0,0.0,0.0,0.0

02/26/2020,21:00:00,3.419302625,2.8202,0.0,0.0,0.0,0.0

02/26/2020,22:00:00,3.494813875,2.7986,0.0,0.0,0.0,0.0

02/26/2020,23:00:00,3.40241025,3.202066667,0.0,0.0,0.0,0.0
