datetime;Albedo
2020-07-06 00:00:00;0
2020-07-06 00:15:00;0
2020-07-06 00:30:00;0
2020-07-06 00:45:00;0
2020-07-06 01:00:00;0
2020-07-06 01:15:00;0
2020-07-06 01:30:00;0
2020-07-06 01:45:00;0
2020-07-06 02:00:00;0
2020-07-06 02:15:00;0
2020-07-06 02:30:00;0
2020-07-06 02:45:00;0
2020-07-06 03:00:00;0
2020-07-06 03:15:00;0
2020-07-06 03:30:00;0
2020-07-06 03:45:00;0
2020-07-06 04:00:00;0
2020-07-06 04:15:00;0
2020-07-06 04:30:00;0
2020-07-06 04:45:00;0.423054542
2020-07-06 05:00:00;0.141018233
2020-07-06 05:15:00;0.126916384
2020-07-06 05:30:00;0.164713835
2020-07-06 05:45:00;0.244989292
2020-07-06 06:00:00;0.242001527
2020-07-06 06:15:00;0.238591346
2020-07-06 06:30:00;0.235685025
2020-07-06 06:45:00;0.235587254
2020-07-06 07:00:00;0.237695582
2020-07-06 07:15:00;0.233731766
2020-07-06 07:30:00;0.23075709
2020-07-06 07:45:00;0.226181299
2020-07-06 08:00:00;0.220280168
2020-07-06 08:15:00;0.217193129
2020-07-06 08:30:00;0.212786315
2020-07-06 08:45:00;0.20893033
2020-07-06 09:00:00;0.204812166
2020-07-06 09:15:00;0.202571472
2020-07-06 09:30:00;0.201021575
2020-07-06 09:45:00;0.199027893
2020-07-06 10:00:00;0.197217582
2020-07-06 10:15:00;0.195960302
2020-07-06 10:30:00;0.194874344
2020-07-06 10:45:00;0.194693459
2020-07-06 11:00:00;0.193651782
2020-07-06 11:15:00;0.175057052
2020-07-06 11:30:00;0.189329961
2020-07-06 11:45:00;0.192140096
2020-07-06 12:00:00;0.194034727
2020-07-06 12:15:00;0.191589436
2020-07-06 12:30:00;0.194990885
2020-07-06 12:45:00;0.195174776
2020-07-06 13:00:00;0.197050098
2020-07-06 13:15:00;0.198750469
2020-07-06 13:30:00;0.201145579
2020-07-06 13:45:00;0.19815485
2020-07-06 14:00:00;0.200897723
2020-07-06 14:15:00;0.194827718
2020-07-06 14:30:00;0.190136876
2020-07-06 14:45:00;0.199073377
2020-07-06 15:00:00;0.197679665
2020-07-06 15:15:00;0.199931289
2020-07-06 15:30:00;0.169028593
2020-07-06 15:45:00;0.21007009
2020-07-06 16:00:00;0.199084465
2020-07-06 16:15:00;0.196213067
2020-07-06 16:30:00;0.193331435
2020-07-06 16:45:00;0.203122272
2020-07-06 17:00:00;0.199264893
2020-07-06 17:15:00;0.198617216
2020-07-06 17:30:00;0.192999448
2020-07-06 17:45:00;0.18802421
2020-07-06 18:00:00;0.182682614
2020-07-06 18:15:00;0.17244072
2020-07-06 18:30:00;0.122980997
2020-07-06 18:45:00;0.160247929
2020-07-06 19:00:00;0.126916324
2020-07-06 19:15:00;0.176272708
2020-07-06 19:30:00;0.528818137
2020-07-06 19:45:00;0
2020-07-06 20:00:00;0
2020-07-06 20:15:00;0
2020-07-06 20:30:00;0
2020-07-06 20:45:00;0
2020-07-06 21:00:00;0
2020-07-06 21:15:00;0
2020-07-06 21:30:00;0
2020-07-06 21:45:00;0
2020-07-06 22:00:00;0
2020-07-06 22:15:00;0
2020-07-06 22:30:00;0
2020-07-06 22:45:00;0
2020-07-06 23:00:00;0
2020-07-06 23:15:00;0
2020-07-06 23:30:00;0
2020-07-06 23:45:00;0
2020-07-07 00:00:00;0
2020-07-07 00:15:00;0
2020-07-07 00:30:00;0
2020-07-07 00:45:00;0
2020-07-07 01:00:00;0
2020-07-07 01:15:00;0
2020-07-07 01:30:00;0
2020-07-07 01:45:00;0
2020-07-07 02:00:00;0
2020-07-07 02:15:00;0
2020-07-07 02:30:00;0
2020-07-07 02:45:00;0
2020-07-07 03:00:00;0
2020-07-07 03:15:00;0
2020-07-07 03:30:00;0
2020-07-07 03:45:00;0
2020-07-07 04:00:00;0
2020-07-07 04:15:00;0
2020-07-07 04:30:00;0
2020-07-07 04:45:00;0
2020-07-07 05:00:00;0
2020-07-07 05:15:00;0
2020-07-07 05:30:00;1
2020-07-07 05:45:00;0.235030352
2020-07-07 06:00:00;0.220340946
2020-07-07 06:15:00;0.211527255
2020-07-07 06:30:00;0.178654783
2020-07-07 06:45:00;0.20081713
2020-07-07 07:00:00;0.239812847
2020-07-07 07:15:00;0.211527277
2020-07-07 07:30:00;0.217244255
2020-07-07 07:45:00;0.226636341
2020-07-07 08:00:00;0.2381291
2020-07-07 08:15:00;0.234190841
2020-07-07 08:30:00;0.229768423
2020-07-07 08:45:00;0.225607696
2020-07-07 09:00:00;0.220035343
2020-07-07 09:15:00;0.216673288
2020-07-07 09:30:00;0.212035136
2020-07-07 09:45:00;0.208196159
2020-07-07 10:00:00;0.20416395
2020-07-07 10:15:00;0.19273557
2020-07-07 10:30:00;0.201220851
2020-07-07 10:45:00;0.200320464
2020-07-07 11:00:00;0.203421558
2020-07-07 11:15:00;0.200224389
2020-07-07 11:30:00;0.198355933
2020-07-07 11:45:00;0.197481132
2020-07-07 12:00:00;0.198727886
2020-07-07 12:15:00;0.202526171
2020-07-07 12:30:00;0.207379692
2020-07-07 12:45:00;0.207379647
2020-07-07 13:00:00;0.199951168
2020-07-07 13:15:00;0.197942966
2020-07-07 13:30:00;0.196354495
2020-07-07 13:45:00;0.202451901
2020-07-07 14:00:00;0.201302408
2020-07-07 14:15:00;0.192184791
2020-07-07 14:30:00;0.197010751
2020-07-07 14:45:00;0.197010726
2020-07-07 15:00:00;0.199165207
2020-07-07 15:15:00;0.196611867
2020-07-07 15:30:00;0.209361477
2020-07-07 15:45:00;0.201213843
2020-07-07 16:00:00;0.199279892
2020-07-07 16:15:00;0.201029065
2020-07-07 16:30:00;0.195858562
2020-07-07 16:45:00;0.182351127
2020-07-07 17:00:00;0.186641758
2020-07-07 17:15:00;0.195858714
2020-07-07 17:30:00;0.198617134
2020-07-07 17:45:00;0.214239204
2020-07-07 18:00:00;0.216663022
2020-07-07 18:15:00;0.215112452
2020-07-07 18:30:00;0.213146078
2020-07-07 18:45:00;0.209621576
2020-07-07 19:00:00;0.119410555
2020-07-07 19:15:00;0.12151567
2020-07-07 19:30:00;0.149383697
2020-07-07 19:45:00;0.102351887
2020-07-07 20:00:00;0.124427788
2020-07-07 20:15:00;0.211527238
2020-07-07 20:30:00;0.528818282
2020-07-07 20:45:00;0
2020-07-07 21:00:00;0
2020-07-07 21:15:00;0
2020-07-07 21:30:00;0
2020-07-07 21:45:00;0
2020-07-07 22:00:00;0
2020-07-07 22:15:00;0
2020-07-07 22:30:00;0
2020-07-07 22:45:00;0
2020-07-07 23:00:00;0
2020-07-07 23:15:00;0
2020-07-07 23:30:00;0
2020-07-07 23:45:00;0
2020-07-08 00:00:00;0
2020-07-08 00:15:00;0
2020-07-08 00:30:00;0
2020-07-08 00:45:00;0
2020-07-08 01:00:00;0
2020-07-08 01:15:00;0
2020-07-08 01:30:00;0
2020-07-08 01:45:00;0
2020-07-08 02:00:00;0
2020-07-08 02:15:00;0
2020-07-08 02:30:00;0
2020-07-08 02:45:00;0
2020-07-08 03:00:00;0
2020-07-08 03:15:00;0
2020-07-08 03:30:00;0
2020-07-08 03:45:00;0
2020-07-08 04:00:00;0
2020-07-08 04:15:00;0
2020-07-08 04:30:00;0
2020-07-08 04:45:00;0.423054398
2020-07-08 05:00:00;0.141018219
2020-07-08 05:15:00;0.126916351
2020-07-08 05:30:00;0.12038135
2020-07-08 05:45:00;0.25265759
2020-07-08 06:00:00;0.250146411
2020-07-08 06:15:00;0.243534724
2020-07-08 06:30:00;0.241417015
2020-07-08 06:45:00;0.241815277
2020-07-08 07:00:00;0.242596628
2020-07-08 07:15:00;0.241745428
2020-07-08 07:30:00;0.238053113
2020-07-08 07:45:00;0.232277357
2020-07-08 08:00:00;0.226636353
2020-07-08 08:15:00;0.222868512
2020-07-08 08:30:00;0.218693439
2020-07-08 08:45:00;0.214086982
2020-07-08 09:00:00;0.210649585
2020-07-08 09:15:00;0.208385768
2020-07-08 09:30:00;0.206490841
2020-07-08 09:45:00;0.204547463
2020-07-08 10:00:00;0.203103647
2020-07-08 10:15:00;0.201671817
2020-07-08 10:30:00;0.201200184
2020-07-08 10:45:00;0.199882015
2020-07-08 11:00:00;0.199154364
2020-07-08 11:15:00;0.198512784
2020-07-08 11:30:00;0.196712126
2020-07-08 11:45:00;0.19634743
2020-07-08 12:00:00;0.196101699
2020-07-08 12:15:00;0.196883076
2020-07-08 12:30:00;0.196589907
2020-07-08 12:45:00;0.197105042
2020-07-08 13:00:00;0.197257628
2020-07-08 13:15:00;0.198132375
2020-07-08 13:30:00;0.199671717
2020-07-08 13:45:00;0.193331345
2020-07-08 14:00:00;0.195719174
2020-07-08 14:15:00;0.206407032
2020-07-08 14:30:00;0.206112492
2020-07-08 14:45:00;0.205679574
2020-07-08 15:00:00;0.189742065
2020-07-08 15:15:00;0.211098727
2020-07-08 15:30:00;0.195983722
2020-07-08 15:45:00;0.206639041
2020-07-08 16:00:00;0.198617133
2020-07-08 16:15:00;0.221188336
2020-07-08 16:30:00;0.18466658
2020-07-08 16:45:00;0.194983162
2020-07-08 17:00:00;0.189832151
2020-07-08 17:15:00;0.151090959
2020-07-08 17:30:00;0.181959015
2020-07-08 17:45:00;0.195432872
2020-07-08 18:00:00;0.193651675
2020-07-08 18:15:00;0.142923884
2020-07-08 18:30:00;0.173383026
2020-07-08 18:45:00;0.176272753
2020-07-08 19:00:00;0.205651501
2020-07-08 19:15:00;0.19229756
2020-07-08 19:30:00;0
2020-07-08 19:45:00;0
2020-07-08 20:00:00;0
2020-07-08 20:15:00;0
2020-07-08 20:30:00;0
2020-07-08 20:45:00;0
2020-07-08 21:00:00;0
2020-07-08 21:15:00;0
2020-07-08 21:30:00;0
2020-07-08 21:45:00;0
2020-07-08 22:00:00;0
2020-07-08 22:15:00;0
2020-07-08 22:30:00;0
2020-07-08 22:45:00;0
2020-07-08 23:00:00;0
2020-07-08 23:15:00;0
2020-07-08 23:30:00;0
2020-07-08 23:45:00;0
2020-07-09 00:00:00;0
2020-07-09 00:15:00;0
2020-07-09 00:30:00;0
2020-07-09 00:45:00;0
2020-07-09 01:00:00;0
2020-07-09 01:15:00;0
2020-07-09 01:30:00;0
2020-07-09 01:45:00;0
2020-07-09 02:00:00;0
2020-07-09 02:15:00;0
2020-07-09 02:30:00;0
2020-07-09 02:45:00;0
2020-07-09 03:00:00;0
2020-07-09 03:15:00;0
2020-07-09 03:30:00;0
2020-07-09 03:45:00;0
2020-07-09 04:00:00;0
2020-07-09 04:15:00;0
2020-07-09 04:30:00;0
2020-07-09 04:45:00;0.528818267
2020-07-09 05:00:00;0.151090868
2020-07-09 05:15:00;0.126916327
2020-07-09 05:30:00;0.102052633
2020-07-09 05:45:00;0.25676723
2020-07-09 06:00:00;0.246173929
2020-07-09 06:15:00;0.241848632
2020-07-09 06:30:00;0.240642005
2020-07-09 06:45:00;0.241745456
2020-07-09 07:00:00;0.242056971
2020-07-09 07:15:00;0.241690193
2020-07-09 07:30:00;0.236576465
2020-07-09 07:45:00;0.231702669
2020-07-09 08:00:00;0.226636321
2020-07-09 08:15:00;0.222801526
2020-07-09 08:30:00;0.21882129
2020-07-09 08:45:00;0.215531678
2020-07-09 09:00:00;0.211303687
2020-07-09 09:15:00;0.208968541
2020-07-09 09:30:00;0.206019772
2020-07-09 09:45:00;0.204070888
2020-07-09 10:00:00;0.20204173
2020-07-09 10:15:00;0.201410708
2020-07-09 10:30:00;0.2014972
2020-07-09 10:45:00;0.200046324
2020-07-09 11:00:00;0.199693622
2020-07-09 11:15:00;0.200348374
2020-07-09 11:30:00;0.191581772
2020-07-09 11:45:00;0.195047347
2020-07-09 12:00:00;0.180643103
2020-07-09 12:15:00;0.198765167
2020-07-09 12:30:00;0.198019022
2020-07-09 12:45:00;0.196965727
2020-07-09 13:00:00;0.18926123
2020-07-09 13:15:00;0.200352291
2020-07-09 13:30:00;0.188383063
2020-07-09 13:45:00;0.201019471
2020-07-09 14:00:00;0.200878277
2020-07-09 14:15:00;0.190875244
2020-07-09 14:30:00;0.173124994
2020-07-09 14:45:00;0.201994973
2020-07-09 15:00:00;0.203893851
2020-07-09 15:15:00;0.174455519
2020-07-09 15:30:00;0.203561826
2020-07-09 15:45:00;0.207596373
2020-07-09 16:00:00;0.208585644
2020-07-09 16:15:00;0.211527313
2020-07-09 16:30:00;0.214506587
2020-07-09 16:45:00;0.218242471
2020-07-09 17:00:00;0.222136784
2020-07-09 17:15:00;0.209323871
2020-07-09 17:30:00;0.219553944
2020-07-09 17:45:00;0.178984582
2020-07-09 18:00:00;0.181309105
2020-07-09 18:15:00;0.140643161
2020-07-09 18:30:00;0.176272707
2020-07-09 18:45:00;0.165903771
2020-07-09 19:00:00;0.137952628
2020-07-09 19:15:00;0.162713335
2020-07-09 19:30:00;0.528818038
2020-07-09 19:45:00;0
2020-07-09 20:00:00;0
2020-07-09 20:15:00;0
2020-07-09 20:30:00;0
2020-07-09 20:45:00;0
2020-07-09 21:00:00;0
2020-07-09 21:15:00;0
2020-07-09 21:30:00;0
2020-07-09 21:45:00;0
2020-07-09 22:00:00;0
2020-07-09 22:15:00;0
2020-07-09 22:30:00;0
2020-07-09 22:45:00;0
2020-07-09 23:00:00;0
2020-07-09 23:15:00;0
2020-07-09 23:30:00;0
2020-07-09 23:45:00;0
2020-07-10 00:00:00;0
2020-07-10 00:15:00;0
2020-07-10 00:30:00;0
2020-07-10 00:45:00;0
2020-07-10 01:00:00;0
2020-07-10 01:15:00;0
2020-07-10 01:30:00;0
2020-07-10 01:45:00;0
2020-07-10 02:00:00;0
2020-07-10 02:15:00;0
2020-07-10 02:30:00;0
2020-07-10 02:45:00;0
2020-07-10 03:00:00;0
2020-07-10 03:15:00;0
2020-07-10 03:30:00;0
2020-07-10 03:45:00;0
2020-07-10 04:00:00;0
2020-07-10 04:15:00;0
2020-07-10 04:30:00;0
2020-07-10 04:45:00;0.26440913
2020-07-10 05:00:00;0.211527281
2020-07-10 05:15:00;0.16271328
2020-07-10 05:30:00;0.087327766
2020-07-10 05:45:00;0.252111059
2020-07-10 06:00:00;0.249656653
2020-07-10 06:15:00;0.243794131
2020-07-10 06:30:00;0.24293047
2020-07-10 06:45:00;0.244263664
2020-07-10 07:00:00;0.244578431
2020-07-10 07:15:00;0.24317914
2020-07-10 07:30:00;0.238877027
2020-07-10 07:45:00;0.233809753
2020-07-10 08:00:00;0.229419101
2020-07-10 08:15:00;0.225114073
2020-07-10 08:30:00;0.219978466
2020-07-10 08:45:00;0.216652362
2020-07-10 09:00:00;0.212628979
2020-07-10 09:15:00;0.20984012
2020-07-10 09:30:00;0.20829169
2020-07-10 09:45:00;0.206083611
2020-07-10 10:00:00;0.204369666
2020-07-10 10:15:00;0.204057379
2020-07-10 10:30:00;0.202908158
2020-07-10 10:45:00;0.20103833
2020-07-10 11:00:00;0.199833887
2020-07-10 11:15:00;0.19846586
2020-07-10 11:30:00;0.197158032
2020-07-10 11:45:00;0.196347529
2020-07-10 12:00:00;0.195675055
2020-07-10 12:15:00;0.195889062
2020-07-10 12:30:00;0.19613433
2020-07-10 12:45:00;0.19663341
2020-07-10 13:00:00;0.196140313
2020-07-10 13:15:00;0.196749605
2020-07-10 13:30:00;0.197705427
2020-07-10 13:45:00;0.197857114
2020-07-10 14:00:00;0.198943035
2020-07-10 14:15:00;0.200222852
2020-07-10 14:30:00;0.20079181
2020-07-10 14:45:00;0.203272529
2020-07-10 15:00:00;0.203725
2020-07-10 15:15:00;0.205562809
2020-07-10 15:30:00;0.206953715
2020-07-10 15:45:00;0.202748484
2020-07-10 16:00:00;0.209202858
2020-07-10 16:15:00;0.203692923
2020-07-10 16:30:00;0.205213013
2020-07-10 16:45:00;0.204991331
2020-07-10 17:00:00;0.202834341
2020-07-10 17:15:00;0.207832467
2020-07-10 17:30:00;0.207165875
2020-07-10 17:45:00;0.219687091
2020-07-10 18:00:00;0.190851715
2020-07-10 18:15:00;0.168379905
2020-07-10 18:30:00;0.174455533
2020-07-10 18:45:00;0.16411599
2020-07-10 19:00:00;0.190374533
2020-07-10 19:15:00;0.162713357
2020-07-10 19:30:00;1
2020-07-10 19:45:00;0
2020-07-10 20:00:00;0
2020-07-10 20:15:00;0
2020-07-10 20:30:00;0
2020-07-10 20:45:00;0
2020-07-10 21:00:00;0
2020-07-10 21:15:00;0
2020-07-10 21:30:00;0
2020-07-10 21:45:00;0
2020-07-10 22:00:00;0
2020-07-10 22:15:00;0
2020-07-10 22:30:00;0
2020-07-10 22:45:00;0
2020-07-10 23:00:00;0
2020-07-10 23:15:00;0
2020-07-10 23:30:00;0
2020-07-10 23:45:00;0
2020-07-11 00:00:00;0
2020-07-11 00:15:00;0
2020-07-11 00:30:00;0
2020-07-11 00:45:00;0
2020-07-11 01:00:00;0
2020-07-11 01:15:00;0
2020-07-11 01:30:00;0
2020-07-11 01:45:00;0
2020-07-11 02:00:00;0
2020-07-11 02:15:00;0
2020-07-11 02:30:00;0
2020-07-11 02:45:00;0
2020-07-11 03:00:00;0
2020-07-11 03:15:00;0
2020-07-11 03:30:00;0
2020-07-11 03:45:00;0
2020-07-11 04:00:00;0
2020-07-11 04:15:00;0
2020-07-11 04:30:00;0
2020-07-11 04:45:00;0
2020-07-11 05:00:00;0
2020-07-11 05:15:00;0
2020-07-11 05:30:00;0
2020-07-11 05:45:00;0.528818018
2020-07-11 06:00:00;0.151090903
2020-07-11 06:15:00;0.169221796
2020-07-11 06:30:00;0.091968376
2020-07-11 06:45:00;0.248087531
2020-07-11 07:00:00;0.246298865
2020-07-11 07:15:00;0.238821093
2020-07-11 07:30:00;0.239523554
2020-07-11 07:45:00;0.240012222
2020-07-11 08:00:00;0.242137055
2020-07-11 08:15:00;0.23973101
2020-07-11 08:30:00;0.235629876
2020-07-11 08:45:00;0.231052804
2020-07-11 09:00:00;0.227273003
2020-07-11 09:15:00;0.222515791
2020-07-11 09:30:00;0.218688951
2020-07-11 09:45:00;0.215132861
2020-07-11 10:00:00;0.212436046
2020-07-11 10:15:00;0.210226962
2020-07-11 10:30:00;0.208416514
2020-07-11 10:45:00;0.205955537
2020-07-11 11:00:00;0.205169864
2020-07-11 11:15:00;0.204039556
2020-07-11 11:30:00;0.20258432
2020-07-11 11:45:00;0.202392753
2020-07-11 12:00:00;0.199404842
2020-07-11 12:15:00;0.19943999
2020-07-11 12:30:00;0.198676761
2020-07-11 12:45:00;0.198201418
2020-07-11 13:00:00;0.197369853
2020-07-11 13:15:00;0.19758048
2020-07-11 13:30:00;0.197782947
2020-07-11 13:45:00;0.19686863
2020-07-11 14:00:00;0.197825051
2020-07-11 14:15:00;0.197818824
2020-07-11 14:30:00;0.198251517
2020-07-11 14:45:00;0.197963116
2020-07-11 15:00:00;0.198425513
2020-07-11 15:15:00;0.200569371
2020-07-11 15:30:00;0.200920312
2020-07-11 15:45:00;0.202116555
2020-07-11 16:00:00;0.203262713
2020-07-11 16:15:00;0.203839619
2020-07-11 16:30:00;0.205319957
2020-07-11 16:45:00;0.207037317
2020-07-11 17:00:00;0.210468272
2020-07-11 17:15:00;0.207556627
2020-07-11 17:30:00;0.165412356
2020-07-11 17:45:00;0.224725517
2020-07-11 18:00:00;0.195858552
2020-07-11 18:15:00;0.191735262
2020-07-11 18:30:00;0.226796749
2020-07-11 18:45:00;0.17750531
2020-07-11 19:00:00;0.188489614
2020-07-11 19:15:00;0.170586558
2020-07-11 19:30:00;0.1762727
2020-07-11 19:45:00;0.192297517
2020-07-11 20:00:00;0.141018167
2020-07-11 20:15:00;0.26440909
2020-07-11 20:30:00;0
2020-07-11 20:45:00;0
2020-07-11 21:00:00;0
2020-07-11 21:15:00;0
2020-07-11 21:30:00;0
2020-07-11 21:45:00;0
2020-07-11 22:00:00;0
2020-07-11 22:15:00;0
2020-07-11 22:30:00;0
2020-07-11 22:45:00;0
2020-07-11 23:00:00;0
2020-07-11 23:15:00;0
2020-07-11 23:30:00;0
2020-07-11 23:45:00;0
2020-07-12 00:00:00;0
2020-07-12 00:15:00;0
2020-07-12 00:30:00;0
2020-07-12 00:45:00;0
2020-07-12 01:00:00;0
2020-07-12 01:15:00;0
2020-07-12 01:30:00;0
2020-07-12 01:45:00;0
2020-07-12 02:00:00;0
2020-07-12 02:15:00;0
2020-07-12 02:30:00;0
2020-07-12 02:45:00;0
2020-07-12 03:00:00;0
2020-07-12 03:15:00;0
2020-07-12 03:30:00;0
2020-07-12 03:45:00;0
2020-07-12 04:00:00;0
2020-07-12 04:15:00;0
2020-07-12 04:30:00;0
2020-07-12 04:45:00;0.528818318
2020-07-12 05:00:00;0.162713249
2020-07-12 05:15:00;0.137952518
2020-07-12 05:30:00;0.085754315
2020-07-12 05:45:00;0.246565571
2020-07-12 06:00:00;0.24662368
2020-07-12 06:15:00;0.239182767
2020-07-12 06:30:00;0.239117806
2020-07-12 06:45:00;0.240253167
2020-07-12 07:00:00;0.24057824
2020-07-12 07:15:00;0.239917494
2020-07-12 07:30:00;0.237210272
2020-07-12 07:45:00;0.230903748
2020-07-12 08:00:00;0.227272971
2020-07-12 08:15:00;0.222296995
2020-07-12 08:30:00;0.217748606
2020-07-12 08:45:00;0.214204869
2020-07-12 09:00:00;0.211527326
2020-07-12 09:15:00;0.209572673
2020-07-12 09:30:00;0.207439801
2020-07-12 09:45:00;0.207951675
2020-07-12 10:00:00;0.204417096
2020-07-12 10:15:00;0.205988086
2020-07-12 10:30:00;0.20216928
2020-07-12 10:45:00;0.202418448
2020-07-12 11:00:00;0.201889793
2020-07-12 11:15:00;0.201633087
2020-07-12 11:30:00;0.204079211
2020-07-12 11:45:00;0.203471673
2020-07-12 12:00:00;0.202357861
2020-07-12 12:15:00;0.202239215
2020-07-12 12:30:00;0.204192998
2020-07-12 12:45:00;0.203692884
2020-07-12 13:00:00;0.194955935
2020-07-12 13:15:00;0.197535215
2020-07-12 13:30:00;0.19941968
2020-07-12 13:45:00;0.200586213
2020-07-12 14:00:00;0.198642332
2020-07-12 14:15:00;0.197010708
2020-07-12 14:30:00;0.201785887
2020-07-12 14:45:00;0.202526149
2020-07-12 15:00:00;0.205745953
2020-07-12 15:15:00;0.209848515
2020-07-12 15:30:00;0.202280208
2020-07-12 15:45:00;0.201311464
2020-07-12 16:00:00;0.201714166
2020-07-12 16:15:00;0.195186145
2020-07-12 16:30:00;0.215634566
2020-07-12 16:45:00;0.21061162
2020-07-12 17:00:00;0.192902247
2020-07-12 17:15:00;0.2204845
2020-07-12 17:30:00;0.189113775
2020-07-12 17:45:00;0.22002837
2020-07-12 18:00:00;0.171129479
2020-07-12 18:15:00;0.105763627
2020-07-12 18:30:00;0.12718411
2020-07-12 18:45:00;0.096148759
2020-07-12 19:00:00;0.169221833
2020-07-12 19:15:00;0.211527243
2020-07-12 19:30:00;0
2020-07-12 19:45:00;0
2020-07-12 20:00:00;0
2020-07-12 20:15:00;0
2020-07-12 20:30:00;0
2020-07-12 20:45:00;0
2020-07-12 21:00:00;0
2020-07-12 21:15:00;0
2020-07-12 21:30:00;0
2020-07-12 21:45:00;0
2020-07-12 22:00:00;0
2020-07-12 22:15:00;0
2020-07-12 22:30:00;0
2020-07-12 22:45:00;0
2020-07-12 23:00:00;0
2020-07-12 23:15:00;0
2020-07-12 23:30:00;0
12.07.2020 23:45;0
13.07.2020 00:00;0
2020-07-13 00:15:00;0
2020-07-13 00:30:00;0
2020-07-13 00:45:00;0
2020-07-13 01:00:00;0
2020-07-13 01:15:00;0
2020-07-13 01:30:00;0
2020-07-13 01:45:00;0
2020-07-13 02:00:00;0
2020-07-13 02:15:00;0
2020-07-13 02:30:00;0
2020-07-13 02:45:00;0
2020-07-13 03:00:00;0
2020-07-13 03:15:00;0
2020-07-13 03:30:00;0
2020-07-13 03:45:00;0
2020-07-13 04:00:00;0
2020-07-13 04:15:00;0
2020-07-13 04:30:00;0
2020-07-13 04:45:00;0
2020-07-13 05:00:00;0
2020-07-13 05:15:00;0
2020-07-13 05:30:00;0
2020-07-13 05:45:00;0.52881832
2020-07-13 06:00:00;0.162713352
2020-07-13 06:15:00;0.176272748
2020-07-13 06:30:00;0.167546344
2020-07-13 06:45:00;0.252657629
2020-07-13 07:00:00;0.247641677
2020-07-13 07:15:00;0.241141052
2020-07-13 07:30:00;0.238731529
2020-07-13 07:45:00;0.233302113
2020-07-13 08:00:00;0.23735741
2020-07-13 08:15:00;0.233198251
2020-07-13 08:30:00;0.213903939
2020-07-13 08:45:00;0.227299055
2020-07-13 09:00:00;0.229310488
2020-07-13 09:15:00;0.211527263
2020-07-13 09:30:00;0.220647396
2020-07-13 09:45:00;0.219120636
2020-07-13 10:00:00;0.2139189
2020-07-13 10:15:00;0.211527244
2020-07-13 10:30:00;0.213382803
2020-07-13 10:45:00;0.206541714
2020-07-13 11:00:00;0.203066193
2020-07-13 11:15:00;0.205190526
2020-07-13 11:30:00;0.210151707
2020-07-13 11:45:00;0.202425876
2020-07-13 12:00:00;0.202526183
2020-07-13 12:15:00;0.202557892
2020-07-13 12:30:00;0.203609148
2020-07-13 12:45:00;0.201988929
2020-07-13 13:00:00;0.202404812
2020-07-13 13:15:00;0.202903878
2020-07-13 13:30:00;0.201364946
2020-07-13 13:45:00;0.189907093
2020-07-13 14:00:00;0.197143345
2020-07-13 14:15:00;0.197043713
2020-07-13 14:30:00;0.193943111
2020-07-13 14:45:00;0.198560042
2020-07-13 15:00:00;0.200644839
2020-07-13 15:15:00;0.2024803
2020-07-13 15:30:00;0.208439273
2020-07-13 15:45:00;0.205592657
2020-07-13 16:00:00;0.20627659
2020-07-13 16:15:00;0.208902353
2020-07-13 16:30:00;0.195025147
2020-07-13 16:45:00;0.19617445
2020-07-13 17:00:00;0.195359563
2020-07-13 17:15:00;0.189493183
2020-07-13 17:30:00;0.193725441
2020-07-13 17:45:00;0.20026253
2020-07-13 18:00:00;0.200719284
2020-07-13 18:15:00;0.190721324
2020-07-13 18:30:00;0.176272742
2020-07-13 18:45:00;0.192297478
2020-07-13 19:00:00;0.141018263
2020-07-13 19:15:00;0.162713225
2020-07-13 19:30:00;0.247883461
2020-07-13 19:45:00;0.453272738
2020-07-13 20:00:00;0.528818108
2020-07-13 20:15:00;0.302181791
2020-07-13 20:30:00;1
2020-07-13 20:45:00;0
2020-07-13 21:00:00;0
2020-07-13 21:15:00;0
2020-07-13 21:30:00;0
2020-07-13 21:45:00;0
2020-07-13 22:00:00;0
2020-07-13 22:15:00;0
2020-07-13 22:30:00;0
2020-07-13 22:45:00;0
2020-07-13 23:00:00;0
2020-07-13 23:15:00;0
2020-07-13 23:30:00;0
2020-07-13 23:45:00;0
2020-07-14 00:00:00;0
2020-07-14 00:15:00;0
2020-07-14 00:30:00;0
2020-07-14 00:45:00;0
2020-07-14 01:00:00;0
2020-07-14 01:15:00;0
2020-07-14 01:30:00;0
2020-07-14 01:45:00;0
2020-07-14 02:00:00;0
2020-07-14 02:15:00;0
2020-07-14 02:30:00;0
2020-07-14 02:45:00;0
2020-07-14 03:00:00;0
2020-07-14 03:15:00;0
2020-07-14 03:30:00;0
2020-07-14 03:45:00;0
2020-07-14 04:00:00;0
2020-07-14 04:15:00;0
2020-07-14 04:30:00;0
2020-07-14 04:45:00;1
2020-07-14 05:00:00;0.211527299
2020-07-14 05:15:00;0.206928881
2020-07-14 05:30:00;0.202834332
2020-07-14 05:45:00;0.244623387
2020-07-14 06:00:00;0.220340892
2020-07-14 06:15:00;0.240002066
2020-07-14 06:30:00;0.230510509
2020-07-14 06:45:00;0.216475306
2020-07-14 07:00:00;0.237782444
2020-07-14 07:15:00;0.226414822
2020-07-14 07:30:00;0.235030362
2020-07-14 07:45:00;0.236067637
2020-07-14 08:00:00;0.229003827
2020-07-14 08:15:00;0.223465825
2020-07-14 08:30:00;0.220724106
2020-07-14 08:45:00;0.215685003
2020-07-14 09:00:00;0.214698995
2020-07-14 09:15:00;0.211006234
2020-07-14 09:30:00;0.209271713
2020-07-14 09:45:00;0.209102788
2020-07-14 10:00:00;0.209693956
2020-07-14 10:15:00;0.206344607
2020-07-14 10:30:00;0.205933918
2020-07-14 10:45:00;0.205440093
2020-07-14 11:00:00;0.202257143
2020-07-14 11:15:00;0.207793588
2020-07-14 11:30:00;0.198463846
2020-07-14 11:45:00;0.198560097
2020-07-14 12:00:00;0.205167912
2020-07-14 12:15:00;0.203465452
2020-07-14 12:30:00;0.195222945
2020-07-14 12:45:00;0.205710614
2020-07-14 13:00:00;0.195347002
2020-07-14 13:15:00;0.203177501
2020-07-14 13:30:00;0.189034572
2020-07-14 13:45:00;0.193765459
2020-07-14 14:00:00;0.190442561
2020-07-14 14:15:00;0.196769572
2020-07-14 14:30:00;0.20639218
2020-07-14 14:45:00;0.212534589
2020-07-14 15:00:00;0.1948278
2020-07-14 15:15:00;0.202126031
2020-07-14 15:30:00;0.210753834
2020-07-14 15:45:00;0.199829837
2020-07-14 16:00:00;0.200093427
2020-07-14 16:15:00;0.215702159
2020-07-14 16:30:00;0.200093379
2020-07-14 16:45:00;0.141018108
2020-07-14 17:00:00;1
2020-07-14 17:15:00;0.242438163
2020-07-14 17:30:00;0.219924394
2020-07-14 17:45:00;0.198576643
2020-07-14 18:00:00;0.199264912
2020-07-14 18:15:00;0.216076303
2020-07-14 18:30:00;0.221762512
2020-07-14 18:45:00;0.23503031
2020-07-14 19:00:00;0.238821118
2020-07-14 19:15:00;0.264409023
2020-07-14 19:30:00;1
2020-07-14 19:45:00;0
2020-07-14 20:00:00;0
2020-07-14 20:15:00;0
2020-07-14 20:30:00;0
2020-07-14 20:45:00;0
2020-07-14 21:00:00;0
2020-07-14 21:15:00;0
2020-07-14 21:30:00;0
2020-07-14 21:45:00;0
2020-07-14 22:00:00;0
2020-07-14 22:15:00;0
2020-07-14 22:30:00;0
2020-07-14 22:45:00;0
2020-07-14 23:00:00;0
2020-07-14 23:15:00;0
2020-07-14 23:30:00;0
2020-07-14 23:45:00;0
2020-07-15 00:00:00;0
2020-07-15 00:15:00;0
2020-07-15 00:30:00;0
2020-07-15 00:45:00;0
2020-07-15 01:00:00;0
2020-07-15 01:15:00;0
2020-07-15 01:30:00;0
2020-07-15 01:45:00;0
2020-07-15 02:00:00;0
2020-07-15 02:15:00;0
2020-07-15 02:30:00;0
2020-07-15 02:45:00;0
2020-07-15 03:00:00;0
2020-07-15 03:15:00;0
2020-07-15 03:30:00;0
2020-07-15 03:45:00;0
2020-07-15 04:00:00;0
2020-07-15 04:15:00;0
2020-07-15 04:30:00;0
2020-07-15 04:45:00;0.528818285
2020-07-15 05:00:00;0.26440905
2020-07-15 05:15:00;0.201454527
2020-07-15 05:30:00;0.17627274
2020-07-15 05:45:00;0.240703448
2020-07-15 06:00:00;0.235587253
2020-07-15 06:15:00;0.227195982
2020-07-15 06:30:00;0.226181259
2020-07-15 06:45:00;0.226059691
2020-07-15 07:00:00;0.228804311
2020-07-15 07:15:00;0.230191446
2020-07-15 07:30:00;0.226242339
2020-07-15 07:45:00;0.219509485
2020-07-15 08:00:00;0.215216638
2020-07-15 08:15:00;0.215663198
2020-07-15 08:30:00;0.194827727
2020-07-15 08:45:00;0.196769598
2020-07-15 09:00:00;0.204838646
2020-07-15 09:15:00;0.20656962
2020-07-15 09:30:00;0.203259124
2020-07-15 09:45:00;0.203857408
2020-07-15 10:00:00;0.206437039
2020-07-15 10:15:00;0.205051884
2020-07-15 10:30:00;0.197010666
2020-07-15 10:45:00;0.20135771
2020-07-15 11:00:00;0.201677868
2020-07-15 11:15:00;0.204316118
2020-07-15 11:30:00;0.200771629
2020-07-15 11:45:00;0.199053237
2020-07-15 12:00:00;0.189684805
2020-07-15 12:15:00;0.193222067
2020-07-15 12:30:00;0.198686904
2020-07-15 12:45:00;0.196720327
2020-07-15 13:00:00;0.192724811
2020-07-15 13:15:00;0.192902227
2020-07-15 13:30:00;0.198540916
2020-07-15 13:45:00;0.192121106
2020-07-15 14:00:00;0.200486058
2020-07-15 14:15:00;0.184024658
2020-07-15 14:30:00;0.18513956
2020-07-15 14:45:00;0.200035888
2020-07-15 15:00:00;0.195322799
2020-07-15 15:15:00;0.196819847
2020-07-15 15:30:00;0.198476746
2020-07-15 15:45:00;0.1988718
2020-07-15 16:00:00;0.195590269
2020-07-15 16:15:00;0.194351981
2020-07-15 16:30:00;0.192297521
2020-07-15 16:45:00;0.187645179
2020-07-15 17:00:00;0.180023197
2020-07-15 17:15:00;0.203693019
2020-07-15 17:30:00;0.216524
2020-07-15 17:45:00;0.203391655
2020-07-15 18:00:00;0.16669274
2020-07-15 18:15:00;0.137952586
2020-07-15 18:30:00;0.132204527
2020-07-15 18:45:00;0.162713292
2020-07-15 19:00:00;0.176272712
2020-07-15 19:15:00;0.211527237
2020-07-15 19:30:00;0.264409113
2020-07-15 19:45:00;0
2020-07-15 20:00:00;0
2020-07-15 20:15:00;0
2020-07-15 20:30:00;0
2020-07-15 20:45:00;0
2020-07-15 21:00:00;0
2020-07-15 21:15:00;0
2020-07-15 21:30:00;0
2020-07-15 21:45:00;0
2020-07-15 22:00:00;0
2020-07-15 22:15:00;0
2020-07-15 22:30:00;0
2020-07-15 22:45:00;0
2020-07-15 23:00:00;0
2020-07-15 23:15:00;0
2020-07-15 23:30:00;0
;0
;0
2020-07-16 00:15:00;0
2020-07-16 00:30:00;0
2020-07-16 00:45:00;0
2020-07-16 01:00:00;0
2020-07-16 01:15:00;0
2020-07-16 01:30:00;0
2020-07-16 01:45:00;0
2020-07-16 02:00:00;0
2020-07-16 02:15:00;0
2020-07-16 02:30:00;0
2020-07-16 02:45:00;0
2020-07-16 03:00:00;0
2020-07-16 03:15:00;0
2020-07-16 03:30:00;0
2020-07-16 03:45:00;0
2020-07-16 04:00:00;0
2020-07-16 04:15:00;0
2020-07-16 04:30:00;0
2020-07-16 04:45:00;1
2020-07-16 05:00:00;0.162713327
2020-07-16 05:15:00;0.156686887
2020-07-16 05:30:00;0.158645418
2020-07-16 05:45:00;0.240703479
2020-07-16 06:00:00;0.243643934
2020-07-16 06:15:00;0.239620723
2020-07-16 06:30:00;0.234307123
2020-07-16 06:45:00;0.22434712
2020-07-16 07:00:00;0.236930058
2020-07-16 07:15:00;0.234799427
2020-07-16 07:30:00;0.229065054
2020-07-16 07:45:00;0.23187919
2020-07-16 08:00:00;0.222166232
2020-07-16 08:15:00;0.217705323
2020-07-16 08:30:00;0.212866096
2020-07-16 08:45:00;0.209244532
2020-07-16 09:00:00;0.20481978
2020-07-16 09:15:00;0.200489065
2020-07-16 09:30:00;0.198771878
2020-07-16 09:45:00;0.19425965
2020-07-16 10:00:00;0.197639077
2020-07-16 10:15:00;0.181169206
2020-07-16 10:30:00;0.191312998
2020-07-16 10:45:00;0.19088355
2020-07-16 11:00:00;0.1896346
2020-07-16 11:15:00;0.193854952
2020-07-16 11:30:00;0.19535958
2020-07-16 11:45:00;0.191112932
2020-07-16 12:00:00;0.194032554
2020-07-16 12:15:00;0.191257198
2020-07-16 12:30:00;0.188489625
2020-07-16 12:45:00;0.187804624
2020-07-16 13:00:00;0.170931172
2020-07-16 13:15:00;0.157856146
2020-07-16 13:30:00;0.157856191
2020-07-16 13:45:00;0.142374128
2020-07-16 14:00:00;0.1586455
2020-07-16 14:15:00;0.181781325
2020-07-16 14:30:00;0.188686244
2020-07-16 14:45:00;0.195255951
2020-07-16 15:00:00;0.196769491
2020-07-16 15:15:00;0.196939125
2020-07-16 15:30:00;0.195858568
2020-07-16 15:45:00;0.195995597
2020-07-16 16:00:00;0.196939162
2020-07-16 16:15:00;0.195858622
2020-07-16 16:30:00;0.198306811
2020-07-16 16:45:00;0.194418422
2020-07-16 17:00:00;0.195858559
2020-07-16 17:15:00;0.197320172
2020-07-16 17:30:00;0.201145593
2020-07-16 17:45:00;0.19441835
2020-07-16 18:00:00;0.196262365
2020-07-16 18:15:00;0.183052452
2020-07-16 18:30:00;0.185086387
2020-07-16 18:45:00;0.166995262
2020-07-16 19:00:00;0.264409165
2020-07-16 19:15:00;0.352545515
2020-07-16 19:30:00;0
2020-07-16 19:45:00;0
2020-07-16 20:00:00;0
2020-07-16 20:15:00;0
2020-07-16 20:30:00;0
2020-07-16 20:45:00;0
2020-07-16 21:00:00;0
2020-07-16 21:15:00;0
2020-07-16 21:30:00;0
2020-07-16 21:45:00;0
2020-07-16 22:00:00;0
2020-07-16 22:15:00;0
2020-07-16 22:30:00;0
2020-07-16 22:45:00;0
2020-07-16 23:00:00;0
2020-07-16 23:15:00;0
2020-07-16 23:30:00;0
2020-07-16 23:45:00;0
2020-07-17 00:00:00;0
2020-07-17 00:15:00;0
2020-07-17 00:30:00;0
2020-07-17 00:45:00;0
2020-07-17 01:00:00;0
2020-07-17 01:15:00;0
2020-07-17 01:30:00;0
2020-07-17 01:45:00;0
2020-07-17 02:00:00;0
2020-07-17 02:15:00;0
2020-07-17 02:30:00;0
2020-07-17 02:45:00;0
2020-07-17 03:00:00;0
2020-07-17 03:15:00;0
2020-07-17 03:30:00;0
2020-07-17 03:45:00;0
2020-07-17 04:00:00;0
2020-07-17 04:15:00;0
2020-07-17 04:30:00;0
2020-07-17 04:45:00;1
2020-07-17 05:00:00;0.235030314
2020-07-17 05:15:00;0.151090892
2020-07-17 05:30:00;0.132204557
2020-07-17 05:45:00;0.235824398
2020-07-17 06:00:00;0.238486604
2020-07-17 06:15:00;0.235030271
2020-07-17 06:30:00;0.230637222
2020-07-17 06:45:00;0.229200592
2020-07-17 07:00:00;0.231060204
2020-07-17 07:15:00;0.229189574
2020-07-17 07:30:00;0.223947871
2020-07-17 07:45:00;0.2206945
2020-07-17 08:00:00;0.21430246
2020-07-17 08:15:00;0.210957151
2020-07-17 08:30:00;0.206528558
2020-07-17 08:45:00;0.20320332
2020-07-17 09:00:00;0.182975098
2020-07-17 09:15:00;0.197708937
2020-07-17 09:30:00;0.195190599
2020-07-17 09:45:00;0.194300601
2020-07-17 10:00:00;0.192818186
2020-07-17 10:15:00;0.192847853
2020-07-17 10:30:00;0.191813096
2020-07-17 10:45:00;0.190271692
2020-07-17 11:00:00;0.178487989
2020-07-17 11:15:00;0.173953344
2020-07-17 11:30:00;0.187568979
2020-07-17 11:45:00;0.18654863
2020-07-17 12:00:00;0.187869634
2020-07-17 12:15:00;0.187044197
2020-07-17 12:30:00;0.180542308
2020-07-17 12:45:00;0.184782441
2020-07-17 13:00:00;0.185924573
2020-07-17 13:15:00;0.183093877
2020-07-17 13:30:00;0.187289795
2020-07-17 13:45:00;0.184024686
2020-07-17 14:00:00;0.194309954
2020-07-17 14:15:00;0.19448932
2020-07-17 14:30:00;0.184701585
2020-07-17 14:45:00;0.1824423
2020-07-17 15:00:00;0.192297511
2020-07-17 15:15:00;0.182956024
2020-07-17 15:30:00;0.159875202
2020-07-17 15:45:00;0.204485408
2020-07-17 16:00:00;0.18130907
2020-07-17 16:15:00;0.184901399
2020-07-17 16:30:00;0.16271327
2020-07-17 16:45:00;0.146893929
2020-07-17 17:00:00;0.207379662
2020-07-17 17:15:00;0.168260322
2020-07-17 17:30:00;0.180572062
2020-07-17 17:45:00;0.141018143
2020-07-17 18:00:00;0.162713269
2020-07-17 18:15:00;0.264409149
2020-07-17 18:30:00;0.264409084
2020-07-17 18:45:00;0.176272717
2020-07-17 19:00:00;0.352545503
2020-07-17 19:15:00;0
2020-07-17 19:30:00;0
2020-07-17 19:45:00;0
2020-07-17 20:00:00;0
2020-07-17 20:15:00;0
2020-07-17 20:30:00;0
2020-07-17 20:45:00;0
2020-07-17 21:00:00;0
2020-07-17 21:15:00;0
2020-07-17 21:30:00;0
2020-07-17 21:45:00;0
2020-07-17 22:00:00;0
2020-07-17 22:15:00;0
2020-07-17 22:30:00;0
2020-07-17 22:45:00;0
2020-07-17 23:00:00;0
2020-07-17 23:15:00;0
2020-07-17 23:30:00;0
2020-07-17 23:45:00;0
2020-07-18 00:00:00;0
2020-07-18 00:15:00;0
2020-07-18 00:30:00;0
2020-07-18 00:45:00;0
2020-07-18 01:00:00;0
2020-07-18 01:15:00;0
2020-07-18 01:30:00;0
2020-07-18 01:45:00;0
2020-07-18 02:00:00;0
2020-07-18 02:15:00;0
2020-07-18 02:30:00;0
2020-07-18 02:45:00;0
2020-07-18 03:00:00;0
2020-07-18 03:15:00;0
2020-07-18 03:30:00;0
2020-07-18 03:45:00;0
2020-07-18 04:00:00;0
2020-07-18 04:15:00;0
2020-07-18 04:30:00;0
2020-07-18 04:45:00;1
2020-07-18 05:00:00;0.302181866
2020-07-18 05:15:00;0.111330104
2020-07-18 05:30:00;0.141018186
2020-07-18 05:45:00;0.239054832
2020-07-18 06:00:00;0.239661456
2020-07-18 06:15:00;0.234133246
2020-07-18 06:30:00;0.229920941
2020-07-18 06:45:00;0.230159181
2020-07-18 07:00:00;0.230035935
2020-07-18 07:15:00;0.230191415
2020-07-18 07:30:00;0.226897825
2020-07-18 07:45:00;0.221553889
2020-07-18 08:00:00;0.217620726
2020-07-18 08:15:00;0.212371137
2020-07-18 08:30:00;0.20940672
2020-07-18 08:45:00;0.205413819
2020-07-18 09:00:00;0.201288369
2020-07-18 09:15:00;0.198908332
2020-07-18 09:30:00;0.198306866
2020-07-18 09:45:00;0.18361743
2020-07-18 10:00:00;0.198463793
2020-07-18 10:15:00;0.189261261
2020-07-18 10:30:00;0.197234908
2020-07-18 10:45:00;0.192640929
2020-07-18 11:00:00;0.193829728
2020-07-18 11:15:00;0.193510783
2020-07-18 11:30:00;0.190275734
2020-07-18 11:45:00;0.195572657
2020-07-18 12:00:00;0.192704902
2020-07-18 12:15:00;0.19093232
2020-07-18 12:30:00;0.190743749
2020-07-18 12:45:00;0.188863653
2020-07-18 13:00:00;0.191489542
2020-07-18 13:15:00;0.181382085
2020-07-18 13:30:00;0.186641727
2020-07-18 13:45:00;0.193362867
2020-07-18 14:00:00;0.196496503
2020-07-18 14:15:00;0.190136857
2020-07-18 14:30:00;0.196153135
2020-07-18 14:45:00;0.197472882
2020-07-18 15:00:00;0.185800932
2020-07-18 15:15:00;0.190721318
2020-07-18 15:30:00;0.195432744
2020-07-18 15:45:00;0.194922727
2020-07-18 16:00:00;0.194351979
2020-07-18 16:15:00;0.199419629
2020-07-18 16:30:00;0.201838982
2020-07-18 16:45:00;0.18792717
2020-07-18 17:00:00;0.186288283
2020-07-18 17:15:00;0.187804591
2020-07-18 17:30:00;0.17627272
2020-07-18 17:45:00;0.192297512
2020-07-18 18:00:00;0.172173359
2020-07-18 18:15:00;0.17627269
2020-07-18 18:30:00;0.181309127
2020-07-18 18:45:00;0.117515159
2020-07-18 19:00:00;0.26440913
2020-07-18 19:15:00;0.352545419
2020-07-18 19:30:00;0
2020-07-18 19:45:00;0
2020-07-18 20:00:00;0
2020-07-18 20:15:00;0
2020-07-18 20:30:00;0
2020-07-18 20:45:00;0
2020-07-18 21:00:00;0
2020-07-18 21:15:00;0
2020-07-18 21:30:00;0
2020-07-18 21:45:00;0
2020-07-18 22:00:00;0
2020-07-18 22:15:00;0
2020-07-18 22:30:00;0
2020-07-18 22:45:00;0
2020-07-18 23:00:00;0
2020-07-18 23:15:00;0
2020-07-18 23:30:00;0
;0
;0
2020-07-19 00:15:00;0
2020-07-19 00:30:00;0
2020-07-19 00:45:00;0
2020-07-19 01:00:00;0
2020-07-19 01:15:00;0
2020-07-19 01:30:00;0
2020-07-19 01:45:00;0
2020-07-19 02:00:00;0
2020-07-19 02:15:00;0
2020-07-19 02:30:00;0
2020-07-19 02:45:00;0
2020-07-19 03:00:00;0
2020-07-19 03:15:00;0
2020-07-19 03:30:00;0
2020-07-19 03:45:00;0
2020-07-19 04:00:00;0
2020-07-19 04:15:00;0
2020-07-19 04:30:00;0
2020-07-19 04:45:00;0.528818049
2020-07-19 05:00:00;0.226636356
2020-07-19 05:15:00;0.211527292
2020-07-19 05:30:00;0.207379654
2020-07-19 05:45:00;0.214045489
2020-07-19 06:00:00;0.20791139
2020-07-19 06:15:00;0.208196049
2020-07-19 06:30:00;0.232837822
2020-07-19 06:45:00;0.239275164
2020-07-19 07:00:00;0.238548762
2020-07-19 07:15:00;0.237823091
2020-07-19 07:30:00;0.198306781
2020-07-19 07:45:00;0.211047583
2020-07-19 08:00:00;0.217423575
2020-07-19 08:15:00;0.215934139
2020-07-19 08:30:00;0.213348528
2020-07-19 08:45:00;0.209555032
2020-07-19 09:00:00;0.207489661
2020-07-19 09:15:00;0.206463142
2020-07-19 09:30:00;0.203391646
2020-07-19 09:45:00;0.202059367
2020-07-19 10:00:00;0.200784651
2020-07-19 10:15:00;0.198732147
2020-07-19 10:30:00;0.199049567
2020-07-19 10:45:00;0.200132926
2020-07-19 11:00:00;0.200195463
2020-07-19 11:15:00;0.194827815
2020-07-19 11:30:00;0.181886473
2020-07-19 11:45:00;0.176272695
2020-07-19 12:00:00;0.185429716
2020-07-19 12:15:00;0.196134461
2020-07-19 12:30:00;0.195750415
2020-07-19 12:45:00;0.20216389
2020-07-19 13:00:00;0.19592282
2020-07-19 13:15:00;0.192458008
2020-07-19 13:30:00;0.196500716
2020-07-19 13:45:00;0.192508384
2020-07-19 14:00:00;0.191627492
2020-07-19 14:15:00;0.197186457
2020-07-19 14:30:00;0.195951616
2020-07-19 14:45:00;0.19809151
2020-07-19 15:00:00;0.186985509
2020-07-19 15:15:00;0.188489694
2020-07-19 15:30:00;0.195255892
2020-07-19 15:45:00;0.1988472
2020-07-19 16:00:00;0.209929967
2020-07-19 16:15:00;0.208439267
2020-07-19 16:30:00;0.208196064
2020-07-19 16:45:00;0.206970127
2020-07-19 17:00:00;0.210684496
2020-07-19 17:15:00;0.210601556
2020-07-19 17:30:00;0.207573528
2020-07-19 17:45:00;0.197656594
2020-07-19 18:00:00;0.084610908
2020-07-19 18:15:00;0.094135182
2020-07-19 18:30:00;0.124427812
2020-07-19 18:45:00;0.158645456
2020-07-19 19:00:00;0.105763593
2020-07-19 19:15:00;0.264409138
2020-07-19 19:30:00;0
2020-07-19 19:45:00;0
2020-07-19 20:00:00;0
2020-07-19 20:15:00;0
2020-07-19 20:30:00;0
2020-07-19 20:45:00;0
2020-07-19 21:00:00;0
2020-07-19 21:15:00;0
2020-07-19 21:30:00;0
2020-07-19 21:45:00;0
2020-07-19 22:00:00;0
2020-07-19 22:15:00;0
2020-07-19 22:30:00;0
2020-07-19 22:45:00;0
2020-07-19 23:00:00;0
2020-07-19 23:15:00;0
2020-07-19 23:30:00;0
2020-07-19 23:45:00;0
2020-07-20 00:00:00;0
2020-07-20 00:15:00;0
2020-07-20 00:30:00;0
2020-07-20 00:45:00;0
2020-07-20 01:00:00;0
2020-07-20 01:15:00;0
2020-07-20 01:30:00;0
2020-07-20 01:45:00;0
2020-07-20 02:00:00;0
2020-07-20 02:15:00;0
2020-07-20 02:30:00;0
2020-07-20 02:45:00;0
2020-07-20 03:00:00;0
2020-07-20 03:15:00;0
2020-07-20 03:30:00;0
2020-07-20 03:45:00;0
2020-07-20 04:00:00;0
2020-07-20 04:15:00;0
2020-07-20 04:30:00;0
2020-07-20 04:45:00;1
2020-07-20 05:00:00;0.235030262
2020-07-20 05:15:00;0.162713293
2020-07-20 05:30:00;0.176272762
2020-07-20 05:45:00;0.247531892
2020-07-20 06:00:00;0.246960774
2020-07-20 06:15:00;0.240560419
2020-07-20 06:30:00;0.234286542
2020-07-20 06:45:00;0.235030257
2020-07-20 07:00:00;0.237428542
2020-07-20 07:15:00;0.238548694
2020-07-20 07:30:00;0.234821554
2020-07-20 07:45:00;0.230510491
2020-07-20 08:00:00;0.223879221
2020-07-20 08:15:00;0.220340892
2020-07-20 08:30:00;0.216815508
2020-07-20 08:45:00;0.211774923
2020-07-20 09:00:00;0.209189988
2020-07-20 09:15:00;0.206638963
2020-07-20 09:30:00;0.203432534
2020-07-20 09:45:00;0.201893713
2020-07-20 10:00:00;0.201030122
2020-07-20 10:15:00;0.198306813
2020-07-20 10:30:00;0.196167054
2020-07-20 10:45:00;0.195255966
2020-07-20 11:00:00;0.194078088
2020-07-20 11:15:00;0.194295575
2020-07-20 11:30:00;0.193238576
2020-07-20 11:45:00;0.192064706
2020-07-20 12:00:00;0.19183455
2020-07-20 12:15:00;0.191373692
2020-07-20 12:30:00;0.190973947
2020-07-20 12:45:00;0.190010154
2020-07-20 13:00:00;0.189899845
2020-07-20 13:15:00;0.189584581
2020-07-20 13:30:00;0.190796497
2020-07-20 13:45:00;0.191784705
2020-07-20 14:00:00;0.191517898
2020-07-20 14:15:00;0.191850377
2020-07-20 14:30:00;0.19276113
2020-07-20 14:45:00;0.195583009
2020-07-20 15:00:00;0.196192697
2020-07-20 15:15:00;0.197711315
2020-07-20 15:30:00;0.199957392
2020-07-20 15:45:00;0.200937242
2020-07-20 16:00:00;0.202893569
2020-07-20 16:15:00;0.100727275
2020-07-20 16:30:00;0.186452634
2020-07-20 16:45:00;0.2080018
2020-07-20 17:00:00;0.170586497
2020-07-20 17:15:00;0.177682951
2020-07-20 17:30:00;0.155119999
2020-07-20 17:45:00;0.153527847
2020-07-20 18:00:00;0.172440682
2020-07-20 18:15:00;0.129506446
2020-07-20 18:30:00;0.125246406
2020-07-20 18:45:00;0.180023201
2020-07-20 19:00:00;0.158645436
2020-07-20 19:15:00;0.264409092
2020-07-20 19:30:00;0
2020-07-20 19:45:00;0
2020-07-20 20:00:00;0
2020-07-20 20:15:00;0
2020-07-20 20:30:00;0
2020-07-20 20:45:00;0
2020-07-20 21:00:00;0
2020-07-20 21:15:00;0
2020-07-20 21:30:00;0
2020-07-20 21:45:00;0
2020-07-20 22:00:00;0
2020-07-20 22:15:00;0
2020-07-20 22:30:00;0
2020-07-20 22:45:00;0
2020-07-20 23:00:00;0
2020-07-20 23:15:00;0
2020-07-20 23:30:00;0
2020-07-20 23:45:00;0
2020-07-21 00:00:00;0
2020-07-21 00:15:00;0
2020-07-21 00:30:00;0
2020-07-21 00:45:00;0
2020-07-21 01:00:00;0
2020-07-21 01:15:00;0
2020-07-21 01:30:00;0
2020-07-21 01:45:00;0
2020-07-21 02:00:00;0
2020-07-21 02:15:00;0
2020-07-21 02:30:00;0
2020-07-21 02:45:00;0
2020-07-21 03:00:00;0
2020-07-21 03:15:00;0
2020-07-21 03:30:00;0
2020-07-21 03:45:00;0
2020-07-21 04:00:00;0
2020-07-21 04:15:00;0
2020-07-21 04:30:00;0
2020-07-21 04:45:00;1
2020-07-21 05:00:00;0.235030371
2020-07-21 05:15:00;0.183936804
2020-07-21 05:30:00;0.211527291
2020-07-21 05:45:00;0.229920867
2020-07-21 06:00:00;0.202020345
2020-07-21 06:15:00;0.21966287
2020-07-21 06:30:00;0.182351051
2020-07-21 06:45:00;0.245213172
2020-07-21 07:00:00;0.24391231
2020-07-21 07:15:00;0.243759908
2020-07-21 07:30:00;0.222508176
2020-07-21 07:45:00;0.235030398
2020-07-21 08:00:00;0.224826938
2020-07-21 08:15:00;0.219123575
2020-07-21 08:30:00;0.21476911
2020-07-21 08:45:00;0.212023199
2020-07-21 09:00:00;0.20888622
2020-07-21 09:15:00;0.206062621
2020-07-21 09:30:00;0.203057486
2020-07-21 09:45:00;0.202748441
2020-07-21 10:00:00;0.200309952
2020-07-21 10:15:00;0.198796414
2020-07-21 10:30:00;0.197348779
2020-07-21 10:45:00;0.195995579
2020-07-21 11:00:00;0.195142665
2020-07-21 11:15:00;0.192935308
2020-07-21 11:30:00;0.194646404
2020-07-21 11:45:00;0.194210274
2020-07-21 12:00:00;0.197271845
2020-07-21 12:15:00;0.197293334
2020-07-21 12:30:00;0.196586714
2020-07-21 12:45:00;0.195560202
2020-07-21 13:00:00;0.190245522
2020-07-21 13:15:00;0.196667945
2020-07-21 13:30:00;0.195055885
2020-07-21 13:45:00;0.199196092
2020-07-21 14:00:00;0.196063137
2020-07-21 14:15:00;0.197296078
2020-07-21 14:30:00;0.20295521
2020-07-21 14:45:00;0.19106938
2020-07-21 15:00:00;0.191331181
2020-07-21 15:15:00;0.206948732
2020-07-21 15:30:00;0.21089304
2020-07-21 15:45:00;0.192297564
2020-07-21 16:00:00;0.195432773
2020-07-21 16:15:00;0.215048543
2020-07-21 16:30:00;0.198107124
2020-07-21 16:45:00;0.190565061
2020-07-21 17:00:00;0.222765899
2020-07-21 17:15:00;0.210419739
2020-07-21 17:30:00;0.220340888
2020-07-21 17:45:00;0.214994923
2020-07-21 18:00:00;0.149263162
2020-07-21 18:15:00;0.10013127
2020-07-21 18:30:00;0.197425424
2020-07-21 18:45:00;0.12819837
2020-07-21 19:00:00;0.158645452
2020-07-21 19:15:00;0.302181834
2020-07-21 19:30:00;0
2020-07-21 19:45:00;0
2020-07-21 20:00:00;0
2020-07-21 20:15:00;0
2020-07-21 20:30:00;0
2020-07-21 20:45:00;0
2020-07-21 21:00:00;0
2020-07-21 21:15:00;0
2020-07-21 21:30:00;0
2020-07-21 21:45:00;0
2020-07-21 22:00:00;0
2020-07-21 22:15:00;0
2020-07-21 22:30:00;0
2020-07-21 22:45:00;0
2020-07-21 23:00:00;0
2020-07-21 23:15:00;0
2020-07-21 23:30:00;0
2020-07-21 23:45:00;0
2020-07-22 00:00:00;0
2020-07-22 00:15:00;0
2020-07-22 00:30:00;0
2020-07-22 00:45:00;0
2020-07-22 01:00:00;0
2020-07-22 01:15:00;0
2020-07-22 01:30:00;0
2020-07-22 01:45:00;0
2020-07-22 02:00:00;0
2020-07-22 02:15:00;0
2020-07-22 02:30:00;0
2020-07-22 02:45:00;0
2020-07-22 03:00:00;0
2020-07-22 03:15:00;0
2020-07-22 03:30:00;0
2020-07-22 03:45:00;0
2020-07-22 04:00:00;0
2020-07-22 04:15:00;0
2020-07-22 04:30:00;0
2020-07-22 04:45:00;1
2020-07-22 05:00:00;0.264409073
2020-07-22 05:15:00;0.226636329
2020-07-22 05:30:00;0.211527262
2020-07-22 05:45:00;0.254759059
2020-07-22 06:00:00;0.259977551
2020-07-22 06:15:00;0.246483002
2020-07-22 06:30:00;0.241922679
2020-07-22 06:45:00;0.239661423
2020-07-22 07:00:00;0.22533834
2020-07-22 07:15:00;0.222192545
2020-07-22 07:30:00;0.218035829
2020-07-22 07:45:00;0.200093416
2020-07-22 08:00:00;0.232597913
2020-07-22 08:15:00;0.223985642
2020-07-22 08:30:00;0.220603607
2020-07-22 08:45:00;0.215402168
2020-07-22 09:00:00;0.213259329
2020-07-22 09:15:00;0.208871126
2020-07-22 09:30:00;0.20796222
2020-07-22 09:45:00;0.203347976
2020-07-22 10:00:00;0.20421217
2020-07-22 10:15:00;0.20245189
2020-07-22 10:30:00;0.20124476
2020-07-22 10:45:00;0.202867294
2020-07-22 11:00:00;0.202270881
2020-07-22 11:15:00;0.20419723
2020-07-22 11:30:00;0.202079475
2020-07-22 11:45:00;0.198467862
2020-07-22 12:00:00;0.198906922
2020-07-22 12:15:00;0.197169268
2020-07-22 12:30:00;0.193751895
2020-07-22 12:45:00;0.192863038
2020-07-22 13:00:00;0.195014115
2020-07-22 13:15:00;0.18717883
2020-07-22 13:30:00;0.197454187
2020-07-22 13:45:00;0.198116203
2020-07-22 14:00:00;0.197000927
2020-07-22 14:15:00;0.198055462
2020-07-22 14:30:00;0.197853672
2020-07-22 14:45:00;0.202948966
2020-07-22 15:00:00;0.194206182
2020-07-22 15:15:00;0.198306801
2020-07-22 15:30:00;0.194061737
2020-07-22 15:45:00;0.187352652
2020-07-22 16:00:00;0.176272705
2020-07-22 16:15:00;0.171508571
2020-07-22 16:30:00;0.136469197
2020-07-22 16:45:00;0.165255687
2020-07-22 17:00:00;0.238821112
2020-07-22 17:15:00;0.21695106
2020-07-22 17:30:00;0.20252618
2020-07-22 17:45:00;0.202526054
2020-07-22 18:00:00;0.190962089
2020-07-22 18:15:00;0.197186435
2020-07-22 18:30:00;0.192297544
2020-07-22 18:45:00;0.192297519
2020-07-22 19:00:00;0.186641681
2020-07-22 19:15:00;0.528818245
2020-07-22 19:30:00;0
2020-07-22 19:45:00;0
2020-07-22 20:00:00;0
2020-07-22 20:15:00;0
2020-07-22 20:30:00;0
2020-07-22 20:45:00;0
2020-07-22 21:00:00;0
2020-07-22 21:15:00;0
2020-07-22 21:30:00;0
2020-07-22 21:45:00;0
2020-07-22 22:00:00;0
2020-07-22 22:15:00;0
2020-07-22 22:30:00;0
2020-07-22 22:45:00;0
2020-07-22 23:00:00;0
2020-07-22 23:15:00;0
2020-07-22 23:30:00;0
2020-07-22 23:45:00;0
