City, Country,AQI_PM2_5,PM2_5,PM10,wind_speed,Soiling_Rate,lat,lng
Abidjan, CI,68.6740947075209,20.1,0.0,0.0,0.05,5.32035685,-4.01610708
Abu Dhabi, AE,106.82789317507418,37.5,0.0,0.0,0.104,24.45707321,54.37706375
Accra, GH,74.25903614457832,23.0,0.0,0.0,0.059,5.55710983,-0.20123801
Adana, TR,71.96765498652292,21.6,39.85144124168514,74.74057649667405,0.055,36.98371887,35.32981873
Adapazarı, TR,67.4177897574124,19.7,32.292682926829265,71.21729490022173,0.049,40.78300095,30.39999962
Addis Ababa, ET,78.06944444444444,24.9,0.0,0.0,0.065,9.01079369,38.76125336
Adelaide, AU,18.69613259668508,4.3,13.137614678899082,18.472477064220183,0.001,-34.92869186,138.60101318
Aguascalientes, MX,81.81408450704225,26.3,0.0,0.0,0.07,21.87961197,-102.29522705
Akita, JP,32.07567567567568,7.6,0.0,0.0,0.012,39.69408035,140.11254883
Albuquerque, US,22.393530997304584,5.2,17.609756097560975,20.93569844789357,0.004,35.08424759,-106.64923859
Algiers, DZ,62.17254901960784,17.3,0.0,0.0,0.042,36.77536011,3.06018806
Almaty, KZ,88.2991452991453,29.6,0.0,0.0,0.08,43.23639297,76.94572449
Amiens, FR,45.080691642651296,10.8,0.0,0.0,0.022,49.89389038,2.29422688
Amsterdam, NL,36.38814016172507,8.6,0.0,0.0,0.015,52.37316513,4.89065981
Andong, KR,58.01617250673854,15.4,30.54988913525499,61.831485587583146,0.036,36.56591797,128.7250061
Ankara, TR,56.95956873315364,14.4,35.45676274944567,58.42350332594235,0.033,39.89651871,32.86197281
Antakya, TR,75.36388140161725,23.5,51.55769230769231,82.16421568627452,0.061,36.88639069,30.71048737
Antwerpen, BE,40.32154340836013,9.6,18.80952380952381,40.04166666666666,0.018,51.21648026,4.42319584
Anyang, CN,111.08355795148248,39.5,0.0,0.0,0.111,36.09804916,114.39273071
Arāk, IR,95.2638036809816,33.0,0.0,0.0,0.09,34.08652115,49.68884277
Ashdod, IL,56.2027397260274,14.4,34.59471365638767,55.63063063063064,0.033,31.7977314,34.65299225
Ashgabat, TM,65.71818181818182,18.7,0.0,0.0,0.046,37.94046402,58.38234711
Ashkelon, IL,56.53168044077135,14.4,34.17180616740088,56.02488687782805,0.033,31.66448784,34.57301712
Athens, GR,54.95628415300546,13.5,25.16742081447964,55.46153846153846,0.03,37.97533417,23.73614883
Atlanta, US,38.57417582417583,9.1,16.096846846846848,37.95045045045045,0.016,33.7485466,-84.39150238
Auckland, NZ,22.37082066869301,5.2,0.0,0.0,0.004,-36.89349365,174.70991516
Austin, US,33.84905660377358,7.9,0.0,34.44124168514412,0.013,30.26497841,-97.74659729
Baghdad, IQ,152.8263305322129,57.4,0.0,0.0,0.166,33.30617142,44.38722229
Baltimore, US,31.62803234501348,7.4,11.89090909090909,31.481152993348115,0.011,39.29044342,-76.61233521
Balıkesir, TR,54.00808625336927,13.5,49.82039911308204,56.62444444444444,0.03,39.65072632,27.87975502
Bamako, ML,118.35051546391752,42.4,0.0,129.27118644067798,0.12,12.6493187,-8.00033665
Bandar Abbas, IR,75.62085308056872,23.5,0.0,0.0,0.061,27.17934608,56.27814102
Bangkok, TH,69.75202156334232,20.6,0.0,0.0,0.052,13.75395775,100.50224304
Barcelona, ES,44.00677966101695,10.5,24.33259423503326,44.778666666666666,0.021,41.38299942,2.18300009
Beijing, CN,78.14824797843666,24.9,0.0,0.0,0.065,39.9078064,116.39758301
Belfast, GB,30.43783783783784,7.2,0.0,0.0,0.01,54.59726715,-5.93010902
Belgrade, RS,64.35309973045823,18.2,0.0,0.0,0.045,44.81506729,20.46047401
Bengaluru, IN,90.58791208791207,30.6,0.0,93.55630630630633,0.083,12.97674656,77.57527924
Bergen, NO,20.80540540540541,4.8,0.0,0.0,0.003,60.38804626,5.33185816
Berlin, DE,44.47708894878706,10.5,0.0,0.0,0.021,52.50147247,13.40231705
Besançon, FR,31.93628808864266,7.4,0.0,0.0,0.011,47.24126816,6.02553082
Bhopal, IN,104.198347107438,36.7,72.03611738148985,106.7471783295711,0.102,23.13952637,77.40857697
Bilbao, ES,39.71967654986523,9.3,15.818181818181818,39.35033259423504,0.017,43.25696182,-2.92346001
Biratnagar, NP,78.93006993006993,24.9,33.97746478873239,89.52824858757062,0.065,26.46020126,87.28033447
Birmingham, GB,35.26954177897574,8.4,0.0,0.0,0.014,52.48289871,-1.89346194
Bishkek, KG,75.88439306358381,23.5,0.0,0.0,0.061,42.87778854,74.60668945
Bloemfontein, ZA,68.37222222222222,20.1,0.0,0.0,0.05,-29.11812973,26.22309113
Bogotá, CO,56.25606469002695,14.4,0.0,0.0,0.033,4.65346479,-74.08364868
Boise, US,29.159029649595688,6.9,21.466666666666665,27.824444444444445,0.009,43.61579132,-116.20157623
Bologna, IT,49.810810810810814,11.7,0.0,0.0,0.024,44.49419022,11.34651947
Bordeaux, FR,35.30958904109589,8.4,0.0,0.0,0.014,44.83499527,-0.575495
Boston, US,28.29380053908356,6.7,13.411764705882351,28.24611973392461,0.009,42.35899353,-71.0586319
Bratislava, SK,44.9245283018868,10.5,0.0,0.0,0.021,48.14640045,17.10687828
Breda, NL,39.91891891891892,9.3,0.0,0.0,0.017,51.58931732,4.7744751
Brescia, IT,59.78048780487805,15.9,0.0,0.0,0.037,45.53983688,10.22295666
Brisbane, AU,21.56639566395664,5.0,12.697104677060134,21.547884187082406,0.004,-27.46777916,153.02610779
Bristol, GB,39.51219512195122,9.3,0.0,0.0,0.017,51.45531464,-2.59190202
Brno, CZ,49.27493261455525,11.7,18.26829268292683,49.69179600886918,0.024,49.19205093,16.6131916
Brooklyn, US,29.242587601078167,6.9,0.0,29.88691796008869,0.009,40.69252777,-73.99099731
Brussels, BE,38.56230031948882,9.1,15.831360946745562,38.40236686390533,0.016,50.84553528,4.35570192
Bucharest, RO,50.82479784366577,12.0,0.0,0.0,0.025,44.44131851,26.08756256
Budapest, HU,43.2852233676976,10.3,0.0,0.0,0.02,47.48395157,19.10762405
Buenos Aires, AR,38.88817891373802,9.1,0.0,0.0,0.016,-34.60756683,-58.43708801
Burgos, ES,24.0,5.7,12.635555555555555,24.18325791855204,0.006,42.34089279,-3.69976211
Bursa, TR,81.57681940700809,26.3,43.46119733924612,83.88470066518848,0.07,40.18578339,29.05666161
Busan, KR,53.22641509433962,13.0,25.862527716186253,55.72062084257206,0.028,35.09700012,129.00810242
Bydgoszcz, PL,44.450819672131146,10.5,23.426008968609864,45.0762331838565,0.021,53.12112808,17.99296761
Caen, FR,31.56786703601108,7.4,0.0,0.0,0.011,49.18466187,-0.360264
Calama, CL,26.504043126684635,6.2,26.73835920177384,27.164079822616408,0.007,-22.4623909,-68.92721558
Calgary, CA,24.18598382749326,5.7,0.0,0.0,0.006,51.04730606,-114.05796814
Canberra, AU,20.973045822102424,4.8,7.113082039911308,21.0,0.003,-35.29843903,149.13453674
Cape Town, ZA,41.308457711442784,9.8,0.0,0.0,0.018,-33.92710876,18.42006111
Cardiff, GB,40.73315363881402,9.6,0.0,0.0,0.018,51.48130798,-3.18049788
Castelló de la Plana, ES,20.07356948228883,4.8,8.392609699769054,20.25115207373272,0.003,39.98603821,-0.03607
Chandigarh, IN,130.25,47.2,79.0608108108108,133.46396396396398,0.134,30.73335075,76.77903748
Changchun, CN,76.02156334231806,23.9,0.0,0.0,0.062,43.81665802,125.32362366
Changsha, CN,99.08086253369272,34.9,0.0,0.0,0.096,28.22805977,112.93891907
Changwon, KR,51.13477088948787,12.1,24.55654101995565,53.01330376940133,0.026,35.27082825,128.66305542
Changzhou, CN,90.15363881401618,30.6,0.0,0.0,0.083,31.81062126,119.97442627
Charleroi, BE,30.246794871794872,7.2,14.905044510385755,30.148367952522253,0.01,50.41146088,4.44424009
Charlotte, US,32.73854447439353,7.6,11.611940298507465,32.39467849223947,0.012,35.2237854,-80.84114075
Chengdu, CN,102.71159029649596,35.9,0.0,0.0,0.099,30.5722599,104.06651306
Chennai, IN,83.3288409703504,27.3,48.11036036036036,88.8159645232816,0.073,13.06695557,80.16930389
Cheongju-si, KR,64.83288409703503,18.2,32.90243902439025,68.48337028824834,0.045,36.63299942,127.48300171
Chiang Mai, TH,70.71590296495957,21.1,0.0,0.0,0.054,18.78965569,98.98439789
Chiba, JP,33.857142857142854,7.9,0.0,0.0,0.013,35.58037567,140.11346436
Chicago, US,33.17250673854448,7.9,15.66740576496674,33.41019955654102,0.013,41.8832283,-87.63240051
Chillán, CL,49.16711590296496,11.7,25.232815964523283,48.39467849223947,0.024,-36.60666275,-72.10331726
Chon Buri, TH,59.064690026954175,15.9,0.0,0.0,0.037,13.19523335,101.20563507
Chongqing, CN,89.42857142857143,30.1,0.0,0.0,0.081,29.56274986,106.55180359
Christchurch, NZ,24.51212938005391,5.7,0.0,0.0,0.006,-43.51400757,172.59701538
Chuncheon, KR,53.24258760107816,13.0,26.700665188470065,58.53658536585366,0.028,37.86963272,127.73867798
Clermont-Ferrand, FR,35.98365122615804,8.4,0.0,0.0,0.014,45.77720642,3.0825181
Colombo, LK,67.45514950166113,19.7,0.0,0.0,0.049,6.93874693,79.85411072
Columbus, US,31.65498652291105,7.4,0.0,31.27050997782705,0.011,39.96276093,-82.99629211
Conakry, GN,122.33333333333331,44.0,0.0,0.0,0.124,9.51706028,-13.69984341
Concepción, CL,46.46630727762803,11.0,26.031042128603104,45.190687361419066,0.022,-36.82707977,-73.05023956
Copenhagen, DK,32.45892351274787,7.6,0.0,0.0,0.012,55.67575836,12.56902313
Coventry, GB,32.25876010781671,7.6,0.0,0.0,0.012,52.40631485,-1.50851703
Cuernavaca, MX,64.32520325203252,18.2,0.0,0.0,0.045,18.89122772,-99.2234726
Córdoba, ES,49.78125,11.7,26.609375,50.35581395348837,0.024,37.88472366,-4.77912712
Daegu, KR,55.76549865229111,14.0,28.873614190687363,59.15742793791574,0.031,35.86873627,128.60502625
Daejeon, KR,57.08625336927224,14.9,30.24390243902439,60.99778270509978,0.034,36.33010101,127.42246246
Dallas, US,31.73566878980892,7.4,19.53221957040573,32.15128205128205,0.011,32.77797699,-96.79621124
Dammam, SA,205.5,154.5,0.0,0.0,0.467,26.43927765,50.09445953
Darmstadt, DE,33.283018867924525,7.9,0.0,0.0,0.013,49.87237167,8.6509819
Darwin, AU,30.3489010989011,7.2,12.968397291196387,27.48306997742664,0.01,-12.46083355,130.84443665
Delhi, IN,156.29649595687331,65.1,125.51662971175166,161.43680709534368,0.19,28.64339066,77.11547852
Denizli, TR,63.24342105263158,17.8,51.32372505543237,69.67672413793103,0.043,37.77868652,29.06165695
Denver, US,25.733153638814017,6.0,17.246666666666666,26.21555555555556,0.007,39.73845291,-104.98485565
Detroit, US,39.39457831325301,9.3,17.054878048780488,40.24514563106796,0.017,42.33293915,-83.0478363
Dhaka, BD,161.61559888579387,74.8,0.0,0.0,0.22,23.70730591,90.41548157
Dijon, FR,30.38186813186813,7.2,0.0,0.0,0.01,47.32721329,5.04404116
Dnipro, UA,31.598639455782312,7.4,14.363945578231291,31.598639455782312,0.011,48.47329712,35.00191498
Dongguan, CN,64.1644204851752,18.2,0.0,0.0,0.045,23.02066994,113.75179291
Donostia / San Sebastián, ES,33.71159029649596,7.9,15.150776053215075,34.5920177383592,0.013,43.32090378,-1.984514
Dordrecht, NL,40.83923705722071,9.6,0.0,0.0,0.018,51.81155014,4.66636086
Douliu, TW,55.8167115902965,14.0,33.8780487804878,60.106430155210646,0.031,23.69922447,120.5260849
Dresden, DE,38.84699453551912,9.1,0.0,0.0,0.016,51.05099106,13.73363304
Dubai, AE,164.94428152492668,80.6,0.0,0.0,0.238,24.93719292,55.37487793
Dublin, IE,27.48816568047337,6.4,0.0,0.0,0.008,53.34409714,-6.2674861
Durban, ZA,54.77707006369427,13.5,0.0,0.0,0.03,-29.88188934,30.98084259
Dushanbe, TJ,105.36543909348444,37.1,0.0,0.0,0.103,38.57627106,68.78635406
Düsseldorf, DE,38.49722222222222,9.1,0.0,0.0,0.016,51.22495651,6.77567816
East London, ZA,101.92682926829268,35.5,0.0,0.0,0.098,-33.01343918,27.90420151
Edinburgh, GB,20.40431266846361,4.8,0.0,0.0,0.003,55.95019531,-3.18756294
Edmonton, CA,27.90566037735849,6.4,0.0,0.0,0.008,53.54445267,-113.49091339
Eindhoven, NL,50.349726775956285,12.0,0.0,0.0,0.025,51.43659592,5.47800207
El Paso, US,27.787061994609164,6.4,23.01330376940133,26.97560975609756,0.008,31.76010704,-106.49229431
Erzurum, TR,70.83695652173913,21.1,37.31485587583148,70.04719101123595,0.054,39.90149689,41.26454926
Eskişehir, TR,49.57790368271954,11.7,35.61200923787529,47.61662817551963,0.024,39.77077484,30.51798058
Florence, IT,45.7967032967033,10.8,0.0,0.0,0.022,43.76869583,11.2569294
Fort Worth, US,30.870619946091644,7.2,0.0,30.69179600886918,0.01,32.74990463,-97.33033752
Foshan, CN,65.42318059299191,18.7,0.0,0.0,0.046,23.02185059,113.12191772
Freiburg, DE,31.671159029649598,7.4,0.0,0.0,0.011,47.99718475,7.85376692
Fresno, US,40.71159029649596,9.6,29.95777777777778,38.36,0.018,36.73165512,-119.78585815
Fukuoka, JP,41.490566037735846,9.8,0.0,0.0,0.018,33.59696198,130.4080658
Funchal, PT,21.0,5.0,15.760765550239237,20.279904306220097,0.004,32.64753723,-16.90501595
Fushun, CN,87.99730458221025,29.2,0.0,0.0,0.079,41.88107681,123.9570694
Fuzhou, CN,60.6711590296496,16.3,0.0,0.0,0.039,26.07423019,119.29686737
Gandhinagar, IN,106.11263736263736,37.5,70.68018018018019,110.23648648648648,0.104,23.22334671,72.64770508
Gasteiz / Vitoria, ES,38.493261455525605,9.1,13.354767184035476,38.3370288248337,0.016,42.84685898,-2.67158604
Gdańsk, PL,48.285714285714285,11.5,16.510022271714924,47.9064587973274,0.024,54.35603333,18.64612007
Gent, BE,41.967845659163984,9.8,19.38095238095238,41.60416666666666,0.018,51.05381775,3.72227192
Ghāziābād, IN,143.51373626373626,52.5,118.1891891891892,147.0653153153153,0.151,28.66908073,77.43041229
Gifu-shi, JP,33.97289972899729,7.9,0.0,0.0,0.013,35.4230957,136.76275635
Glasgow, GB,22.21024258760108,5.2,0.0,0.0,0.004,55.86568451,-4.25713778
Granada, ES,48.58108108108108,11.5,30.254464285714285,46.58482142857143,0.024,37.17648315,-3.59793711
Graz, AT,36.35175879396985,8.6,0.0,0.0,0.015,47.06954956,15.43818283
Grenoble, FR,41.1008174386921,9.8,0.0,0.0,0.018,45.19425583,5.73166895
Groningen, NL,33.57681940700809,7.9,0.0,0.0,0.013,53.21446991,6.56648111
Guadalajara, MX,69.55270655270655,20.6,0.0,0.0,0.052,20.6751709,-103.34732819
Guangzhou, CN,67.48247978436657,19.7,0.0,0.0,0.049,23.12907982,113.26435852
Guatemala City, GT,47.45059288537549,11.2,19.822222222222223,47.42913385826772,0.023,14.64198017,-90.513237
Guiyang, CN,61.84366576819407,16.8,0.0,0.0,0.04,26.64759064,106.63018799
Gwangju, KR,56.00269541778976,14.4,27.210643015521065,59.03991130820399,0.033,35.16243744,126.91033936
Győr, HU,45.30689655172414,10.8,0.0,0.0,0.022,47.68405151,17.63510132
Göteborg, SE,24.429752066115704,5.7,0.0,0.0,0.006,57.70887,11.97456
Haarlem, NL,39.81940700808625,9.3,0.0,0.0,0.017,52.37949371,4.6377182
Haifa, IL,58.45205479452055,15.4,29.986486486486488,57.98423423423424,0.036,32.81912231,34.99838638
Haikou, CN,48.14824797843666,11.5,0.0,0.0,0.024,20.04470062,110.19998169
Haiphong, VN,16.26341463414634,3.8,0.0,0.0,-0.0,20.8647213,106.68383026
Halifax, CA,19.450134770889488,4.5,0.0,0.0,0.002,44.64624405,-63.57356644
Hamburg, DE,39.97837837837838,9.3,0.0,0.0,0.017,53.55725479,9.99596596
Hamilton, CA,29.514824797843666,6.9,0.0,0.0,0.009,39.73892975,-122.01522827
Hangzhou, CN,84.55256064690028,27.7,0.0,0.0,0.074,30.24592018,120.21079254
Hanoi, VN,79.90835579514825,25.4,0.0,0.0,0.067,20.99848557,105.7004776
Harbin, CN,82.87870619946092,26.8,0.0,0.0,0.071,45.80335999,126.53513336
Hartford, US,28.80323450134771,6.7,12.119733924611973,28.2860310421286,0.009,41.76577377,-72.6733551
Hefei, CN,88.38005390835579,29.6,0.0,0.0,0.08,31.82052612,117.22711182
Hegang, CN,55.59299191374663,14.0,0.0,0.0,0.031,47.35012054,130.29801941
Helsinki, FI,21.92265193370166,5.0,0.0,0.0,0.004,60.16980743,24.93812752
Hiroshima, JP,38.04043126684636,9.1,0.0,0.0,0.016,34.38978195,132.44096375
Ho Chi Minh City, VN,70.13725490196079,21.1,0.0,0.0,0.054,10.77653027,106.70097351
Hobart, AU,10.819407008086252,2.4,5.1529933481153,10.23059866962306,0.0,-42.88000107,147.32000732
Hohhot, CN,70.21832884097034,21.1,0.0,0.0,0.054,40.84262085,111.74868011
Hong Kong, HK,51.78167115902965,12.1,0.0,0.0,0.026,22.27533913,114.16545868
Honolulu, US,16.669398907103826,3.8,11.783018867924527,17.467415730337077,-0.0,21.30991936,-157.8581543
Houston, US,39.23180592991914,9.3,0.0,38.85587583148559,0.017,29.76080322,-95.36950684
Hsinchu, TW,41.31266846361186,9.8,21.17960088691796,44.19733924611973,0.018,24.80726814,120.96849823
Huelva, ES,35.945945945945944,8.4,21.176339285714285,34.832589285714285,0.014,37.25714493,-6.94953823
Huế, VN,16.428571428571427,3.8,0.0,0.0,-0.0,16.47150612,107.56671143
Hyderabad, IN,109.66847826086956,38.7,69.759009009009,115.64732142857144,0.108,17.36599922,78.47599792
Hāpur, IN,135.49725274725276,49.3,102.9144144144144,138.44144144144144,0.141,28.74046898,77.77690125
Incheon, KR,62.460916442048514,17.3,32.61640798226164,66.49889135254989,0.042,37.47809219,126.64028931
Indianapolis, US,38.68258426966292,9.1,18.85238095238095,38.4954128440367,0.016,39.76845169,-86.15621185
Isfahan, IR,96.63106796116504,33.4,0.0,0.0,0.092,32.70920563,51.64126587
Islamabad, PK,109.63478260869566,38.7,0.0,0.0,0.108,33.72000122,73.05999756
Istanbul, TR,62.94054054054054,17.3,31.093126385809317,64.74666666666667,0.042,41.01300049,28.96380043
Ivano-Frankivsk, UA,20.303571428571427,4.8,8.232142857142858,20.303571428571427,0.003,48.92277908,24.71055984
Jackson, US,35.42048517520216,8.4,15.758314855875833,34.43680709534368,0.014,32.30289841,-90.18348694
Jacksonville, US,34.63072776280323,8.1,16.93569844789357,34.651884700665185,0.013,30.32596779,-81.65676117
Jaipur, IN,124.98076923076924,44.8,79.34009009009009,127.58783783783784,0.127,26.92103958,75.7943573
Jakarta, ID,91.58490566037736,31.1,38.22222222222222,87.41241685144124,0.085,-6.20823908,106.83882141
Jeju City, KR,50.41509433962264,12.0,27.002217294900223,51.97782705099778,0.025,33.51013565,126.52193451
Jeonju, KR,60.57412398921833,16.3,31.773835920177383,64.6740576496674,0.039,35.81700134,127.15000153
Jerusalem, IL,55.38082191780822,14.0,32.32432432432432,54.38288288288288,0.031,31.77882385,35.22576141
Jieyang, CN,70.26684636118598,21.1,0.0,0.0,0.054,23.54978943,116.37281036
Jinan, CN,93.50943396226415,32.0,0.0,0.0,0.087,36.65184021,117.12008667
Johannesburg, ZA,72.93243243243244,22.0,0.0,0.0,0.056,-26.20145226,28.04548836
Kagoshima, JP,38.13550135501355,9.1,0.0,0.0,0.016,31.5859642,130.56106567
Kampala, UG,120.83382789317508,43.2,0.0,0.0,0.122,0.31771401,32.58135223
Kanazawa, JP,28.702247191011235,6.7,0.0,0.0,0.009,36.56000137,136.64001465
Kaohsiung, TW,62.83018867924528,17.3,36.328159645232816,66.78935698447894,0.042,22.62054825,120.31204987
Karachi, PK,108.92628205128206,38.3,0.0,0.0,0.107,24.87193871,66.98806
Karaj, IR,101.43558282208588,35.5,0.0,0.0,0.098,35.82249069,50.99046707
Karlsruhe, DE,37.700808625336926,8.8,0.0,0.0,0.015,49.00808334,8.40375614
Kassel, DE,35.78436657681941,8.4,0.0,0.0,0.014,51.31842422,9.49322701
Kathmandu, NP,104.25876010781673,36.7,45.39464882943144,112.58980044345898,0.102,27.71201706,85.31295013
Katowice, PL,65.74489795918367,18.7,23.5,64.57865168539325,0.046,50.25860596,19.02042007
Kaunas, LT,40.506802721088434,9.6,0.0,0.0,0.018,54.89687347,23.89242554
Kayseri, TR,57.722371967654986,14.9,45.91352549889135,58.45011086474501,0.034,38.72278976,35.48904037
Kecskemét, HU,47.528301886792455,11.2,0.0,0.0,0.023,46.90643692,19.68972206
Keelung, TW,33.15363881401617,7.9,17.254988913525498,35.12638580931264,0.013,25.13170242,121.74451447
Kerman, IR,75.29136690647482,23.5,0.0,0.0,0.061,30.29240799,57.06456375
Kermanshah, IR,64.55555555555556,18.2,0.0,0.0,0.045,34.32394028,47.07358932
Khorramabad, IR,73.82594936708861,22.5,0.0,0.0,0.058,33.48421097,48.35382843
Khorramshahr, IR,114.95,40.7,0.0,0.0,0.114,30.43330956,48.17798615
Kitchener, CA,28.90566037735849,6.7,0.0,0.0,0.009,43.44978714,-80.48908997
Klerksdorp, ZA,22.952380952380956,5.2,0.0,0.0,0.004,-26.87049103,26.66446495
Kobe, JP,37.44173441734417,8.8,0.0,0.0,0.015,34.67998886,135.16998291
Kochi, JP,36.0,8.6,0.0,0.0,0.015,33.56243515,133.53752136
Kolkata, IN,110.87061994609164,39.1,0.0,0.0,0.109,22.56557274,88.37021637
Konya, TR,88.45283018867924,29.6,45.41241685144124,92.51662971175166,0.08,37.87165833,32.49895859
Košice, SK,57.79514824797844,14.9,0.0,0.0,0.034,48.71710968,21.25978279
Kraków, PL,61.80487804878049,16.8,25.681514476614694,63.09799554565701,0.04,50.05480957,19.927845
Krasnoyarsk, RU,31.24728260869565,7.4,0.0,33.76681614349776,0.011,56.01005173,92.8526001
Kryvyi Rih, UA,14.25,3.3,5.919642857142857,14.25,0.0,47.93434143,33.43420029
Kumamoto, JP,43.118598382749326,10.3,0.0,0.0,0.02,32.80093002,130.70063782
Kunming, CN,60.79245283018868,16.3,0.0,0.0,0.039,24.8800106,102.83296204
Kyiv, UA,28.085324232081916,6.7,6.825688073394495,28.085324232081916,0.009,50.44974899,30.52371788
Kyoto, JP,40.33692722371968,9.6,0.0,0.0,0.018,35.10606003,135.72740173
Köln, DE,36.23888888888889,8.6,0.0,0.0,0.015,50.94053268,6.9599061
Kütahya, TR,75.48857142857143,23.5,50.84727272727272,75.01190476190476,0.061,39.41989136,29.98519135
Lahore, PK,190.5866141732284,131.0,0.0,0.0,0.394,31.56191826,74.34807587
Lampang, TH,69.98382749326146,20.6,0.0,0.0,0.052,18.29069328,99.49891663
Lanzhou, CN,99.30188679245283,34.9,0.0,0.0,0.096,36.06137848,103.83416748
Las Palmas de Gran Canaria, ES,31.302702702702703,7.4,28.011111111111116,31.517777777777777,0.011,28.12482643,-15.43002129
Launceston, AU,14.064690026954178,3.3,5.592017738359202,12.87361419068736,0.0,-41.43999863,147.13999939
Leeds, GB,39.84097035040431,9.3,0.0,0.0,0.017,53.79969025,-1.54910302
Leicester, GB,35.36657681940701,8.4,0.0,0.0,0.014,52.63486099,-1.12906003
Lhasa, CN,27.555256064690028,6.4,0.0,0.0,0.008,29.65226936,91.17192078
Lille, FR,42.74857142857143,10.0,0.0,0.0,0.019,50.63128662,3.06275296
Lima, PE,83.43126684636118,27.3,0.0,0.0,0.073,-12.20010853,-76.28505707
Limassol, CY,53.24528301886792,13.0,0.0,0.0,0.028,34.68529129,33.03326416
Linz, AT,43.678378378378376,10.3,0.0,0.0,0.02,48.30608749,14.28643703
Lisbon, PT,29.90782122905028,6.9,17.461346633416458,29.6375,0.009,39.00139236,-9.16674137
Little Rock, US,34.67857142857143,8.1,0.0,34.20181405895691,0.013,34.74874496,-92.27510834
Liverpool, GB,33.22911051212938,7.9,0.0,0.0,0.013,53.41077805,-2.97783804
Livorno, IT,40.79076086956522,9.6,0.0,0.0,0.018,43.55194092,10.30832958
Liège, BE,30.10576923076923,7.2,14.468842729970326,30.1513353115727,0.01,50.64390945,5.571558
London, CA,27.83827493261456,6.4,0.0,0.0,0.008,36.48064804,-119.44284058
London, GB,37.65768194070081,8.8,0.0,0.0,0.015,51.50015259,-0.12623601
Los Angeles, US,48.83827493261455,11.5,24.162946428571427,47.528888888888886,0.024,34.05223846,-118.24334717
Los Ángeles, CL,34.83739837398374,8.1,30.25277161862528,35.16035634743875,0.013,-31.76133728,-71.31877136
Lucknow, IN,136.45604395604394,49.7,91.47522522522524,139.62387387387386,0.142,26.85000038,80.94999695
Lviv, UA,40.369369369369366,9.6,19.306306306306308,40.369369369369366,0.018,49.83968353,24.02971649
Lyon, FR,40.47138964577657,9.6,0.0,0.0,0.018,45.76730728,4.83430719
Maastricht, NL,38.692934782608695,9.1,0.0,0.0,0.016,50.84984589,5.6872592
Macau, MO,51.73854447439353,12.1,0.0,0.0,0.026,22.18684006,113.54293823
Madison, US,31.506738544474395,7.4,13.944444444444445,32.12416851441242,0.011,43.07392502,-89.38524628
Madrid, ES,38.61185983827493,9.1,18.452328159645237,37.89356984478936,0.016,40.41669083,-3.70034599
Malmö, SE,29.29891304347826,6.9,0.0,0.0,0.009,55.60331345,13.0013113
Manama, BH,130.9533073929961,47.2,0.0,0.0,0.134,26.22350502,50.58224487
Manchester, GB,36.328840970350406,8.6,0.0,0.0,0.015,53.48071289,-2.23437595
Manhattan, US,27.06738544474393,6.4,0.0,27.789356984478932,0.008,40.75325012,-74.00380707
Marseille, FR,42.50270270270271,10.0,0.0,0.0,0.019,43.29502106,5.37448692
Mashhad, IR,82.3975155279503,26.8,0.0,0.0,0.071,36.29749298,59.6059227
Matsuyama, JP,41.40970350404313,9.8,0.0,0.0,0.018,33.83700562,132.77154541
Medellín, CO,61.68021680216802,16.8,0.0,0.0,0.04,6.24433804,-75.57355499
Melbourne, AU,24.665768194070083,5.7,14.869179600886918,24.753880266075388,0.006,-37.81546021,144.96716309
Memphis, US,34.84636118598383,8.1,0.0,34.86474501108648,0.013,35.14337921,-90.05213928
Metz, FR,39.73559322033898,9.3,0.0,0.0,0.017,49.11446381,6.17209005
Mexico City, MX,62.55795148247979,17.3,0.0,0.0,0.042,19.43267822,-99.13420868
Miami, US,28.9811320754717,6.7,15.671840354767184,29.4390243902439,0.009,25.77508354,-80.19470215
Middelburg, ZA,48.20612813370474,11.5,0.0,0.0,0.024,-25.76609039,29.45779991
Milan, IT,67.90785907859079,19.7,0.0,0.0,0.049,45.46361923,9.18811607
Milwaukee, US,33.71159029649596,7.9,16.161862527716185,34.108647450110865,0.013,43.04107285,-87.90942383
Miskolc, HU,56.43835616438356,14.4,0.0,0.0,0.033,48.10433578,20.7916584
Mississauga, CA,27.06738544474393,6.4,0.0,0.0,0.008,43.59129333,-79.6502533
Miyazaki, JP,44.14324324324324,10.5,0.0,0.0,0.021,31.91699982,131.41700745
Modena, IT,59.85405405405405,15.9,0.0,0.0,0.037,44.64709854,10.92519188
Mokpo, KR,52.37196765498652,12.5,27.662971175166295,54.05764966740576,0.027,34.79685593,126.39441681
Monterrey, MX,64.1638418079096,18.2,0.0,0.0,0.045,25.66469765,-100.3108902
Montpellier, FR,36.544474393531,8.6,0.0,0.0,0.015,43.60829163,3.87960291
Montréal, CA,29.97035040431267,6.9,0.0,0.0,0.009,45.50906372,-73.55335999
Morelia, MX,59.57846153846154,15.9,0.0,0.0,0.037,19.70187187,-101.19234467
Moscow, RU,39.01418439716312,9.3,16.361878453038674,38.17403314917127,0.017,55.75222015,37.61555862
Mumbai, IN,106.37196765498652,37.5,84.99324324324324,114.20177383592018,0.104,18.96904755,72.82118225
Muzaffarnagar, IN,152.59615384615384,57.4,107.55630630630633,156.30180180180182,0.166,29.47255707,77.70713043
Mysore, IN,62.744505494505496,17.3,38.3490990990991,63.299549549549546,0.042,12.3084383,76.65393066
Málaga, ES,43.054054054054056,10.3,21.828125,41.47767857142857,0.02,36.7196312,-4.42000008
Münster, DE,37.57821229050279,8.8,0.0,0.0,0.015,52.98540497,10.09009171
Nagano, JP,29.506738544474395,6.9,0.0,0.0,0.009,36.64403152,138.10171509
Nagasaki, JP,36.22641509433962,8.6,0.0,0.0,0.015,32.78348923,129.82772827
Nagoya, JP,34.506738544474395,8.1,0.0,0.0,0.013,35.15694427,136.91304016
Nagpur, IN,107.14488636363636,37.9,65.6986301369863,114.82870370370372,0.106,21.15261841,79.0881958
Naha, JP,23.75138121546961,5.5,0.0,0.0,0.005,26.20046997,127.72858429
Nakhon Pathom, TH,59.54716981132076,15.9,0.0,0.0,0.037,13.82313633,100.05728149
Namur, BE,27.961290322580645,6.4,12.323442136498516,27.937313432835825,0.008,50.46492386,4.86506319
Nanchang, CN,82.24258760107817,26.8,0.0,0.0,0.071,28.68268394,115.85816956
Nancy, FR,42.11217948717949,10.0,0.0,0.0,0.019,48.69078064,6.18246603
Nanjing, CN,79.76280323450135,25.4,0.0,0.0,0.067,32.05838013,118.79647064
Nanning, CN,76.76819407008087,23.9,0.0,0.0,0.062,22.81723595,108.36626434
Nantes, FR,33.80397727272727,7.9,0.0,0.0,0.013,47.21826553,-1.557181
Naples, IT,55.02164502164502,14.0,0.0,0.0,0.031,40.83998489,14.25254154
Nara-shi, JP,38.64690026954178,9.1,0.0,0.0,0.016,34.68444061,135.80499268
Nashik, IN,95.67065868263474,33.0,54.46588235294118,101.6004842615012,0.09,20.05602264,73.64289093
Nashville, US,34.80592991913747,8.1,0.0,34.208425720620845,0.013,36.1663475,-86.77905273
Netanya, IL,63.925824175824175,17.8,32.13513513513514,64.67945823927765,0.043,32.3286171,34.8566246
New Delhi, IN,156.26376811594204,65.1,0.0,163.70352941176472,0.19,28.63242531,77.21878815
Newcastle, AU,18.644204851752026,4.3,15.797777777777778,19.051111111111112,0.001,-32.92921066,151.77001953
Newport, GB,28.33692722371968,6.7,0.0,0.0,0.009,52.01679993,-4.8295269
Nice, FR,38.0945945945946,9.1,0.0,0.0,0.016,43.70342636,7.26626492
Nicosia, CY,60.6,16.3,0.0,0.0,0.039,35.17489624,33.36385727
Niigata, JP,28.36657681940701,6.7,0.0,0.0,0.009,37.91999817,139.0400238
Nijmegen, NL,39.50134770889488,9.3,0.0,0.0,0.017,51.84169388,5.85865116
Ningbo, CN,68.21563342318059,20.1,0.0,0.0,0.05,29.86007118,121.62428284
Niš, RS,71.20754716981132,21.6,0.0,0.0,0.055,43.31686783,21.89449883
Norwich, GB,37.16986301369863,8.8,0.0,0.0,0.015,52.62810135,1.29934895
Novi Sad, RS,51.65498652291105,12.1,0.0,0.0,0.026,45.25455475,19.84257507
Novosibirsk, RU,64.11382113821138,18.2,22.802168021680217,64.11382113821138,0.045,55.04999924,82.94999695
Nur-Sultan, KZ,53.73053892215569,13.0,0.0,0.0,0.028,51.1282196,71.43067169
Nîmes, FR,34.50948509485095,8.1,0.0,0.0,0.013,43.83459091,4.36086416
Oakland, US,31.80323450134771,7.4,1.0,30.65111111111111,0.011,37.80482864,-122.2724762
Oaxaca, MX,129.36363636363637,46.8,0.0,0.0,0.133,17.0618763,-96.72459412
Okayama, JP,43.33962264150944,10.3,0.0,0.0,0.02,34.72589493,133.91300964
Oklahoma City, US,34.81132075471698,8.1,19.58980044345898,34.39689578713969,0.013,35.46849442,-97.52126312
Olomouc, CZ,48.73854447439353,11.5,18.301552106430155,50.208425720620845,0.024,49.59538651,17.25187302
Omaha, US,25.889487870619945,6.0,17.246119733924612,26.361419068736144,0.007,41.25865173,-95.93719482
Orléans, FR,35.74393530997305,8.4,0.0,0.0,0.014,47.90139771,1.903916
Orūmīyeh, IR,65.65060240963855,18.7,0.0,0.0,0.046,37.54934692,45.0682869
Osaka, JP,37.12938005390836,8.8,0.0,0.0,0.015,34.69388962,135.50221252
Oslo, NO,28.072972972972973,6.7,0.0,0.0,0.009,59.97575378,10.73856163
Osorno, CL,59.56603773584906,15.9,24.10738255033557,52.50110864745011,0.037,-40.57323837,-73.13581085
Ostrava, CZ,60.40161725067385,16.3,21.254988913525494,60.81818181818182,0.039,49.84079361,18.29088402
Ottawa, CA,27.3099730458221,6.4,0.0,0.0,0.008,45.4204216,-75.69242859
Oulu, FI,20.0,4.8,0.0,0.0,0.003,65.01265717,25.47138596
Oviedo, ES,39.2,9.3,20.123809523809523,40.40952380952381,0.017,43.3602829,-5.84479189
Pachuca de Soto, MX,46.36206896551724,11.0,0.0,0.0,0.022,20.12650299,-98.73034668
Palma, ES,43.27222222222223,10.3,16.810623556581987,41.83451536643026,0.02,39.56945038,2.64994597
Paris, FR,43.77628032345014,10.3,0.0,0.0,0.02,48.85689545,2.35084891
Parma, IT,59.07297297297297,15.9,0.0,0.0,0.037,44.80781937,10.32962704
Patna, IN,144.80769230769232,52.9,107.31531531531532,151.97747747747746,0.152,25.54798698,85.07231903
Perpignan, FR,33.02832861189802,7.9,0.0,0.0,0.013,42.7015152,2.89411998
Perth, AU,6.734285714285714,1.4,6.316901408450704,6.769953051643192,0.0,-31.95183945,115.85870361
Peshawar, PK,144.9140401146132,52.9,0.0,0.0,0.152,34.00696182,71.53305817
Petaẖ Tiqwa, IL,69.4776119402985,20.6,70.28643216080403,68.27491408934708,0.052,32.08987,34.88045
Philadelphia, US,31.398921832884096,7.4,0.0,31.61640798226164,0.011,39.95106125,-75.1656189
Phoenix, US,29.16711590296496,6.9,19.638580931263856,28.507760532150776,0.009,33.44820404,-112.07258606
Pilsen, CZ,43.460916442048514,10.3,16.0509977827051,43.94456762749446,0.02,49.74684525,13.37698936
Plymouth, GB,33.38274932614555,7.9,0.0,0.0,0.013,50.3703804,-4.14265299
Pohang, KR,55.41239892183288,14.0,29.660753880266075,57.54545454545455,0.031,36.03073883,129.37342834
Pokhara, NP,111.77564102564102,39.5,46.28865979381443,112.65463917525771,0.111,28.21223068,83.98734283
Port Elizabeth, ZA,33.833333333333336,7.9,0.0,0.0,0.013,-33.96076202,25.62063789
Portland, US,25.90026954177897,6.0,0.0,25.15742793791574,0.007,45.51601791,-122.681427
Potsdam, DE,38.70619946091645,9.1,0.0,0.0,0.016,52.39614487,13.05853844
Poznań, PL,47.350710900473935,11.2,20.848552338530062,47.350710900473935,0.023,52.40018845,16.92755127
Prague, CZ,45.45822102425876,10.8,17.312638580931264,44.91352549889135,0.022,50.08781052,14.42045975
Prato, IT,53.12021857923497,13.0,0.0,0.0,0.028,43.87960815,11.09624863
Preston, GB,33.14016172506739,7.9,0.0,0.0,0.013,53.75772858,-2.70343995
Pretoria, ZA,69.69459459459459,20.6,0.0,0.0,0.052,-25.74601936,28.18712044
Pristina, XK,76.02702702702703,23.9,0.0,0.0,0.062,42.66543579,21.16532326
Providence, US,22.07547169811321,5.2,0.0,22.17294900221729,0.004,41.82446289,-71.41275024
Puebla, MX,64.11620795107034,18.2,0.0,0.0,0.045,19.03300095,-98.18299866
Puerto Montt, CL,52.65229110512129,12.5,24.533980582524272,46.69844789356984,0.027,-41.47179794,-72.93959045
Pécs, HU,43.7438596491228,10.3,0.0,0.0,0.02,46.07130051,18.23313713
Qingdao, CN,72.35405405405406,22.0,0.0,0.0,0.056,36.06811142,120.38226318
Qinhuangdao, CN,74.5822102425876,23.0,0.0,0.0,0.059,39.88712311,119.52008057
Qiqihar, CN,59.649595687331534,15.9,0.0,0.0,0.037,47.35430908,123.91796112
Qom, IR,72.53205128205128,22.0,0.0,0.0,0.056,34.64462662,50.87475204
Queens, US,28.932614555256063,6.7,0.0,29.716186252771617,0.009,40.75977707,-73.81729889
Quilpué, CL,51.81132075471698,12.1,35.60532150776053,52.44789356984479,0.026,-33.04981232,-71.44152832
Quito, EC,52.1219512195122,12.5,0.0,0.0,0.027,-0.220164,-78.5123291
Québec, CA,26.69272237196765,6.2,0.0,0.0,0.007,53.00482941,-70.77841187
Raleigh, US,31.532608695652176,7.4,13.38963963963964,31.004464285714285,0.011,35.78130341,-78.64167786
Rancagua, CL,66.95417789757413,19.2,38.31485587583148,65.2350332594235,0.048,-34.17024994,-70.74074554
Rayong, TH,60.299191374663074,16.3,0.0,0.0,0.039,12.68172073,101.25603485
Reading, GB,27.179063360881543,6.4,0.0,0.0,0.008,51.45503998,-0.96908802
Rennes, FR,35.16172506738545,8.4,0.0,0.0,0.014,48.11178207,-1.680264
Reykjavík, IS,14.067385444743936,3.3,0.0,0.0,0.0,64.14720917,-21.94239998
Richards Bay, ZA,9.476190476190476,2.1,0.0,0.0,0.0,-28.75058556,32.04932022
Richmond, US,31.660377358490567,7.4,12.847352024922118,31.239467849223946,0.011,37.54076004,-77.43392944
Rijeka, HR,36.935483870967744,8.6,12.221729490022174,37.76323119777159,0.015,45.32691193,14.44099617
Rome, IT,48.14594594594595,11.5,0.0,0.0,0.024,41.89055634,12.49426746
Rotterdam, NL,38.3611859838275,9.1,0.0,0.0,0.016,51.9229126,4.47058487
Rouen, FR,40.578947368421055,9.6,0.0,0.0,0.018,49.44239807,1.09846401
Sacramento, US,31.070080862533693,7.4,16.704545454545453,30.03333333333333,0.011,38.57693481,-121.49494934
Saint Paul, US,27.48247978436658,6.4,14.113082039911308,29.38137472283814,0.008,44.94371796,-93.09428406
Saint-Denis, RE,21.829201101928376,5.0,10.77927927927928,21.952595936794584,0.004,-20.88297653,55.45001602
Saint-Étienne, FR,33.67574931880109,7.9,0.0,0.0,0.013,46.62480927,2.45837402
Saitama, JP,36.02425876010782,8.6,0.0,0.0,0.015,35.86177444,139.64562988
Salamanca, ES,33.17027027027027,7.9,18.217777777777776,32.41555555555556,0.013,40.96496582,-5.66309214
Salem, US,25.013477088948783,6.0,0.0,24.789356984478932,0.007,44.93901443,-123.03930664
Salt Lake City, US,28.787061994609164,6.7,15.553333333333333,28.674057649667407,0.009,40.75847626,-111.88814545
Salzburg, AT,36.09973045822103,8.6,0.0,0.0,0.015,47.80049896,13.04440975
Samsun, TR,65.43126684636118,18.7,33.95343680709534,67.55654101995566,0.046,38.98909378,35.43323517
Samut Prakan, TH,80.70350404312669,25.8,0.0,0.0,0.068,13.59946442,100.59695435
San Antonio, US,36.13477088948787,8.6,0.0,35.57871396895787,0.015,29.4251709,-98.49461365
San Diego, US,40.3688524590164,9.6,18.632558139534883,38.914414414414416,0.018,32.71575928,-117.16381836
San Francisco, US,30.245283018867923,7.2,1.0,29.22888888888889,0.01,37.78007889,-122.42015839
San Jose, US,31.42587601078167,7.4,1.0,29.91111111111111,0.011,37.33479309,-121.88814545
San José, CR,28.498507462686568,6.7,0.0,0.0,0.009,9.93313408,-84.07978058
San Juan, PR,32.26714801444043,7.6,0.0,0.0,0.012,18.46630287,-66.10523224
San Salvador, SV,74.50948509485094,23.0,0.0,0.0,0.059,13.69841003,-89.19235229
Sanandaj, IR,41.66942148760331,9.8,0.0,0.0,0.018,35.312603,46.99786377
Santa Cruz de Tenerife, ES,37.3054054054054,8.8,24.175555555555555,36.9,0.015,28.46979904,-16.25483513
Santiago, CL,70.6765498652291,21.1,50.46341463414634,68.47450110864744,0.054,-33.43777466,-70.65045166
Sapporo, JP,27.82210242587601,6.4,0.0,0.0,0.008,43.03434753,141.35879517
Sarajevo, BA,78.53908355795149,24.9,0.0,0.0,0.065,43.85818481,18.41234207
Seattle, US,31.477088948787063,7.4,0.0,30.889135254988915,0.011,47.60322952,-122.33027649
Sejong, KR,66.90566037735849,19.2,34.91574279379157,70.58980044345898,0.048,36.50605011,127.25171661
Sendai, JP,27.549865229110512,6.4,0.0,0.0,0.008,38.25196838,140.88621521
Seongnam-si, KR,58.56603773584906,15.4,32.031042128603104,63.85587583148559,0.036,37.44055557,127.13583374
Seoul, KR,59.89487870619946,15.9,32.41685144124168,64.21951219512195,0.037,37.55271149,126.99595642
Sevilla, ES,43.58108108108108,10.3,24.841517857142858,43.41517857142857,0.02,37.38264084,-5.99629498
Shanghai, CN,74.86253369272237,23.0,0.0,0.0,0.059,31.23036957,121.47370148
Shantou, CN,57.20754716981132,14.9,0.0,0.0,0.034,23.35435104,116.68193817
Sheffield, GB,34.64150943396226,8.1,0.0,0.0,0.013,53.38305664,-1.46479499
Shenyang, CN,84.99460916442048,27.7,0.0,0.0,0.074,41.67725372,123.46437836
Shenzhen, CN,55.85175202156334,14.0,0.0,0.0,0.031,22.54368019,114.0579071
Shijiazhuang, CN,106.1967654986523,37.5,0.0,0.0,0.104,38.04232025,114.51477814
Shillong, IN,87.00828729281768,29.2,0.0,0.0,0.079,25.57948875,91.89372253
Shiraz, IR,83.25795053003533,27.3,0.0,0.0,0.073,29.60602188,52.53780365
Shiyan, CN,90.3288409703504,30.6,0.0,0.0,0.083,32.62888718,110.79902649
Shizuoka, JP,29.172506738544477,6.9,0.0,0.0,0.009,34.98583603,138.38539124
Singapore, SG,39.681940700808624,9.3,0.0,0.0,0.017,1.28943598,103.84998322
Sivas, TR,49.97574123989218,11.7,43.35254988913525,51.45232815964523,0.024,39.75097656,37.01525497
Skopje, MK,70.23224043715847,21.1,33.662921348314605,75.27927927927928,0.054,41.99401093,21.43592072
Southend-on-Sea, GB,36.99730458221024,8.6,0.0,0.0,0.015,51.5404129,0.71175599
Springfield, US,33.99460916442049,7.9,0.0,33.713968957871394,0.013,39.79935837,-89.64362335
Staten Island, US,30.080862533692724,7.2,0.0,30.26829268292683,0.01,40.64349747,-74.07620239
Stavanger, NO,26.38918918918919,6.2,0.0,0.0,0.007,58.96442795,5.72624779
Stockholm, SE,20.3739837398374,4.8,0.0,0.0,0.003,59.33278656,18.06448746
Stuttgart, DE,39.698113207547166,9.3,0.0,0.0,0.017,48.77710724,9.18076897
Suncheon, KR,45.41509433962264,10.8,22.9179600886918,47.17516629711752,0.022,34.94483185,127.49372101
Surrey, CA,28.12727272727273,6.7,0.0,0.0,0.009,49.10460281,-122.82350922
Suwon, KR,65.74123989218329,18.7,34.12638580931264,70.04212860310422,0.046,37.25973511,127.00894928
Suzhou, CN,82.11320754716981,26.8,0.0,0.0,0.071,31.29903984,120.58530426
Swansea, GB,34.96765498652291,8.1,0.0,0.0,0.013,51.62158203,-3.94336891
Sydney, AU,16.121293800539082,3.8,12.186666666666667,16.419068736141906,-0.0,-33.87319946,151.20959473
Szczecin, PL,55.59183673469388,14.0,17.353932584269664,52.36516853932584,0.031,53.41689301,14.53232861
Szeged, HU,54.58369098712446,13.5,0.0,0.0,0.03,46.25361633,20.14613533
São José dos Campos, BR,37.82747603833866,8.8,0.0,0.0,0.015,-23.18603897,-45.8866806
São Paulo, BR,48.57142857142857,11.5,0.0,0.0,0.024,-23.53396988,-46.6288681
Tabriz, IR,70.15950920245399,21.1,0.0,0.0,0.054,38.0739975,46.29619598
Taichung, TW,48.74123989218329,11.5,26.88691796008869,52.01330376940133,0.024,24.16348839,120.64673615
Tainan, TW,59.22102425876011,15.9,34.39467849223947,63.34589800443459,0.037,22.99162102,120.18503571
Taipei, TW,40.67924528301887,9.6,21.412416851441243,42.72505543237251,0.018,25.03841209,121.56370544
Taitung City, TW,22.87870619946092,5.2,12.937915742793791,23.70509977827051,0.004,22.75469398,121.146698
Taiyuan, CN,105.80862533692722,37.1,0.0,0.0,0.103,37.87052155,112.54872131
Takamatsu, JP,35.68733153638814,8.4,0.0,0.0,0.014,34.34473801,134.04478455
Talca, CL,50.722371967654986,12.0,27.662971175166295,49.931263858093125,0.025,-35.42653275,-71.66603088
Tallahassee, US,34.8733153638814,8.1,16.61123595505618,35.12416851441242,0.013,30.44074059,-84.27832794
Tallinn, EE,19.16711590296496,4.5,0.0,0.0,0.002,59.44268799,24.75319672
Tampere, FI,17.828729281767956,4.0,0.0,0.0,0.0,61.4974823,23.75724602
Taoyuan City, TW,41.31266846361186,9.8,26.454545454545453,43.99556541019955,0.018,24.99289894,121.30096436
Tarnów, PL,57.24932249322493,14.9,20.028953229398663,58.02227171492205,0.034,50.01572418,20.98659706
Tashkent, UZ,96.50813008130082,33.4,0.0,0.0,0.092,41.31233597,69.27870941
Tbilisi, GE,58.25067385444744,15.4,0.0,0.0,0.036,41.72249985,44.79249954
Tehran, IR,104.55963302752292,36.7,0.0,0.0,0.102,35.68925095,51.38959885
Tel Aviv, IL,64.61369863013698,18.2,40.09907834101382,64.31306306306307,0.045,32.08530045,34.78180695
Temuco, CL,55.105121293800536,14.0,22.339246119733925,49.22838137472284,0.031,-38.73625946,-72.59054565
Tepic, MX,42.36,10.0,0.0,0.0,0.019,21.50741386,-104.89379883
Ternopil, UA,19.133105802047783,4.5,8.542662116040956,19.133105802047783,0.002,49.56063461,25.59867287
The Bronx, US,25.01685393258427,6.0,0.0,26.334862385321102,0.007,40.8261528,-73.9202652
The Hague, NL,36.36388140161725,8.6,0.0,0.0,0.015,52.08019638,4.31013298
Thessaloníki, GR,53.99512195121951,13.0,23.75862068965517,53.95038167938932,0.028,40.64028168,22.93471909
Thiruvananthapuram, IN,71.3076923076923,21.6,40.62162162162162,78.38288288288288,0.055,8.53037357,76.9295578
Thrissur, IN,90.77197802197804,30.6,51.91891891891892,96.86711711711712,0.083,10.52390385,76.21225739
Tianjin, CN,88.75202156334232,29.6,0.0,0.0,0.08,39.29473495,117.33511353
Tokyo, JP,35.684636118598384,8.4,0.0,0.0,0.014,35.68992615,139.6917572
Toluca, MX,80.84468664850137,25.8,0.0,0.0,0.068,19.29211617,-99.65578461
Tomsk, RU,72.94117647058823,22.0,24.647058823529413,72.94117647058823,0.056,56.48840332,84.94683075
Toronto, CA,26.380053908355794,6.2,0.0,0.0,0.007,43.65189362,-79.38171387
Toulon, FR,30.572602739726022,7.2,0.0,0.0,0.01,43.12519073,5.93103886
Toulouse, FR,39.28032345013477,9.3,0.0,0.0,0.017,43.6039505,1.44450903
Tours, FR,35.77358490566038,8.4,0.0,0.0,0.014,47.39029312,0.688851
Toyama, JP,32.539083557951486,7.6,0.0,0.0,0.012,36.69999313,137.23001099
Trabzon, TR,70.00859598853869,21.1,32.47450110864745,73.08391608391608,0.054,41.00207138,39.71921539
Trieste, IT,43.65800865800866,10.3,0.0,0.0,0.02,45.65359879,13.77851582
Trondheim, NO,20.09264305177112,4.8,0.0,0.0,0.003,63.4345665,10.39843941
Tucson, US,22.288409703504044,5.2,17.363636363636363,21.88691796008869,0.004,32.22187805,-110.97122192
Turin, IT,57.30711610486891,14.9,0.0,0.0,0.034,45.06837463,7.68306589
Turku, FI,17.201117318435752,4.0,0.0,0.0,0.0,60.45145798,22.26883125
Tuzla, BA,76.63172804532577,23.9,0.0,0.0,0.062,44.53803635,18.67217636
Ulan Bator, MN,68.85420054200542,20.1,0.0,0.0,0.05,47.92286682,106.92326355
Ulsan, KR,53.12398921832884,13.0,26.470066518847005,55.74057649667406,0.028,35.54867554,129.31500244
Uppsala, SE,16.688346883468835,3.8,0.0,0.0,-0.0,59.85813141,17.6446209
Utrecht, NL,43.25876010781671,10.3,0.0,0.0,0.02,52.09168243,5.12036324
Utsunomiya, JP,35.86033519553072,8.4,0.0,0.0,0.014,36.54997635,139.87001038
Valencia, ES,37.85326086956522,8.8,13.638248847926269,38.4,0.015,39.47023773,-0.37680501
Valladolid, ES,43.06353591160221,10.3,14.701793721973097,42.55503512880562,0.02,41.65294266,-4.72838402
Valparaíso, CL,48.703504043126685,11.5,28.54035874439462,48.93569844789357,0.024,-33.04584503,-71.61967468
Vancouver, CA,18.557065217391305,4.3,0.0,0.0,0.001,49.26356506,-123.13857269
Vantaa, FI,23.116343490304708,5.5,0.0,0.0,0.005,60.29441071,25.04006767
Vereeniging, ZA,63.01081081081081,17.8,0.0,0.0,0.043,-26.67301369,27.92876434
Victoria, CA,24.13821138211382,5.7,0.0,0.0,0.006,48.42750168,-123.36725616
Vienna, AT,37.8167115902965,8.8,0.0,0.0,0.015,48.2084465,16.37789536
Vientiane, LA,72.30716723549489,22.0,0.0,0.0,0.056,17.9621582,102.6116333
Visakhapatnam, IN,109.5828729281768,38.7,78.96127562642369,116.93650793650794,0.108,17.73463249,83.2729187
Wakayama, JP,36.5633423180593,8.6,0.0,0.0,0.015,34.22311783,135.16770935
Warsaw, PL,49.9159891598916,11.7,20.378619153674837,51.76169265033408,0.024,52.23497772,21.00849152
Washington D.C., US,29.474393530997304,6.9,12.585443037974684,29.33037694013304,0.009,38.89206314,-77.01991272
Wellington, NZ,22.95945945945946,5.2,0.0,0.0,0.004,-41.25659943,174.75013733
Wiesbaden, DE,34.84905660377358,8.1,0.0,0.0,0.013,50.08405685,8.23980045
Willemstad, CW,33.03225806451613,7.9,0.0,0.0,0.013,12.10666943,-68.93512726
Winnipeg, CA,24.05,5.7,0.0,0.0,0.006,49.90049744,-97.13931274
Wollongong, AU,15.619946091644206,3.6,13.344444444444443,16.106666666666666,0.0,-34.42710114,150.89320374
Worcester, ZA,27.637735849056604,6.4,0.0,0.0,0.008,-33.6450386,19.44374847
Wrocław, PL,58.50948509485095,15.4,21.115812917594656,59.30066815144766,0.036,51.11054993,17.02555847
Wuxi, CN,81.07277628032345,26.3,0.0,0.0,0.07,31.49130249,120.31233978
Xiamen, CN,57.15094339622642,14.9,0.0,0.0,0.034,24.47950935,118.08947754
Xining, CN,83.50404312668464,27.3,0.0,0.0,0.073,36.61708832,101.77806091
Xinxiang, CN,111.4690026954178,39.5,0.0,0.0,0.111,35.30323029,113.92675018
Xi’an, CN,113.6576819407008,40.3,0.0,0.0,0.113,34.34209061,108.93976593
Xuchang, CN,111.1132075471698,39.5,0.0,0.0,0.111,34.03723907,113.85216522
Yangon, MM,60.108823529411765,16.3,0.0,71.29950495049505,0.039,16.86223793,96.12097931
Yeosu, KR,50.39083557951483,12.0,24.07982261640798,52.67849223946785,0.025,34.7382431,127.74147034
Yinchuan, CN,90.09164420485176,30.6,0.0,0.0,0.083,38.48728943,106.23084259
Yokohama, JP,32.301886792452834,7.6,0.0,0.0,0.012,35.46009445,139.57756042
Yunfu, CN,67.2021563342318,19.7,0.0,0.0,0.049,22.9149704,112.04466248
Zagreb, HR,66.82997118155619,19.2,20.18552036199095,69.25355450236967,0.048,45.76078415,16.06326866
Zanjān, IR,65.21824104234528,18.7,0.0,0.0,0.046,36.6699791,48.48593903
Zaragoza, ES,31.057142857142857,7.4,18.239910313901344,31.032608695652176,0.011,41.65683746,-0.87942499
Zenica, BA,59.322884012539184,15.9,0.0,0.0,0.037,44.19868469,17.91249657
Zhengzhou, CN,106.4690026954178,37.5,0.0,0.0,0.104,34.74718857,113.62535095
Zhuzhou, CN,95.53369272237197,33.0,0.0,0.0,0.09,27.82766914,113.13395691
Zürich, CH,2.0876712328767124,0.4,0.0,0.0,0.0,47.36700058,8.55000019
Ürümqi, CN,97.47708894878706,33.9,0.0,0.0,0.093,43.50907898,87.46435547
İzmir, TR,76.55795148247978,23.9,37.50554323725056,78.54323725055433,0.062,38.41872406,27.12960052
İzmit, TR,64.03504043126685,18.2,35.16407982261641,64.98891352549889,0.045,40.76556015,29.94055939
Łódź, PL,46.97832817337461,11.0,23.902004454342983,49.84119106699752,0.022,51.75905228,19.45860291
Ōita, JP,39.38814016172507,9.3,0.0,0.0,0.017,33.24322891,131.59790039
Ḩawallī, KW,122.53468208092484,44.0,92.91071428571428,118.8009592326139,0.124,29.33664703,48.01917267
