,row_0_qabs_front,row_0_qinc_front,qabs_segment_28,qabs_segment_29,qinc_segment_28,qinc_segment_29,row_1_qabs_front,row_1_qinc_front,qabs_segment_40,qabs_segment_41,qinc_segment_40,qinc_segment_41,row_2_qabs_front,row_2_qinc_front,qabs_segment_52,qabs_segment_53,qinc_segment_52,qinc_segment_53,row_2_qinc_back,row_0_qinc_back,row_1_qinc_back,row_0_qabs_back,row_1_qabs_back,row_2_qabs_back
2019-11-01 00:00:00-07:00,,,,,,,,,,,,,,,,,,,,,,,,
2019-11-01 01:00:00-07:00,,,,,,,,,,,,,,,,,,,,,,,,
2019-11-01 02:00:00-07:00,,,,,,,,,,,,,,,,,,,,,,,,
2019-11-01 03:00:00-07:00,,,,,,,,,,,,,,,,,,,,,,,,
2019-11-01 04:00:00-07:00,,,,,,,,,,,,,,,,,,,,,,,,
2019-11-01 05:00:00-07:00,,,,,,,,,,,,,,,,,,,,,,,,
2019-11-01 06:00:00-07:00,,,,,,,,,,,,,,,,,,,,,,,,
2019-11-01 07:00:00-07:00,74.89932021755256,75.65587900762884,74.89932021755256,1.6818015480902668,75.65587900762884,1.698789442515421,74.98300420585264,75.74040828874004,74.98300420585264,1.6818015480902668,75.74040828874004,1.698789442515421,75.3438185660781,76.10486723846273,75.3438185660781,1.6818015480902668,76.10486723846273,1.698789442515421,,,,,,
2019-11-01 08:00:00-07:00,103.44770428832709,104.49263059426981,103.44770428832709,4.856576016708563,104.49263059426981,4.905632340109659,103.56162142821046,104.60769841233379,103.56162142821046,4.856576016708563,104.60769841233379,4.905632340109659,104.3724368440935,105.42670388292272,104.3724368440935,4.856576016708563,105.42670388292272,4.905632340109659,7.0633046,8.4436484,8.429554000000001,8.02146598,8.0080763,6.71013937
2019-11-01 09:00:00-07:00,747.4676561763943,755.0178345216104,747.4676561763943,2.734416537972014,755.0178345216104,2.762036907042438,748.3247946419219,755.8836309514365,748.3247946419219,2.734416537972014,755.8836309514365,2.762036907042438,752.9518952843714,760.5574699842135,752.9518952843714,2.734416537972014,760.5574699842135,2.762036907042438,27.15371,28.587764,28.444533999999997,27.158375799999998,27.022307299999998,25.796024499999998
2019-11-01 10:00:00-07:00,815.9339323032617,824.175689195214,815.9339323032617,2.908371154944109,824.175689195214,2.9377486413576857,816.8716967938932,825.1229260544376,816.8716967938932,2.908371154944109,825.1229260544376,2.9377486413576857,822.0217462866212,830.3249962491125,822.0217462866212,2.908371154944109,830.3249962491125,2.9377486413576857,34.921202,36.050602,36.177894,34.2480719,34.3689993,33.1751419
2019-11-01 11:00:00-07:00,851.6499371157715,860.2524617331026,851.6499371157715,9.390297874302629,860.2524617331026,9.485149367982453,852.6229073487597,861.2352599482421,852.6229073487597,9.390297874302629,861.2352599482421,9.485149367982453,857.7979928311205,866.4626190213337,857.7979928311205,9.390297874302629,866.4626190213337,9.485149367982453,44.421758,46.098884,46.056154,43.7939398,43.7533463,42.200670099999996
2019-11-01 12:00:00-07:00,444.21459146110556,448.7016075364704,444.21459146110556,9.348532598858613,448.7016075364704,9.442962221069306,444.72999858054493,449.2222207884291,444.72999858054493,9.348532598858613,449.2222207884291,9.442962221069306,451.16716222724995,455.7244062901515,451.16716222724995,9.348532598858613,455.7244062901515,9.442962221069306,34.988312,37.707702,38.57277800000001,35.8223169,36.644139100000004,33.2388964
2019-11-01 13:00:00-07:00,462.08314772449376,466.7506542671655,462.08314772449376,5.540823353299327,466.7506542671655,5.596791265958917,462.6332704066002,467.3063337440406,462.6332704066002,5.540823353299327,467.3063337440406,5.596791265958917,471.97202838771864,476.73942261385724,471.97202838771864,5.540823353299327,476.73942261385724,5.596791265958917,38.84279600000001,42.330774,41.596934,40.2142353,39.51708729999999,36.90065620000001
2019-11-01 14:00:00-07:00,229.27164574201282,231.58752095152803,229.2716457420128,0.0,231.58752095152803,0.0,229.56038830872325,231.8791801098214,229.56038830872325,0.0,231.8791801098214,0.0,238.2656384101453,240.6723620304498,238.2656384101453,0.0,240.6723620304498,0.0,24.510476,25.797773999999997,25.77004,24.507885299999995,24.481538,23.2849522
2019-11-01 15:00:00-07:00,71.96199160535295,72.68888040944742,71.96199160535295,0.0,72.68888040944742,0.0,72.05353069582829,72.7813441372003,72.0535306958283,0.0,72.7813441372003,0.0,75.087781429086,75.84624386776362,75.087781429086,0.0,75.84624386776362,0.0,8.7912934,9.0486254,9.0261752,8.59619413,8.574866440000001,8.35172873
2019-11-01 16:00:00-07:00,66.2494648723241,66.91865138618596,66.2494648723241,0.0,66.91865138618596,0.0,66.33367343295012,67.00371053833348,66.33367343295012,0.0,67.00371053833348,0.0,69.10330089435253,69.80131403469952,69.10330089435253,0.0,69.80131403469952,0.0,7.949630000000001,8.246837,8.2787426,7.834495149999999,7.8648054699999985,7.5521485
2019-11-01 17:00:00-07:00,18.511045985659074,18.698026248140476,18.511045985659074,0.0,18.698026248140476,0.0,18.534554387872873,18.721772108962494,18.534554387872873,0.0,18.721772108962494,0.0,19.30057894986819,19.49553429279615,19.30057894986819,0.0,19.49553429279615,0.0,2.2035601999999996,2.2934628,2.2789058,2.1787896599999996,2.16496051,2.0933821899999994
2019-11-01 18:00:00-07:00,0.4490982773837287,0.45363462361992807,0.4490982773837287,0.0,0.453634623619928,0.0,0.4496708928375876,0.4542130230682704,0.4496708928375876,0.0,0.4542130230682704,0.0,0.46906202195652114,0.47380002217830414,0.46906202195652114,0.0,0.47380002217830414,0.0,,,,,,
2019-11-01 19:00:00-07:00,,,,,,,,,,,,,,,,,,,,,,,,
2019-11-01 20:00:00-07:00,,,,,,,,,,,,,,,,,,,,,,,,
2019-11-01 21:00:00-07:00,,,,,,,,,,,,,,,,,,,,,,,,
2019-11-01 22:00:00-07:00,,,,,,,,,,,,,,,,,,,,,,,,
2019-11-01 23:00:00-07:00,,,,,,,,,,,,,,,,,,,,,,,,
2019-11-02 00:00:00-07:00,,,,,,,,,,,,,,,,,,,,,,,,
2019-11-02 01:00:00-07:00,,,,,,,,,,,,,,,,,,,,,,,,
2019-11-02 02:00:00-07:00,,,,,,,,,,,,,,,,,,,,,,,,
2019-11-02 03:00:00-07:00,,,,,,,,,,,,,,,,,,,,,,,,
2019-11-02 04:00:00-07:00,,,,,,,,,,,,,,,,,,,,,,,,
2019-11-02 05:00:00-07:00,,,,,,,,,,,,,,,,,,,,,,,,
2019-11-02 06:00:00-07:00,,,,,,,,,,,,,,,,,,,,,,,,
2019-11-02 07:00:00-07:00,93.29652442254053,94.23891355812174,93.29652442254053,0.4394108755746639,94.23891355812174,0.44384936926733726,93.40302122047147,94.34648608128427,93.40302122047147,0.4394108755746639,94.34648608128427,0.44384936926733726,93.95963702991058,94.90872427263695,93.95963702991058,0.4394108755746639,94.90872427263695,0.44384936926733726,,,,,,
2019-11-02 08:00:00-07:00,632.8746677127338,639.2673411239736,632.8746677127338,1.7975459686722517,639.2673411239736,1.8157029986588402,633.5989761246365,639.9989657824609,633.5989761246365,1.7975459686722517,639.9989657824609,1.8157029986588402,637.2450670696913,643.6818859289813,637.2450670696913,1.7975459686722517,643.6818859289813,1.8157029986588402,7.199812,17.659036000000004,17.78405,16.776084200000003,16.8948475,6.839821399999999
2019-11-02 09:00:00-07:00,796.1561770725164,804.1981586591074,796.1561770725164,2.3923455510457132,804.1981586591074,2.4165106576219326,797.0689848959684,805.1201867636046,797.0689848959684,2.3923455510457132,805.1201867636046,2.4165106576219326,801.7630991487563,809.8617163118752,801.7630991487563,2.3923455510457132,809.8617163118752,2.4165106576219326,27.25842,28.703767999999997,28.75014,27.268579599999995,27.312632999999998,25.895499
2019-11-02 10:00:00-07:00,921.8968701722267,931.2089597699263,921.8968701722267,1.437185297964521,931.2089597699263,1.4517023211762838,922.9612122155675,932.2840527429975,922.9612122155675,1.437185297964521,932.2840527429975,1.4517023211762838,929.5827210453183,938.9724455003214,929.5827210453183,1.437185297964521,938.9724455003214,1.4517023211762838,42.89597,44.396706,44.580388000000006,42.1768707,42.3513686,40.7511715
2019-11-02 11:00:00-07:00,592.9735922982686,598.9632245437058,592.9735922982686,14.588370549650824,598.9632245437058,14.735727827930125,593.6416307173478,599.6380108256036,593.6416307173478,14.588370549650824,599.6380108256036,14.735727827930125,597.1895960832654,603.2218142255206,597.1895960832654,14.588370549650824,603.2218142255206,14.735727827930125,36.089062,38.094162,38.06524,36.1894539,36.161978,34.284608899999995
2019-11-02 12:00:00-07:00,526.959441698376,532.2822643417941,526.959441698376,14.354752654204535,532.2822643417941,14.49975015576216,527.5528475734724,532.8816642156288,527.5528475734724,14.354752654204535,532.8816642156288,14.49975015576216,530.6719033659018,536.0322256221232,530.6719033659018,14.354752654204535,536.0322256221232,14.49975015576216,33.662459999999996,35.707288,35.674474,33.9219236,33.89075029999999,31.979336999999994
2019-11-02 13:00:00-07:00,1075.3968506768986,1086.2594451281802,1075.3968506768986,6.454266636027334,1086.2594451281802,6.519461248512459,1076.6422836613312,1087.517458243769,1076.6422836613312,6.454266636027334,1087.5174582437692,6.519461248512459,1084.6267087543504,1095.5825340953036,1084.6267087543504,6.454266636027334,1095.5825340953036,6.519461248512459,59.755322,62.030162000000004,62.262829999999994,58.9286539,59.14968849999999,56.7675559
2019-11-02 14:00:00-07:00,980.1594173273905,990.0600175024146,980.1594173273905,9.325629779541353,990.0600175024146,9.419828060142782,981.2903507779622,991.2023745231938,981.2903507779622,9.325629779541353,991.2023745231938,9.419828060142782,987.6174568475453,997.5933907550962,987.6174568475453,9.325629779541353,997.5933907550962,9.419828060142782,49.622848,51.77215199999999,51.319962,49.18354439999999,48.753963899999995,47.141705599999995
2019-11-02 15:00:00-07:00,802.5875284825864,810.6944732147336,802.5875284825864,2.844134024606856,810.6944732147336,2.8728626511180364,803.5203944903986,811.6367621115135,803.5203944903986,2.844134024606856,811.6367621115135,2.8728626511180364,808.4558899420933,816.6221110526194,808.4558899420933,2.844134024606856,816.6221110526194,2.8728626511180364,31.832534000000003,32.93517,32.890288,31.2884115,31.245773599999996,30.2409073
2019-11-02 16:00:00-07:00,697.0010834489902,704.0414984333233,697.0010834489902,2.590023934475208,704.0414984333233,2.6161857923992,697.8125461896158,704.8611577672887,697.8125461896158,2.590023934475208,704.8611577672887,2.6161857923992,702.0740859248016,709.1657433583853,702.0740859248016,2.590023934475208,709.1657433583853,2.6161857923992,20.163828000000002,23.640752,23.665142,22.458714399999998,22.481884899999997,19.1556366
2019-11-02 17:00:00-07:00,258.36095349751747,260.97066009850255,258.36095349751747,1.2604585681461904,260.97066009850255,1.27319047287494,258.6619236908726,261.2746703948208,258.6619236908726,1.2604585681461904,261.2746703948208,1.27319047287494,260.2493573815127,262.87813876920484,260.2493573815127,1.2604585681461904,262.87813876920484,1.27319047287494,5.4796502,6.672975199999999,6.682432,6.339326439999999,6.3483104,5.205667689999999
2019-11-02 18:00:00-07:00,0.3849413805824908,0.3888296773560512,0.3849413805824908,0.0,0.3888296773560512,0.0,0.3854321938458075,0.3893254483290985,0.3854321938458075,0.0,0.3893254483290985,0.0,0.4020531616770181,0.4061143047242607,0.4020531616770181,0.0,0.4061143047242607,0.0,,,,,,
2019-11-02 19:00:00-07:00,,,,,,,,,,,,,,,,,,,,,,,,
2019-11-02 20:00:00-07:00,,,,,,,,,,,,,,,,,,,,,,,,
2019-11-02 21:00:00-07:00,,,,,,,,,,,,,,,,,,,,,,,,
2019-11-02 22:00:00-07:00,,,,,,,,,,,,,,,,,,,,,,,,
2019-11-02 23:00:00-07:00,,,,,,,,,,,,,,,,,,,,,,,,
2019-11-03 00:00:00-07:00,,,,,,,,,,,,,,,,,,,,,,,,
2019-11-03 01:00:00-07:00,,,,,,,,,,,,,,,,,,,,,,,,
2019-11-03 02:00:00-07:00,,,,,,,,,,,,,,,,,,,,,,,,
2019-11-03 03:00:00-07:00,,,,,,,,,,,,,,,,,,,,,,,,
2019-11-03 04:00:00-07:00,,,,,,,,,,,,,,,,,,,,,,,,
2019-11-03 05:00:00-07:00,,,,,,,,,,,,,,,,,,,,,,,,
2019-11-03 06:00:00-07:00,,,,,,,,,,,,,,,,,,,,,,,,
2019-11-03 07:00:00-07:00,55.52927857675618,56.09018038056182,55.52927857675618,0.4268099901679072,56.09018038056182,0.43112120218980526,55.59257464212514,56.154115800126405,55.59257464212514,0.4268099901679072,56.154115800126405,0.43112120218980526,55.95175782599356,56.51692709696319,55.95175782599356,0.4268099901679072,56.51692709696319,0.43112120218980526,,,,,,
2019-11-03 08:00:00-07:00,596.4355039439333,602.4601049938719,596.4355039439333,1.8865453598099986,602.4601049938719,1.9056013735454531,597.1180713631749,603.1495670335098,597.1180713631749,1.8865453598099986,603.1495670335098,1.9056013735454531,600.6009988075868,606.667675563219,600.6009988075868,1.8865453598099986,606.667675563219,1.9056013735454531,6.3820966,17.200746000000002,17.251074,16.3407087,16.3885203,6.062991769999999
2019-11-03 09:00:00-07:00,729.8627609603532,737.2351120811651,729.8627609603532,2.5392815943213747,737.2351120811651,2.564930903354924,730.69957477075,738.0803785563131,730.69957477075,2.5392815943213747,738.0803785563131,2.564930903354924,735.1167249127967,742.5421463765624,735.1167249127967,2.5392815943213747,742.5421463765624,2.564930903354924,25.796328,27.195210000000003,27.039922,25.835449500000003,25.6879259,24.5065116
2019-11-03 10:00:00-07:00,546.4086357320019,551.9279148808101,546.4086357320019,11.927203190986626,551.9279148808101,12.047679990895581,547.0231028803197,552.5485887679998,547.0231028803197,11.927203190986626,552.5485887679998,12.047679990895581,549.8243234282112,555.378104472941,549.8243234282112,11.927203190986626,555.378104472941,12.047679990895581,28.723102,30.480808000000003,30.368041999999996,28.956767600000003,28.849639899999996,27.2869469
2019-11-03 11:00:00-07:00,786.8970178913819,794.8454726175578,786.8970178913819,1.9042750678239924,794.8454726175578,1.9235101695191843,787.8071499682522,795.7647979477297,787.8071499682522,1.9042750678239924,795.7647979477297,1.9235101695191843,793.6199234122734,801.6362862750236,793.6199234122734,1.9042750678239924,801.6362862750236,1.9235101695191843,40.448806000000005,42.265361999999996,42.038946,40.1520939,39.936998700000004,38.426365700000005
2019-11-03 12:00:00-07:00,882.2424261890029,891.1539658474776,882.2424261890029,2.0669246442415496,891.1539658474776,2.0878026709510604,883.2645928419851,892.1864574161466,883.2645928419851,2.0669246442415496,892.1864574161466,2.0878026709510604,889.5591776632264,898.544623902249,889.5591776632264,2.0669246442415496,898.544623902249,2.0878026709510604,45.866476,47.637142,47.832899999999995,45.25528489999999,45.44125499999999,43.573152199999996
2019-11-03 13:00:00-07:00,500.18040308898156,505.2327303929107,500.18040308898156,13.719248020837899,505.2327303929107,13.857826283674646,500.748336517922,505.80640052315357,500.748336517922,13.719248020837899,505.80640052315357,13.857826283674646,504.80198598921237,509.9009959486993,504.80198598921237,13.719248020837899,509.9009959486993,13.857826283674646,33.03419999999999,35.460158,35.446104,33.6871501,33.6737988,31.38248999999999
2019-11-03 14:00:00-07:00,472.7882890942663,477.56392837804685,472.7882890942663,9.09339062348812,477.56392837804685,9.185243054028403,473.338711752431,478.1199108610413,473.338711752431,9.09339062348812,478.1199108610413,9.185243054028403,479.80243461973373,484.64892385831695,479.80243461973373,9.09339062348812,484.64892385831695,9.185243054028403,35.068056,37.223789999999994,37.06284,35.36260049999999,35.209698,33.314653199999995
2019-11-03 15:00:00-07:00,235.99009698617587,238.37383533957154,235.99009698617587,3.5776977894173916,238.37383533957154,3.613836150926658,236.2726658372971,238.6592584215122,236.2726658372971,3.5776977894173916,238.6592584215122,3.613836150926658,241.63143063147572,244.07215215300582,241.63143063147572,3.5776977894173916,244.07215215300582,3.613836150926658,21.325044,23.271781999999998,23.284156,22.1081929,22.1199482,20.258791799999997
2019-11-03 16:00:00-07:00,563.3587044765336,569.0491964409429,563.3587044765336,8.823228524432936,569.0491964409429,8.912352044881754,564.0064522719132,569.7034871433467,564.0064522719132,8.823228524432936,569.7034871433467,8.912352044881754,567.354511377046,573.0853650273193,567.354511377046,8.823228524432936,573.0853650273193,8.912352044881754,22.071431999999994,25.655635999999998,25.849248,24.372854199999995,24.556785599999998,20.967860399999992
2019-11-03 17:00:00-07:00,198.81470006962255,200.82292936325513,198.81470006962255,5.789075534231038,200.82292936325513,5.847551044677815,199.03981345445746,201.05031662066412,199.03981345445746,5.789075534231038,201.05031662066412,5.847551044677815,199.95493122761178,201.9746780076888,199.95493122761178,5.789075534231038,201.9746780076888,5.847551044677815,7.7982732,8.730774,8.7656244,8.2942353,8.32734318,7.408359539999999
2019-11-03 18:00:00-07:00,0.7332216772416452,0.7406279568097427,0.7332216772416452,0.0,0.7406279568097427,0.0,0.7341565596791026,0.7415722825041441,0.7341565596791026,0.0,0.7415722825041441,0.0,0.7658155460514632,0.7735510566176395,0.7658155460514632,0.0,0.7735510566176395,0.0,,,,,,
2019-11-03 19:00:00-07:00,,,,,,,,,,,,,,,,,,,,,,,,
2019-11-03 20:00:00-07:00,,,,,,,,,,,,,,,,,,,,,,,,
2019-11-03 21:00:00-07:00,,,,,,,,,,,,,,,,,,,,,,,,
2019-11-03 22:00:00-07:00,,,,,,,,,,,,,,,,,,,,,,,,
2019-11-03 23:00:00-07:00,,,,,,,,,,,,,,,,,,,,,,,,
2019-11-04 00:00:00-07:00,,,,,,,,,,,,,,,,,,,,,,,,
2019-11-04 01:00:00-07:00,,,,,,,,,,,,,,,,,,,,,,,,
2019-11-04 02:00:00-07:00,,,,,,,,,,,,,,,,,,,,,,,,
2019-11-04 03:00:00-07:00,,,,,,,,,,,,,,,,,,,,,,,,
2019-11-04 04:00:00-07:00,,,,,,,,,,,,,,,,,,,,,,,,
2019-11-04 05:00:00-07:00,,,,,,,,,,,,,,,,,,,,,,,,
2019-11-04 06:00:00-07:00,,,,,,,,,,,,,,,,,,,,,,,,
2019-11-04 07:00:00-07:00,26.906314500987335,27.17809545554275,26.906314500987335,0.98950909852797,27.17809545554275,0.9995041399272424,26.935843323853785,27.207922549347252,26.935843323853785,0.98950909852797,27.207922549347252,0.9995041399272424,27.037053765427725,27.310155318613866,27.037053765427725,0.98950909852797,27.310155318613866,0.9995041399272424,,,,,,
2019-11-04 08:00:00-07:00,157.12910006736038,158.71626269430342,157.12910006736038,5.884792026150132,158.71626269430342,5.944234369848618,157.3036202654426,158.89254572266927,157.3036202654426,5.884792026150132,158.89254572266927,5.944234369848618,158.46782367682124,160.06850876446592,158.46782367682124,5.884792026150132,160.06850876446592,5.944234369848618,8.079064800000001,10.5436026,10.554982,10.01642247,10.0272329,7.67511156
2019-11-04 09:00:00-07:00,446.93881878321207,451.45335230627506,446.93881878321207,13.269587578523053,451.45335230627506,13.403623816689953,447.4369145902577,451.9564793840986,447.4369145902577,13.269587578523053,451.9564793840986,13.403623816689953,449.85354109366364,454.3975162562259,449.85354109366364,13.269587578523053,454.3975162562259,13.403623816689953,25.084468,26.988592,27.034712000000003,25.6391624,25.6829764,23.8302446
2019-11-04 10:00:00-07:00,179.92555509115272,181.7429849405583,179.92555509115272,0.0,181.7429849405583,0.0,180.14873793935035,181.96842216095993,180.14873793935035,0.0,181.96842216095993,0.0,186.02941769679967,187.90850272404006,186.02941769679967,0.0,187.90850272404006,0.0,19.558506,20.415814,20.27417,19.3950233,19.2604615,18.5805807
2019-11-04 11:00:00-07:00,462.2607838897761,466.9300847371476,462.2607838897761,13.7040209978203,466.9300847371476,13.842445452343737,462.7822802726646,467.4568487602672,462.7822802726646,13.7040209978203,467.4568487602672,13.842445452343737,466.5931317118033,471.3061936482862,466.5931317118033,13.7040209978203,471.3061936482862,13.842445452343737,31.001602000000002,33.0458,33.133762000000004,31.39351,31.477073900000004,29.4515219
2019-11-04 12:00:00-07:00,846.7257127396538,855.2784977168218,846.7257127396538,2.010158884913351,855.2784977168218,2.030463520114496,847.706986287008,856.26968311819,847.706986287008,2.010158884913351,856.26968311819,2.030463520114496,853.8372968852638,862.4619160457211,853.8372968852638,2.010158884913351,862.4619160457211,2.030463520114496,44.876732000000004,46.283646000000005,46.33103,43.969463700000006,44.014478499999996,42.6328954
2019-11-04 13:00:00-07:00,884.6056928655663,893.5411039046124,884.6056928655663,2.546732879276144,893.5411039046124,2.5724574538142866,885.6320899479758,894.5778686343191,885.6320899479758,2.546732879276144,894.5778686343191,2.5724574538142866,891.7919375591991,900.799936928484,891.7919375591991,2.546732879276144,900.799936928484,2.5724574538142866,45.287014,47.11895199999999,47.47237,44.76300439999999,45.0987515,43.0226633
2019-11-04 14:00:00-07:00,819.4817732826206,827.7593669521423,819.4817732826206,3.060589866788323,827.7593669521423,3.0915049159478016,820.4334435124864,828.7206500126125,820.4334435124864,3.060589866788323,828.7206500126125,3.0915049159478016,825.9491547672786,834.2920755225036,825.9491547672786,3.060589866788323,834.2920755225038,3.0915049159478016,38.877696,40.40861400000001,40.120564,38.3881833,38.1145358,36.9338112
2019-11-04 15:00:00-07:00,641.634004430062,648.1151559899614,641.634004430062,2.850583555706538,648.1151559899614,2.8793773289965032,642.3816200409532,648.8703232736902,642.3816200409532,2.850583555706538,648.8703232736902,2.8793773289965032,647.1911713857993,653.7284559452519,647.1911713857993,2.850583555706538,653.7284559452519,2.8793773289965032,29.762480000000004,31.565211999999995,31.632507999999994,29.986951399999995,30.050882599999994,28.274356
2019-11-04 16:00:00-07:00,628.8564156128823,635.2085006190729,628.8564156128823,2.9976350452639084,635.2085006190729,3.027914187135261,629.5884965765263,635.9479763399254,629.5884965765263,2.9976350452639084,635.9479763399254,3.027914187135261,633.6988073424322,640.0998053963963,633.6988073424322,2.9976350452639084,640.0998053963963,3.027914187135261,18.614328,23.189312,23.280058,22.0298464,22.1160551,17.6836116
2019-11-04 17:00:00-07:00,188.96434067106628,190.87307138491545,188.96434067106628,1.3338082051856197,190.87307138491545,1.3472810153390098,189.18418916275004,191.09514056843435,189.18418916275004,1.3338082051856197,191.09514056843435,1.3472810153390098,190.42089500448617,192.34433838836986,190.42089500448617,1.3338082051856197,192.34433838836986,1.3472810153390098,4.7970906,5.4984628,5.4834118,5.22353966,5.209241209999999,4.557236069999999
2019-11-04 18:00:00-07:00,0.17414014833172253,0.17589913972901264,0.17414014833172253,0.0,0.17589913972901264,0.0,0.17436218291764793,0.17612341708853327,0.17436218291764793,0.0,0.17612341708853327,0.0,0.18188119218722248,0.18371837594668938,0.18188119218722248,0.0,0.18371837594668938,0.0,,,,,,
2019-11-04 19:00:00-07:00,,,,,,,,,,,,,,,,,,,,,,,,
2019-11-04 20:00:00-07:00,,,,,,,,,,,,,,,,,,,,,,,,
2019-11-04 21:00:00-07:00,,,,,,,,,,,,,,,,,,,,,,,,
2019-11-04 22:00:00-07:00,,,,,,,,,,,,,,,,,,,,,,,,
2019-11-04 23:00:00-07:00,,,,,,,,,,,,,,,,,,,,,,,,
2019-11-05 00:00:00-07:00,,,,,,,,,,,,,,,,,,,,,,,,
2019-11-05 01:00:00-07:00,,,,,,,,,,,,,,,,,,,,,,,,
2019-11-05 02:00:00-07:00,,,,,,,,,,,,,,,,,,,,,,,,
2019-11-05 03:00:00-07:00,,,,,,,,,,,,,,,,,,,,,,,,
2019-11-05 04:00:00-07:00,,,,,,,,,,,,,,,,,,,,,,,,
2019-11-05 05:00:00-07:00,,,,,,,,,,,,,,,,,,,,,,,,
2019-11-05 06:00:00-07:00,,,,,,,,,,,,,,,,,,,,,,,,
2019-11-05 07:00:00-07:00,58.758814958198386,59.35233834161454,58.758814958198386,0.36630990097030214,59.35233834161454,0.37001000098010317,58.82584290181095,59.420043335162575,58.82584290181095,0.36630990097030214,59.420043335162575,0.37001000098010317,59.19107451403403,59.78896415558991,59.19107451403403,0.36630990097030214,59.78896415558991,0.37001000098010317,,,,,,
2019-11-05 08:00:00-07:00,573.1523048828464,578.9417221038852,573.1523048828464,1.832057859171025,578.9417221038852,1.8505634941121465,573.8082465628099,579.6042894573836,573.8082465628099,1.832057859171025,579.6042894573836,1.8505634941121465,577.1548783426305,582.9847255986167,577.1548783426305,1.832057859171025,582.9847255986167,1.8505634941121465,4.6773046,16.688734000000004,16.732453999999997,15.854297300000002,15.895831299999996,4.44343937
2019-11-05 09:00:00-07:00,672.5798735294254,679.3736096256822,672.5798735294254,2.5725627000511886,679.3736096256822,2.5985481818698877,673.3510116263491,680.1525369963118,673.3510116263491,2.5725627000511886,680.1525369963118,2.5985481818698877,677.4874069418653,684.3307140826922,677.4874069418653,2.5725627000511886,684.3307140826922,2.5985481818698877,23.991198,25.597455999999998,25.75161,24.317583199999998,24.4640295,22.7916381
2019-11-05 10:00:00-07:00,826.3238885601513,834.6705945052031,826.3238885601513,2.7800468539313727,834.6705945052031,2.808128135284215,827.2733591900845,835.6296557475598,827.2733591900845,2.7800468539313727,835.6296557475598,2.808128135284215,832.3302623107232,840.7376386977003,832.3302623107232,2.7800468539313727,840.7376386977003,2.808128135284215,35.320561999999995,36.168266,36.056827999999996,34.3598527,34.2539866,33.554533899999996
2019-11-05 11:00:00-07:00,852.8852822732041,861.5002851244487,852.8852822732041,2.9500461862131515,861.5002851244487,2.979844632538537,853.8676901939313,862.4926163575063,853.8676901939313,2.9500461862131515,862.4926163575063,2.979844632538537,859.2196279378437,867.89861407863,859.2196279378437,2.9500461862131515,867.89861407863,2.979844632538537,40.611192,41.170754,41.330276000000005,39.1122163,39.2637622,38.5806324
2019-11-05 12:00:00-07:00,860.5152516642065,869.2073249133402,860.5152516642065,2.9996086998883675,869.2073249133402,3.029907777665018,861.5088574980796,870.2109671697775,861.5088574980796,2.9996086998883675,870.2109671697775,3.029907777665018,866.9299053417118,875.6867730724363,866.9299053417118,2.9996086998883675,875.6867730724363,3.029907777665018,42.967984,43.68698,44.074146000000006,41.502630999999994,41.8704387,40.8195848
2019-11-05 13:00:00-07:00,848.6295747158639,857.2015906220845,848.6295747158639,3.0568293345218893,857.2015906220845,3.087706398506959,849.6119568062562,858.1938957638952,849.6119568062562,3.0568293345218893,858.1938957638952,3.087706398506959,855.0151410469351,863.6516576231667,855.0151410469351,3.0568293345218893,863.6516576231667,3.087706398506959,42.06808399999999,42.87089400000001,43.037594,40.72734930000001,40.8857143,39.96467979999999
2019-11-05 14:00:00-07:00,810.5823772401532,818.7700780203567,810.5823772401532,3.0612024984839943,818.7700780203567,3.0921237358424185,811.5227651114947,819.7199647590857,811.5227651114947,3.0612024984839943,819.7199647590857,3.0921237358424185,816.6812516413097,824.9305572134439,816.6812516413097,3.0612024984839943,824.9305572134439,3.0921237358424185,36.699976,37.6717,37.91942,35.788115,36.023449,34.8649772
2019-11-05 15:00:00-07:00,733.8019502049019,741.2140911160626,733.8019502049019,2.964434777452092,741.2140911160626,2.994378563082921,734.6547790920155,742.0755344363793,734.6547790920155,2.964434777452092,742.0755344363793,2.994378563082921,739.3025148320094,746.7702170020295,739.3025148320094,2.964434777452092,746.7702170020295,2.994378563082921,29.593619999999998,30.739294,30.905218,29.2023293,29.3599571,28.113938999999995
2019-11-05 16:00:00-07:00,601.240371423815,607.313506488702,601.240371423815,2.597872261946281,607.313506488702,2.624113395905334,601.9401071670299,608.0203102697272,601.9401071670299,2.597872261946281,608.0203102697272,2.624113395905334,605.6998476418566,611.8180279210673,605.6998476418566,2.597872261946281,611.8180279210673,2.624113395905334,16.247028,21.318948000000002,21.46623,20.2530006,20.392918499999997,15.4346766
2019-11-05 17:00:00-07:00,195.51855888460904,197.49349382283748,195.51855888460904,1.1421617483251516,197.49349382283748,1.1536987356819712,195.746168448688,197.72340247342217,195.746168448688,1.1421617483251516,197.72340247342217,1.1536987356819712,196.9779598999896,198.96763626261574,196.9779598999896,1.1421617483251516,198.96763626261574,1.1536987356819712,4.4720144,5.1702068,5.149937800000001,4.91169646,4.89244091,4.24841368
2019-11-05 18:00:00-07:00,0.17414014831924546,0.1758991397164096,0.17414014831924549,0.0,0.1758991397164096,0.0,0.1743621829118317,0.1761234170826583,0.1743621829118317,0.0,0.1761234170826583,0.0,0.18188119218722248,0.18371837594668938,0.18188119218722248,0.0,0.18371837594668938,0.0,,,,,,
2019-11-05 19:00:00-07:00,,,,,,,,,,,,,,,,,,,,,,,,
2019-11-05 20:00:00-07:00,,,,,,,,,,,,,,,,,,,,,,,,
2019-11-05 21:00:00-07:00,,,,,,,,,,,,,,,,,,,,,,,,
2019-11-05 22:00:00-07:00,,,,,,,,,,,,,,,,,,,,,,,,
2019-11-05 23:00:00-07:00,,,,,,,,,,,,,,,,,,,,,,,,
2019-11-06 00:00:00-07:00,,,,,,,,,,,,,,,,,,,,,,,,
2019-11-06 01:00:00-07:00,,,,,,,,,,,,,,,,,,,,,,,,
2019-11-06 02:00:00-07:00,,,,,,,,,,,,,,,,,,,,,,,,
2019-11-06 03:00:00-07:00,,,,,,,,,,,,,,,,,,,,,,,,
2019-11-06 04:00:00-07:00,,,,,,,,,,,,,,,,,,,,,,,,
2019-11-06 05:00:00-07:00,,,,,,,,,,,,,,,,,,,,,,,,
2019-11-06 06:00:00-07:00,,,,,,,,,,,,,,,,,,,,,,,,
2019-11-06 07:00:00-07:00,62.4795390968732,63.11064555239717,62.4795390968732,0.37597714219201916,63.11064555239717,0.3797748911030497,62.550821581113446,63.18264806173075,62.550821581113446,0.37597714219201916,63.18264806173075,0.3797748911030497,62.9369820778385,63.57270916953384,62.9369820778385,0.37597714219201916,63.57270916953384,0.3797748911030497,,,,,,
2019-11-06 08:00:00-07:00,404.35073621025055,408.4350870810613,404.35073621025055,2.653224116432054,408.4350870810613,2.6800243600323777,404.8134431813104,408.9024678599095,404.8134431813104,2.653224116432054,408.9024678599095,2.6800243600323777,407.6120310293293,411.7293242720498,407.6120310293293,2.653224116432054,411.7293242720498,2.6800243600323777,7.156759199999999,15.491018,15.240218000000002,14.7164671,14.478207100000002,6.7989212399999985
2019-11-06 09:00:00-07:00,702.5998332514803,709.6968012641215,702.5998332514803,2.876502531046934,709.6968012641215,2.9055581121686203,703.4066975352831,710.511815692205,703.4066975352831,2.876502531046934,710.511815692205,2.9055581121686203,708.175496423479,715.3287842661402,708.175496423479,2.876502531046934,715.3287842661402,2.9055581121686203,27.123990000000003,29.50795,29.56288,28.0325525,28.084736,25.7677905
2019-11-06 10:00:00-07:00,879.1590106568855,888.0394047039247,879.1590106568855,2.883046826124613,888.0394047039247,2.912168511236983,880.1704996699856,889.0611107777628,880.1704996699856,2.883046826124613,889.0611107777628,2.912168511236983,885.9148150572304,894.863449552758,885.9148150572304,2.883046826124613,894.863449552758,2.912168511236983,38.917730000000006,40.481966,40.297852,38.4578677,38.282959399999996,36.971843500000006
2019-11-06 11:00:00-07:00,891.5789196644765,900.5847673378545,891.5789196644765,2.957192021386817,900.5847673378545,2.9870626478654714,892.6059589548483,901.6221807624729,892.6059589548483,2.957192021386817,901.6221807624729,2.9870626478654714,898.1696530417103,907.2420737795053,898.1696530417103,2.957192021386817,907.2420737795053,2.9870626478654714,42.240292,43.38986,43.10039,41.220366999999996,40.945370499999996,40.128277399999995
2019-11-06 12:00:00-07:00,804.4748296122782,812.6008379922002,804.4748296122782,2.923398403642257,812.6008379922002,2.9529276804467246,805.4048017076647,813.5402037451156,805.4048017076647,2.923398403642257,813.5402037451156,2.9529276804467246,810.8553916611036,819.0458501627309,810.8553916611036,2.923398403642257,819.0458501627309,2.9529276804467246,41.367164,42.86613799999999,42.96181,40.72283109999999,40.8137195,39.298805800000004
2019-11-06 13:00:00-07:00,813.6439276688029,821.862553200811,813.6439276688029,2.982379607058627,821.862553200811,3.0125046535945725,814.5867538338837,822.8149028625088,814.5867538338837,2.982379607058627,822.8149028625088,3.0125046535945725,820.095548640631,828.3793420612435,820.095548640631,2.982379607058627,828.3793420612435,3.0125046535945725,41.326202,42.95055,43.135498,40.8030225,40.978723099999996,39.2598919
2019-11-06 14:00:00-07:00,88.22543164711865,89.11659762335216,88.22543164711865,0.0,89.11659762335216,0.0,88.33748219346093,89.22977999339489,88.33748219346093,0.0,89.22977999339489,0.0,92.0009135509758,92.93021570805634,92.0009135509758,0.0,92.93021570805634,0.0,10.6382306,10.9987874,10.9652026,10.448848029999999,10.416942469999999,10.10631907
2019-11-06 15:00:00-07:00,28.517518797081532,28.8055745425066,28.517518797081532,0.0,28.8055745425066,0.0,28.553868596020138,28.842291511131453,28.553868596020138,0.0,28.842291511131453,0.0,29.781594522022225,30.082418709113362,29.781594522022225,0.0,30.082418709113362,0.0,3.5749684000000004,3.6636068,3.6597788,3.48042646,3.4767898600000002,3.39621998
2019-11-06 16:00:00-07:00,9.036587677828518,9.127866341240928,9.036587677828518,0.0,9.127866341240928,0.0,9.048052606979299,9.139447077756865,9.048052606979299,0.0,9.139447077756865,0.0,9.418441207278972,9.513576977049468,9.418441207278972,0.0,9.513576977049468,0.0,1.07917386,1.11665338,1.11390964,1.060820711,1.058214158,1.025215167
2019-11-06 17:00:00-07:00,2.623715147397834,2.6502173206038737,2.623715147397834,0.11895963860053936,2.6502173206038737,0.12016125111165592,2.6266580784685054,2.6531899782510155,2.6266580784685054,0.11895963860053936,2.6531899782510155,0.12016125111165592,2.6465471608329687,2.6732799604373425,2.6465471608329687,0.11895963860053936,2.6732799604373425,0.12016125111165592,0.18245682,0.19828646,0.20067553999999999,0.188372137,0.19064176299999996,0.17333397899999997
2019-11-06 18:00:00-07:00,,,,,,,,,,,,,,,,,,,,,,,,
2019-11-06 19:00:00-07:00,,,,,,,,,,,,,,,,,,,,,,,,
2019-11-06 20:00:00-07:00,,,,,,,,,,,,,,,,,,,,,,,,
2019-11-06 21:00:00-07:00,,,,,,,,,,,,,,,,,,,,,,,,
2019-11-06 22:00:00-07:00,,,,,,,,,,,,,,,,,,,,,,,,
2019-11-06 23:00:00-07:00,,,,,,,,,,,,,,,,,,,,,,,,
2019-11-07 00:00:00-07:00,,,,,,,,,,,,,,,,,,,,,,,,
2019-11-07 01:00:00-07:00,,,,,,,,,,,,,,,,,,,,,,,,
2019-11-07 02:00:00-07:00,,,,,,,,,,,,,,,,,,,,,,,,
2019-11-07 03:00:00-07:00,,,,,,,,,,,,,,,,,,,,,,,,
2019-11-07 04:00:00-07:00,,,,,,,,,,,,,,,,,,,,,,,,
2019-11-07 05:00:00-07:00,,,,,,,,,,,,,,,,,,,,,,,,
2019-11-07 06:00:00-07:00,,,,,,,,,,,,,,,,,,,,,,,,
2019-11-07 07:00:00-07:00,2.402140113307138,2.426404154855695,2.402140113307138,0.04544475858351031,2.426404154855695,0.045903796549000314,2.4049991660809096,2.4292920869504133,2.4049991660809096,0.04544475858351031,2.4292920869504133,0.045903796549000314,2.4645320315064447,2.4894262944509546,2.4645320315064447,0.04544475858351031,2.4894262944509546,0.045903796549000314,,,,,,
2019-11-07 08:00:00-07:00,51.23341079346516,51.75091999339917,51.23341079346516,0.0,51.75091999339917,0.0,51.2983809408759,51.816546404925155,51.2983809408759,0.0,51.816546404925155,0.0,53.40663082353655,53.946091740946024,53.40663082353655,0.0,53.946091740946024,0.0,6.009076,6.281863599999999,6.250745,5.967770419999999,5.93820775,5.7086222
2019-11-07 09:00:00-07:00,633.9671228926933,640.3708312047406,633.9671228926933,9.051397013612911,640.3708312047406,9.142825266275668,634.685991135339,641.0969607427666,634.685991135339,9.051397013612911,641.0969607427666,9.142825266275668,638.4453288491587,644.8942715648067,638.4453288491587,9.051397013612911,644.8942715648068,9.142825266275668,27.608784000000004,30.504157999999997,30.426622000000002,28.978950099999995,28.9052909,26.228344800000002
2019-11-07 10:00:00-07:00,892.3193904321495,901.3327176082317,892.3193904321495,2.905382428210038,901.3327176082317,2.9347297254646847,893.3459152047856,902.369611317965,893.3459152047856,2.905382428210038,902.369611317965,2.9347297254646847,899.1298852107308,908.2120052633645,899.1298852107308,2.905382428210038,908.2120052633645,2.9347297254646847,39.37582,40.67667000000001,40.532512000000004,38.64283650000001,38.5058864,37.407028999999994
2019-11-07 11:00:00-07:00,918.7704498750174,928.0509594697147,918.7704498750174,2.832229375769872,928.0509594697147,2.860837753302901,919.8285295823586,929.1197268508672,919.8285295823586,2.832229375769872,929.1197268508672,2.860837753302901,925.3929688431358,934.7403725688242,925.3929688431358,2.832229375769872,934.7403725688242,2.860837753302901,42.051806,43.150518,42.904212,40.992992099999995,40.7590014,39.949215699999996
2019-11-07 12:00:00-07:00,928.4140504743385,937.7919701760994,928.4140504743385,2.8945927919907217,937.7919701760994,2.923831103020931,929.4858355445853,938.874581358167,929.4858355445853,2.8945927919907217,938.874581358167,2.923831103020931,935.136802441526,944.5826287288141,935.136802441526,2.8945927919907217,944.5826287288141,2.923831103020931,45.085698,45.73468799999999,46.105666,43.44795359999999,43.8003827,42.8314131
2019-11-07 13:00:00-07:00,913.0944727439907,922.3176492363546,913.0944727439907,2.9848659933247492,922.3176492363546,3.015016154873484,914.1512641838689,923.3851153372409,914.1512641838689,2.9848659933247492,923.3851153372409,3.015016154873484,919.785735170387,929.076500172108,919.785735170387,2.9848659933247492,929.076500172108,3.015016154873484,43.917178,44.633702,45.068918000000004,42.4020169,42.8154721,41.721319099999995
2019-11-07 14:00:00-07:00,878.6764501855245,887.5519698843681,878.6764501855245,2.9911867122604927,887.5519698843681,3.021400719455043,879.6957257094143,888.5815411206204,879.6957257094143,2.9911867122604927,888.5815411206204,3.021400719455043,885.1361199418452,894.076888830147,885.1361199418452,2.9911867122604927,894.076888830147,3.021400719455043,39.33048599999999,40.807292,40.432876,38.76692739999999,38.4112322,37.36396169999999
2019-11-07 15:00:00-07:00,799.0849130481133,807.1564778263772,799.0849130481133,2.9635071932391983,807.1564778263772,2.993441609332524,800.0136660664446,808.0946121883278,800.0136660664446,2.9635071932391983,808.0946121883278,2.993441609332524,805.002790243369,813.1341315589585,805.002790243369,2.9635071932391983,813.1341315589585,2.993441609332524,31.613846000000002,32.947246,33.097015999999996,31.2998837,31.442165199999994,30.0331537
2019-11-07 16:00:00-07:00,630.8023109943642,637.1740515094591,630.8023109943642,2.6887595542304283,637.1740515094591,2.7159187416468975,631.5364770462235,637.9156333800237,631.5364770462235,2.6887595542304283,637.9156333800237,2.7159187416468975,635.4890155689977,641.9080965343412,635.4890155689977,2.6887595542304283,641.9080965343412,2.7159187416468975,15.573112,22.627676,22.706802000000003,21.4962922,21.571461900000003,14.7944564
2019-11-07 17:00:00-07:00,167.8724375302955,169.56811871747018,167.8724375302955,1.2177142670249312,169.56811871747018,1.2300144111362943,168.06769847425468,169.76535199419655,168.06769847425468,1.2177142670249312,169.76535199419655,1.2300144111362943,169.1689319220411,170.87770901216274,169.1689319220411,1.2177142670249312,170.87770901216274,1.2300144111362943,4.182754399999999,4.6862866,4.6911746,4.45197227,4.45661587,3.9736166799999992
2019-11-07 18:00:00-07:00,0.09165270962967494,0.09257849457542923,0.09165270962967494,0.0,0.09257849457542923,0.0,0.09176956994798656,0.0926965353009965,0.09176956994798656,0.0,0.0926965353009965,0.0,0.0957269432564329,0.09669388207720493,0.0957269432564329,0.0,0.09669388207720493,0.0,,,,,,
2019-11-07 19:00:00-07:00,,,,,,,,,,,,,,,,,,,,,,,,
2019-11-07 20:00:00-07:00,,,,,,,,,,,,,,,,,,,,,,,,
2019-11-07 21:00:00-07:00,,,,,,,,,,,,,,,,,,,,,,,,
2019-11-07 22:00:00-07:00,,,,,,,,,,,,,,,,,,,,,,,,
2019-11-07 23:00:00-07:00,,,,,,,,,,,,,,,,,,,,,,,,
2019-11-08 00:00:00-07:00,,,,,,,,,,,,,,,,,,,,,,,,
2019-11-08 01:00:00-07:00,,,,,,,,,,,,,,,,,,,,,,,,
2019-11-08 02:00:00-07:00,,,,,,,,,,,,,,,,,,,,,,,,
2019-11-08 03:00:00-07:00,,,,,,,,,,,,,,,,,,,,,,,,
2019-11-08 04:00:00-07:00,,,,,,,,,,,,,,,,,,,,,,,,
2019-11-08 05:00:00-07:00,,,,,,,,,,,,,,,,,,,,,,,,
2019-11-08 06:00:00-07:00,,,,,,,,,,,,,,,,,,,,,,,,
2019-11-08 07:00:00-07:00,46.15953075680044,46.62578864323278,46.15953075680044,0.2783323451427759,46.62578864323278,0.2811437829725009,46.212195198727336,46.67898504921953,46.212195198727336,0.2783323451427759,46.67898504921953,0.2811437829725009,46.49708801117665,46.966755566845094,46.49708801117665,0.2783323451427759,46.966755566845094,0.2811437829725009,,,,,,
2019-11-08 08:00:00-07:00,617.4859009466695,623.7231322693631,617.4859009466695,1.6608212004688567,623.7231322693631,1.677597172190764,618.1927437251359,624.4371148738747,618.1927437251359,1.6608212004688567,624.4371148738747,1.677597172190764,621.7222556729413,628.0022784575166,621.7222556729413,1.6608212004688567,628.0022784575166,1.677597172190764,4.151846399999999,17.353379999999998,17.354092,16.485711,16.4863874,3.944254079999999
2019-11-08 09:00:00-07:00,828.3321084969306,836.699099491849,828.3321084969306,2.273822474072752,836.699099491849,2.296790377851265,829.2819818183635,837.6585674932967,829.2819818183635,2.273822474072752,837.6585674932967,2.296790377851265,834.0952261529555,842.520430457531,834.0952261529555,2.273822474072752,842.520430457531,2.296790377851265,26.631245999999997,29.593854,29.819257999999998,28.1141613,28.3282951,25.299683699999996
2019-11-08 10:00:00-07:00,902.578754931,911.6957120515158,902.578754931,2.5463742012671733,911.6957120515158,2.5720951527951246,903.6157871883744,912.7432193821962,903.6157871883744,2.5463742012671733,912.7432193821962,2.5720951527951246,908.9297578781094,918.1108665435445,908.9297578781094,2.5463742012671733,918.1108665435445,2.5720951527951246,37.07847400000001,37.762342000000004,37.74688200000001,35.8742249,35.85953790000001,35.224550300000004
2019-11-08 11:00:00-07:00,926.7220966651121,936.0829259243561,926.7220966651121,2.7411451228190633,936.0829259243561,2.768833457392993,927.7892542176706,937.1608628461322,927.7892542176706,2.7411451228190633,937.1608628461322,2.768833457392993,933.3313725744421,942.7589621964064,933.3313725744421,2.7411451228190633,942.7589621964064,2.768833457392993,42.184348,42.90438199999999,43.29819,40.75916289999999,41.1332805,40.0751306
2019-11-08 12:00:00-07:00,931.8801654279733,941.293096391892,931.8801654279733,2.7454892720006954,941.293096391892,2.773221486869389,932.9558076238794,942.3796036604841,932.9558076238794,2.7454892720006954,942.3796036604841,2.773221486869389,938.5225788757535,948.0026049250038,938.5225788757535,2.7454892720006954,948.0026049250038,2.773221486869389,44.810044,44.98363200000001,45.431162,42.73445040000001,43.1596039,42.569541799999996
2019-11-08 13:00:00-07:00,926.6784697984824,936.0388583823056,926.6784697984824,2.720446986046904,936.0388583823056,2.7479262485322264,927.7507313403694,937.1219508488581,927.7507313403694,2.720446986046904,937.1219508488581,2.7479262485322264,933.274191144166,942.7012031759256,933.274191144166,2.720446986046904,942.7012031759256,2.7479262485322264,43.983954,44.087765999999995,44.394549999999995,41.88337769999999,42.17482249999999,41.7847563
2019-11-08 14:00:00-07:00,901.7938825901585,910.9029117072308,901.7938825901585,2.70213843731364,910.9029117072308,2.729432764963273,902.8397814078463,911.9593751594406,902.8397814078463,2.70213843731364,911.9593751594406,2.729432764963273,908.2232978077742,917.3972705129031,908.2232978077742,2.70213843731364,917.3972705129031,2.729432764963273,39.25836400000001,40.172340000000005,40.15358,38.163723000000005,38.145900999999995,37.2954458
2019-11-08 15:00:00-07:00,853.0523161495142,861.6690062116305,853.0523161495142,2.521066684189625,861.6690062116305,2.5465320042319446,854.0437141720367,862.6704183555926,854.0437141720367,2.521066684189625,862.6704183555926,2.5465320042319446,859.0966181990806,867.7743618172533,859.0966181990806,2.521066684189625,867.7743618172533,2.5465320042319446,32.238022,33.802592,33.803282,32.1124624,32.1131179,30.6261209
2019-11-08 16:00:00-07:00,740.7786281901462,748.2612405961073,740.7786281901462,2.1029100114142385,748.2612405961073,2.124151526681049,741.6410956140247,749.132419812146,741.6410956140247,2.1029100114142385,749.132419812146,2.124151526681049,745.9703146558859,753.5053683392788,745.9703146558859,2.1029100114142385,753.5053683392788,2.124151526681049,14.680962,24.123635999999998,24.010244,22.917454199999998,22.809731799999998,13.946913899999998
2019-11-08 17:00:00-07:00,221.89496360674187,224.13632687549682,221.89496360674187,0.9164527188570087,224.13632687549682,0.9257098170272817,222.15349753472026,224.3974722572931,222.15349753472026,0.9164527188570087,224.3974722572931,0.9257098170272817,223.48037965366947,225.73775722592876,223.48037965366947,0.9164527188570087,225.73775722592876,0.9257098170272817,4.2166027999999995,4.7522894,4.759670000000001,4.51467493,4.5216865,4.005772659999999
2019-11-08 18:00:00-07:00,0.10998325154905474,0.1110941934838937,0.10998325154905474,0.0,0.1110941934838937,0.0,0.11012348393452856,0.11123584235810968,0.11012348393452856,0.0,0.11123584235810968,0.0,0.11487233190771945,0.11603265849264592,0.11487233190771945,0.0,0.11603265849264592,0.0,,,,,,
2019-11-08 19:00:00-07:00,,,,,,,,,,,,,,,,,,,,,,,,
2019-11-08 20:00:00-07:00,,,,,,,,,,,,,,,,,,,,,,,,
2019-11-08 21:00:00-07:00,,,,,,,,,,,,,,,,,,,,,,,,
2019-11-08 22:00:00-07:00,,,,,,,,,,,,,,,,,,,,,,,,
2019-11-08 23:00:00-07:00,,,,,,,,,,,,,,,,,,,,,,,,
2019-11-09 00:00:00-07:00,,,,,,,,,,,,,,,,,,,,,,,,
2019-11-09 01:00:00-07:00,,,,,,,,,,,,,,,,,,,,,,,,
2019-11-09 02:00:00-07:00,,,,,,,,,,,,,,,,,,,,,,,,
2019-11-09 03:00:00-07:00,,,,,,,,,,,,,,,,,,,,,,,,
2019-11-09 04:00:00-07:00,,,,,,,,,,,,,,,,,,,,,,,,
2019-11-09 05:00:00-07:00,,,,,,,,,,,,,,,,,,,,,,,,
2019-11-09 06:00:00-07:00,,,,,,,,,,,,,,,,,,,,,,,,
2019-11-09 07:00:00-07:00,42.992529721035815,43.42679769801597,42.992529721035815,0.3587719957139078,43.42679769801597,0.36239595526657353,43.041527716671965,43.476290622900976,43.041527716671965,0.3587719957139078,43.476290622900976,0.36239595526657353,43.323955028862194,43.76157073622443,43.323955028862194,0.3587719957139078,43.76157073622443,0.36239595526657353,,,,,,
2019-11-09 08:00:00-07:00,577.6709870606686,583.506047536029,577.6709870606686,2.240158408797331,583.506047536029,2.262786271512456,578.3321648731335,584.1739039122558,578.3321648731335,2.240158408797331,584.1739039122558,2.262786271512456,581.8330173675954,587.7101185531266,581.8330173675954,2.240158408797331,587.7101185531266,2.262786271512456,5.6119778,17.824531999999998,17.935184,16.9333054,17.038424799999998,5.33137891
2019-11-09 09:00:00-07:00,759.378865065623,767.0493586521445,759.378865065623,2.760137818642355,767.0493586521445,2.7880179986286415,760.2498865900317,767.9291783737694,760.2498865900317,2.760137818642355,767.9291783737694,2.7880179986286415,764.9516619750528,772.6784464394474,764.9516619750528,2.760137818642355,772.6784464394474,2.7880179986286415,26.147278,29.32584,29.537182,27.859547999999997,28.0603229,24.839914099999998
2019-11-09 10:00:00-07:00,875.3579072219164,884.1999062847641,875.3579072219164,2.938696644601749,884.1999062847641,2.9683804490926757,876.3642860745886,885.2164505803921,876.3642860745886,2.938696644601749,885.2164505803921,2.9683804490926757,881.8636685330531,890.7713823566193,881.8636685330531,2.938696644601749,890.7713823566193,2.9683804490926757,37.353394,38.963966,38.623902,37.0157677,36.6927069,35.4857243
2019-11-09 11:00:00-07:00,923.2681963876817,932.5941377653352,923.2681963876817,2.977331706997014,932.5941377653353,3.007405764643449,924.3318919994548,933.6685777772269,924.3318919994548,2.977331706997014,933.6685777772269,3.007405764643449,930.0962123550468,939.4911235909565,930.0962123550468,2.977331706997014,939.4911235909565,3.007405764643449,43.910897999999996,44.622463999999994,44.853916000000005,42.391340799999995,42.611220200000005,41.715353099999994
2019-11-09 12:00:00-07:00,938.0018743679396,947.4766407756966,938.0018743679396,2.905109066261521,947.4766407756966,2.934453602284365,939.0847538815533,948.5704584662161,939.0847538815533,2.905109066261521,948.5704584662161,2.934453602284365,944.7930768426593,954.3364412552114,944.7930768426593,2.905109066261521,954.3364412552114,2.934453602284365,45.846109999999996,46.518632,46.639877999999996,44.19270039999999,44.307884099999995,43.55380449999999
2019-11-09 13:00:00-07:00,935.6901453108253,945.1415609200259,935.6901453108253,2.715568275931531,945.1415609200259,2.7429982585166983,936.7728322573337,946.2351840983164,936.7728322573337,2.715568275931531,946.2351840983164,2.7429982585166983,942.3406110976166,951.8592031289056,942.3406110976166,2.715568275931531,951.8592031289056,2.7429982585166983,43.905471999999996,44.655484,44.77525599999999,42.4227098,42.53649319999999,41.710198399999996
2019-11-09 14:00:00-07:00,913.799922708948,923.0302249585332,913.799922708948,2.660819917885681,923.0302249585332,2.687696886753213,914.8597324798423,924.1007398786287,914.8597324798423,2.660819917885681,924.1007398786287,2.687696886753213,920.2868728265669,929.5826998248152,920.2868728265669,2.660819917885681,929.5826998248152,2.687696886753213,39.860168,40.48172,40.659652,38.457634,38.6266694,37.8671596
2019-11-09 15:00:00-07:00,869.322734329217,878.1037720497144,869.322734329217,2.504530714813662,878.1037720497144,2.5298290048622847,870.333041477595,879.1242843208033,870.333041477595,2.504530714813662,879.1242843208033,2.5298290048622847,875.4649925489462,884.3080732817638,875.4649925489462,2.504530714813662,884.3080732817638,2.5298290048622847,32.67714,34.07612,34.206314,32.372314,32.4959983,31.043283
2019-11-09 16:00:00-07:00,763.930390477182,771.6468590678605,763.930390477182,2.1131311695177244,771.6468590678605,2.134475928805782,764.8198222611851,772.5452750112979,764.8198222611851,2.1131311695177244,772.5452750112979,2.134475928805782,769.2737060817611,777.0441475573344,769.2737060817611,2.1131311695177244,777.0441475573344,2.134475928805782,13.837976000000001,24.834186,24.85033,23.5924767,23.6078135,13.1460772
2019-11-09 17:00:00-07:00,217.94734935697258,220.1488377343157,217.94734935697258,0.9071076086162798,220.1488377343157,0.916270311733616,218.20127091736578,220.40532415895524,218.20127091736578,0.9071076086162798,220.40532415895524,0.916270311733616,219.50553869543856,221.72276635902884,219.50553869543856,0.9071076086162798,221.72276635902884,0.916270311733616,4.076541400000001,4.512672,4.5553922,4.2870384,4.32762259,3.8727143300000004
2019-11-09 18:00:00-07:00,0.0824874386572092,0.08332064510829211,0.0824874386572092,0.0,0.08332064510829211,0.0,0.0825926129487608,0.08342688176642506,0.0825926129487608,0.0,0.08342688176642506,0.0,0.0861542489307896,0.08702449386948444,0.0861542489307896,0.0,0.08702449386948444,0.0,,,,,,
2019-11-09 19:00:00-07:00,,,,,,,,,,,,,,,,,,,,,,,,
2019-11-09 20:00:00-07:00,,,,,,,,,,,,,,,,,,,,,,,,
2019-11-09 21:00:00-07:00,,,,,,,,,,,,,,,,,,,,,,,,
2019-11-09 22:00:00-07:00,,,,,,,,,,,,,,,,,,,,,,,,
2019-11-09 23:00:00-07:00,,,,,,,,,,,,,,,,,,,,,,,,
2019-11-10 00:00:00-07:00,,,,,,,,,,,,,,,,,,,,,,,,
2019-11-10 01:00:00-07:00,,,,,,,,,,,,,,,,,,,,,,,,
2019-11-10 02:00:00-07:00,,,,,,,,,,,,,,,,,,,,,,,,
2019-11-10 03:00:00-07:00,,,,,,,,,,,,,,,,,,,,,,,,
2019-11-10 04:00:00-07:00,,,,,,,,,,,,,,,,,,,,,,,,
2019-11-10 05:00:00-07:00,,,,,,,,,,,,,,,,,,,,,,,,
2019-11-10 06:00:00-07:00,,,,,,,,,,,,,,,,,,,,,,,,
2019-11-10 07:00:00-07:00,37.18065528699659,37.55621746161272,37.18065528699659,0.3626713248921492,37.55621746161272,0.3663346716082315,37.22300143379108,37.59899134726372,37.22300143379108,0.3626713248921492,37.59899134726372,0.3663346716082315,37.47606481745822,37.85461092672548,37.47606481745822,0.3626713248921492,37.85461092672548,0.3663346716082315,,,,,,
2019-11-10 08:00:00-07:00,629.1308377304259,635.4856946771977,629.1308377304259,2.34487249080411,635.4856946771977,2.368558071519303,629.8510248935485,636.2131564581297,629.8510248935485,2.34487249080411,636.2131564581297,2.368558071519303,633.6585378875388,640.0591291793321,633.6585378875388,2.34487249080411,640.0591291793321,2.368558071519303,5.9380194,19.24201,19.202617999999998,18.2799095,18.242487099999998,5.64111843
2019-11-10 09:00:00-07:00,848.4598675534811,857.0301692459404,848.4598675534811,2.762653915531377,857.0301692459404,2.7905595106377548,849.4348370774181,858.0149869468869,849.4348370774181,2.762653915531377,858.0149869468869,2.7905595106377548,855.1001585160909,863.7375338546374,855.1001585160909,2.762653915531377,863.7375338546374,2.7905595106377548,30.437152000000005,34.776785999999994,34.772825999999995,33.03794669999999,33.03418469999999,28.915294400000004
2019-11-10 10:00:00-07:00,864.3308804036527,873.061495357225,864.3308804036527,9.398384744438786,873.061495357225,9.493317923675543,865.3169001221786,874.0574748708876,865.3169001221786,9.398384744438786,874.0574748708876,9.493317923675543,870.6675607586926,879.462182584538,870.6675607586926,9.398384744438786,879.462182584538,9.493317923675543,41.666752,44.318572,44.256730000000005,42.1026434,42.0438935,39.5834144
2019-11-10 11:00:00-07:00,913.7722769982448,923.0022999982272,913.7722769982448,1.6907461541182984,923.0022999982272,1.7078243980992915,914.8292181855838,924.0699173591757,914.8292181855838,1.6907461541182984,924.0699173591757,1.7078243980992915,921.380380955157,930.6872534900577,921.380380955157,1.6907461541182984,930.6872534900577,1.7078243980992915,46.07226,47.92704,47.783905999999995,45.530688,45.39471069999999,43.768647
2019-11-10 12:00:00-07:00,964.0771471385935,973.8153001399938,964.0771471385935,2.9309939323199794,973.8153001399938,2.960599931636343,965.1915110143161,974.9409202164812,965.1915110143161,2.9309939323199794,974.9409202164813,2.960599931636343,971.475786789556,981.2886735248043,971.475786789556,2.9309939323199794,981.2886735248043,2.960599931636343,48.29374,49.27563,49.252027999999996,46.811848499999996,46.78942659999999,45.879053
2019-11-10 13:00:00-07:00,951.2886011821478,960.8975769516645,951.2886011821478,3.076951944713133,960.8975769516645,3.108032267387003,952.3902435279698,962.0103469979492,952.3902435279698,3.076951944713133,962.0103469979492,3.108032267387003,958.4671703697336,968.1486569391249,958.4671703697336,3.076951944713133,968.1486569391249,3.108032267387003,46.891372000000004,48.02162,48.188828,45.620538999999994,45.779386599999995,44.5468034
2019-11-10 14:00:00-07:00,970.876150627524,980.6829804318423,970.876150627524,2.2607782100274942,980.6829804318423,2.2836143535631255,972.0058351051364,981.824075863774,972.0058351051364,2.2607782100274942,981.824075863774,2.2836143535631255,978.7848923695007,988.6716084540412,978.7848923695007,2.2607782100274942,988.6716084540412,2.2836143535631255,45.898378,48.066382,47.975708,45.66306289999999,45.576922599999996,43.6034591
2019-11-10 15:00:00-07:00,494.8656623102042,499.8643053638429,494.8656623102042,13.585056157294654,499.8643053638429,13.722278946762275,495.42628632620955,500.43059224869654,495.42628632620955,13.585056157294654,500.43059224869654,13.722278946762275,498.221750125854,503.25429305641825,498.221750125854,13.585056157294654,503.25429305641825,13.722278946762275,28.086130000000004,30.423858000000003,30.446868000000002,28.9026651,28.9245246,26.681823500000004
2019-11-10 16:00:00-07:00,122.62760746431006,123.86627016596977,122.62760746431006,3.5999606065095264,123.86627016596977,3.6363238449591178,122.77018198802024,124.01028483638412,122.77018198802024,3.5999606065095264,124.01028483638412,3.6363238449591178,124.73466578802675,125.99461190709775,124.73466578802675,3.5999606065095264,125.99461190709775,3.6363238449591178,10.352762199999999,11.908809999999999,11.903194000000001,11.313369499999999,11.308034300000001,9.835124089999999
2019-11-10 17:00:00-07:00,129.5304904210204,130.83887921315193,129.5304904210204,1.3496620782947073,130.83887921315193,1.3632950285805125,129.68087963190658,130.99078750697637,129.68087963190658,1.3496620782947073,130.99078750697637,1.3632950285805125,130.6073630951342,131.9266293890244,130.6073630951342,1.3496620782947073,131.9266293890244,1.3632950285805125,3.7133086,4.091666399999999,4.1101948,3.887083079999999,3.9046850600000003,3.5276431699999997
2019-11-10 18:00:00-07:00,,,,,,,,,,,,,,,,,,,,,,,,
2019-11-10 19:00:00-07:00,,,,,,,,,,,,,,,,,,,,,,,,
2019-11-10 20:00:00-07:00,,,,,,,,,,,,,,,,,,,,,,,,
2019-11-10 21:00:00-07:00,,,,,,,,,,,,,,,,,,,,,,,,
2019-11-10 22:00:00-07:00,,,,,,,,,,,,,,,,,,,,,,,,
2019-11-10 23:00:00-07:00,,,,,,,,,,,,,,,,,,,,,,,,
2019-11-11 00:00:00-07:00,,,,,,,,,,,,,,,,,,,,,,,,
2019-11-11 01:00:00-07:00,,,,,,,,,,,,,,,,,,,,,,,,
2019-11-11 02:00:00-07:00,,,,,,,,,,,,,,,,,,,,,,,,
2019-11-11 03:00:00-07:00,,,,,,,,,,,,,,,,,,,,,,,,
2019-11-11 04:00:00-07:00,,,,,,,,,,,,,,,,,,,,,,,,
2019-11-11 05:00:00-07:00,,,,,,,,,,,,,,,,,,,,,,,,
2019-11-11 06:00:00-07:00,,,,,,,,,,,,,,,,,,,,,,,,
2019-11-11 07:00:00-07:00,1.1808298875740078,1.1927574621959676,1.1808298875740078,0.0,1.1927574621959676,0.0,1.182292220312907,1.194234565972633,1.182292220312907,0.0,1.194234565972633,0.0,1.2206907064753139,1.2330209156316303,1.2206907064753139,0.0,1.2330209156316303,0.0,,,,,,
2019-11-11 08:00:00-07:00,36.23902938508559,36.60508018695514,36.23902938508559,0.0,36.60508018695514,0.0,36.28495384377273,36.65146852906337,36.28495384377273,0.0,36.65146852906337,0.0,37.76697230848615,38.14845687725874,37.76697230848615,0.0,38.14845687725874,0.0,4.2353152000000005,4.404993,4.411057999999999,4.18474335,4.190505099999998,4.02354944
2019-11-11 09:00:00-07:00,80.0548375754291,80.86347229841326,80.0548375754291,0.0,80.86347229841326,0.0,80.1565628349365,80.96622508579443,80.1565628349365,0.0,80.96622508579443,0.0,83.50993963234544,84.35347437610649,83.50993963234544,0.0,84.35347437610649,0.0,9.5638068,9.9172268,9.899779599999999,9.421365459999999,9.404790619999998,9.085616459999999
2019-11-11 10:00:00-07:00,181.8347789805826,183.67149391978043,181.8347789805826,0.0,183.67149391978043,0.0,182.06498936381757,183.90402966042177,182.06498936381757,0.0,183.90402966042177,0.0,189.420804380371,191.33414583875864,189.420804380371,0.0,191.33414583875864,0.0,20.570696000000005,21.511128000000003,21.424642000000002,20.435571600000003,20.353409900000003,19.542161200000002
2019-11-11 11:00:00-07:00,259.14422102114185,261.76183941529484,259.14422102114185,0.0,261.76183941529484,0.0,259.4712879283415,262.09221002862773,259.4712879283415,0.0,262.09221002862773,0.0,269.62411552535724,272.34759143975486,269.62411552535724,0.0,272.34759143975486,0.0,27.923161999999998,29.592868,29.520308,28.1132246,28.0442926,26.527003899999997
2019-11-11 12:00:00-07:00,580.9571536362804,586.8254077134146,580.9571536362804,15.887777852991686,586.8254077134146,16.04826045756736,581.6173498446497,587.4922725703532,581.6173498446497,15.887777852991686,587.4922725703532,16.04826045756736,586.9681482212329,592.8971194153869,586.9681482212329,15.887777852991686,592.8971194153869,16.04826045756736,40.94902,44.03920599999999,43.943124,41.83724569999999,41.745967799999995,38.901568999999995
2019-11-11 13:00:00-07:00,332.4360544762456,335.79399442045013,332.4360544762456,0.0,335.79399442045013,0.0,332.85323236744546,336.2153862297429,332.85323236744546,0.0,336.2153862297429,0.0,345.0360979292855,348.5213110396824,345.0360979292855,0.0,348.5213110396824,0.0,33.986764,36.222623999999996,36.125952,34.4114928,34.3196544,32.2874258
2019-11-11 14:00:00-07:00,539.3865827764236,544.8349320973975,539.3865827764236,14.102514409831258,544.8349320973975,14.244964050334605,540.0011284740173,545.4556853272899,540.0011284740173,14.102514409831258,545.4556853272899,14.244964050334605,544.3714731835853,549.8701749329146,544.3714731835853,14.102514409831258,549.8701749329146,14.244964050334605,34.196316,36.541552,36.76898,34.7144744,34.930530999999995,32.4865002
2019-11-11 15:00:00-07:00,781.4522203495882,789.3456771207963,781.4522203495882,2.9859733648139652,789.3456771207963,3.016134711933298,782.360384433565,790.2630145793586,782.360384433565,2.9859733648139652,790.2630145793586,3.016134711933298,787.2710044558579,795.223236824099,787.2710044558579,2.9859733648139652,795.223236824099,3.016134711933298,30.739475999999996,32.929222,32.836968,31.2827609,31.195119599999998,29.202502199999994
2019-11-11 16:00:00-07:00,682.7508229392442,689.6472958982266,682.7508229392442,2.4947473459836895,689.6472958982266,2.519946814124939,683.5454738751753,690.4499736112881,683.5454738751753,2.4947473459836895,690.4499736112881,2.519946814124939,687.6940931332589,694.6404981144029,687.6940931332589,2.4947473459836895,694.6404981144029,2.519946814124939,11.928749999999999,23.70357,23.675662,22.5183915,22.4918789,11.332312499999999
2019-11-11 17:00:00-07:00,162.9198999683236,164.56555552355917,162.9198999683236,0.9795431417315589,164.56555552355917,0.9894375169005647,163.1094981131353,164.7570688011467,163.1094981131353,0.9795431417315589,164.7570688011467,0.9894375169005647,164.13733543276365,165.79528831592287,164.13733543276365,0.9795431417315589,165.79528831592287,0.9894375169005647,3.3659394,3.7292676,3.725639,3.54280422,3.53935705,3.1976424299999997
2019-11-11 18:00:00-07:00,0.01833054192201162,0.01851569891112285,0.01833054192201162,0.0,0.01851569891112285,0.0,0.018353913987768734,0.01853930705835225,0.018353913987768734,0.0,0.01853930705835225,0.0,0.019145388651286576,0.019338776415440982,0.019145388651286576,0.0,0.019338776415440986,0.0,,,,,,
2019-11-11 19:00:00-07:00,,,,,,,,,,,,,,,,,,,,,,,,
2019-11-11 20:00:00-07:00,,,,,,,,,,,,,,,,,,,,,,,,
2019-11-11 21:00:00-07:00,,,,,,,,,,,,,,,,,,,,,,,,
2019-11-11 22:00:00-07:00,,,,,,,,,,,,,,,,,,,,,,,,
2019-11-11 23:00:00-07:00,,,,,,,,,,,,,,,,,,,,,,,,
2019-11-12 00:00:00-07:00,,,,,,,,,,,,,,,,,,,,,,,,
2019-11-12 01:00:00-07:00,,,,,,,,,,,,,,,,,,,,,,,,
2019-11-12 02:00:00-07:00,,,,,,,,,,,,,,,,,,,,,,,,
2019-11-12 03:00:00-07:00,,,,,,,,,,,,,,,,,,,,,,,,
2019-11-12 04:00:00-07:00,,,,,,,,,,,,,,,,,,,,,,,,
2019-11-12 05:00:00-07:00,,,,,,,,,,,,,,,,,,,,,,,,
2019-11-12 06:00:00-07:00,,,,,,,,,,,,,,,,,,,,,,,,
2019-11-12 07:00:00-07:00,25.054885443661547,25.307965094607628,25.054885443661547,0.2574860963801333,25.307965094607628,0.2600869660405387,25.08341372938176,25.336781544830057,25.08341372938176,0.2574860963801333,25.336781544830057,0.2600869660405387,25.255647372445697,25.510754921662322,25.255647372445697,0.2574860963801333,25.510754921662322,0.2600869660405387,,,,,,
2019-11-12 08:00:00-07:00,602.633683588864,608.7208925140043,602.633683588864,1.7541397547020274,608.7208925140043,1.7718583380828563,603.3235607002144,609.4177380810247,603.3235607002144,1.7541397547020274,609.4177380810247,1.7718583380828563,606.8010237123816,612.9303269822037,606.8010237123816,1.7541397547020274,612.9303269822037,1.7718583380828563,4.4115628,17.315428,17.305557999999998,16.4496566,16.440280099999995,4.19098466
2019-11-12 09:00:00-07:00,839.2492712426669,847.7265366087547,839.2492712426669,2.414267124936317,847.7265366087547,2.4386536615518355,840.211793046763,848.6987808553158,840.211793046763,2.414267124936317,848.6987808553158,2.4386536615518355,845.1364849271908,853.6732170981724,845.1364849271908,2.414267124936317,853.6732170981724,2.4386536615518355,25.422138,30.657034000000003,30.47388,29.1241823,28.950186,24.1510311
2019-11-12 10:00:00-07:00,914.3927003242184,923.6289902264831,914.3927003242184,2.671692405317741,923.6289902264831,2.698679197290647,915.4434681392487,924.6903718578267,915.4434681392487,2.671692405317741,924.6903718578267,2.698679197290647,920.8827111630412,930.1845567303448,920.8827111630412,2.671692405317741,930.1845567303448,2.698679197290647,37.62438399999999,39.03829400000001,39.070615999999994,37.086379300000004,37.11708519999999,35.74316479999999
2019-11-12 11:00:00-07:00,937.9129053432442,947.3867730739838,937.9129053432442,2.7921626605840437,947.3867730739838,2.8203663238222663,938.993054005777,948.4778323290678,938.993054005777,2.7921626605840437,948.4778323290678,2.8203663238222663,944.6244038888249,954.1660645341665,944.6244038888249,2.7921626605840437,954.1660645341665,2.8203663238222663,43.067082,44.014834,44.024806,41.8140923,41.823565699999996,40.9137279
2019-11-12 12:00:00-07:00,944.0833251177912,953.6195203210008,944.0833251177912,2.858653544105424,953.6195203210008,2.8875288324297212,945.1731661162319,954.7203698143755,945.1731661162319,2.858653544105424,954.7203698143755,2.8875288324297212,950.8742821356568,960.4790728642998,950.8742821356568,2.858653544105424,960.4790728642998,2.8875288324297212,45.756586,46.495266,46.289156000000006,44.1705027,43.974698200000006,43.4687567
2019-11-12 13:00:00-07:00,934.1182004168677,943.5537377948161,934.1182004168677,2.8840364206679614,943.5537377948161,2.9131681016848097,935.1991423680771,944.645598351593,935.1991423680771,2.8840364206679614,944.645598351593,2.9131681016848097,940.8563518905222,950.3599514045678,940.8563518905222,2.8840364206679614,950.3599514045678,2.9131681016848097,44.516926,45.462084,45.31884999999999,43.1889798,43.05290749999999,42.2910797
2019-11-12 14:00:00-07:00,898.5674724508149,907.6439115664798,898.5674724508149,3.0053230257282357,907.6439115664798,3.035679823967915,899.6097608700803,908.6967281515964,899.6097608700803,3.0053230257282357,908.6967281515964,3.035679823967915,905.1633465467984,914.3064106533318,905.1633465467984,3.0053230257282357,914.3064106533318,3.035679823967915,40.775231999999995,41.713063999999996,41.485304,39.62741079999999,39.4110388,38.736470399999995
2019-11-12 15:00:00-07:00,711.6444114127863,718.8327388007941,711.6444114127863,3.0276921607582343,718.8327388007941,3.0582749098568023,712.4727932073359,719.6694880882179,712.4727932073359,3.0276921607582343,719.6694880882179,3.0582749098568023,717.5306138945003,724.7783978732328,717.5306138945003,3.0276921607582343,724.7783978732328,3.0582749098568023,30.768026,33.472374,33.245988,31.7987553,31.583688599999995,29.2296247
2019-11-12 16:00:00-07:00,708.5548361821379,715.7119557395331,708.5548361821379,2.722115014749098,715.7119557395331,2.74961112600919,709.3795444768141,716.5449944210243,709.3795444768141,2.722115014749098,716.5449944210243,2.74961112600919,713.7548431101469,720.9644879900474,713.7548431101469,2.722115014749098,720.9644879900474,2.74961112600919,12.228089999999998,25.248820000000002,25.307831999999998,23.986379,24.042440399999997,11.616685499999997
2019-11-12 17:00:00-07:00,179.83504051694135,181.6515560777185,179.83504051694135,0.8951454139186045,181.6515560777185,0.9041872867864693,180.04443941803018,181.86307011922239,180.04443941803018,0.8951454139186045,181.86307011922239,0.9041872867864693,181.1454064504147,182.97515803072193,181.1454064504147,0.8951454139186045,182.97515803072193,0.9041872867864693,3.3559938000000002,3.6427354000000003,3.6336635999999998,3.4605986300000002,3.4519804199999995,3.18819411
2019-11-12 18:00:00-07:00,0.018330541921217587,0.01851569891032079,0.018330541921217587,0.0,0.01851569891032079,0.0,0.018353913987398687,0.01853930705797847,0.018353913987398687,0.0,0.01853930705797847,0.0,0.019145388651286576,0.019338776415440982,0.019145388651286576,0.0,0.019338776415440986,0.0,,,,,,
2019-11-12 19:00:00-07:00,,,,,,,,,,,,,,,,,,,,,,,,
2019-11-12 20:00:00-07:00,,,,,,,,,,,,,,,,,,,,,,,,
2019-11-12 21:00:00-07:00,,,,,,,,,,,,,,,,,,,,,,,,
2019-11-12 22:00:00-07:00,,,,,,,,,,,,,,,,,,,,,,,,
2019-11-12 23:00:00-07:00,,,,,,,,,,,,,,,,,,,,,,,,
2019-11-13 00:00:00-07:00,,,,,,,,,,,,,,,,,,,,,,,,
2019-11-13 01:00:00-07:00,,,,,,,,,,,,,,,,,,,,,,,,
2019-11-13 02:00:00-07:00,,,,,,,,,,,,,,,,,,,,,,,,
2019-11-13 03:00:00-07:00,,,,,,,,,,,,,,,,,,,,,,,,
2019-11-13 04:00:00-07:00,,,,,,,,,,,,,,,,,,,,,,,,
2019-11-13 05:00:00-07:00,,,,,,,,,,,,,,,,,,,,,,,,
2019-11-13 06:00:00-07:00,,,,,,,,,,,,,,,,,,,,,,,,
2019-11-13 07:00:00-07:00,5.435005916545975,5.489904966208058,5.435005916545975,0.0,5.489904966208058,0.0,5.441935609309063,5.4969046558677395,5.441935609309063,0.0,5.4969046558677395,0.0,5.676607735106478,5.733947207178261,5.676607735106478,0.0,5.733947207178261,0.0,,,,,,
2019-11-13 08:00:00-07:00,387.78420422198167,391.7012163858401,387.78420422198167,2.775549643860701,391.7012163858401,2.803585498849193,388.228163172048,392.1496597697455,388.228163172048,2.775549643860701,392.1496597697455,2.803585498849193,391.02671732578926,394.97648214726195,391.02671732578926,2.775549643860701,394.97648214726195,2.803585498849193,7.6483708,15.372914,15.398876000000001,14.6042683,14.628932200000001,7.26595226
2019-11-13 09:00:00-07:00,124.484908437077,125.74233175462327,124.484908437077,0.0,125.74233175462327,0.0,124.63989596486644,125.8988848129964,124.63989596486644,0.0,125.8988848129964,0.0,128.89929786996916,130.20131097976684,128.89929786996916,0.0,130.20131097976684,0.0,13.83505,14.556116,14.449906000000002,13.828310199999999,13.727410700000002,13.143297500000001
2019-11-13 10:00:00-07:00,186.36458683560795,188.247057409705,186.36458683560795,0.0,188.247057409705,0.0,186.6004889327291,188.485342356292,186.60048893272906,0.0,188.485342356292,0.0,194.12623750938988,196.08710859534335,194.12623750938988,0.0,196.08710859534335,0.0,20.836752,22.084961999999997,21.955552,20.980713899999998,20.8577744,19.7949144
2019-11-13 11:00:00-07:00,216.41884102239408,218.6048899216102,216.41884102239408,0.0,218.6048899216102,0.0,216.69231293385994,218.88112417561612,216.69231293385994,0.0,218.88112417561612,0.0,225.27298579073096,227.54847049568787,225.27298579073096,0.0,227.54847049568787,0.0,23.903258,24.928793999999996,24.982048,23.682354299999997,23.732945599999997,22.7080951
2019-11-13 12:00:00-07:00,160.92663592572498,162.5521575007323,160.92663592572498,0.0,162.5521575007323,0.0,161.1304880229114,162.75806871001151,161.1304880229114,0.0,162.75806871001151,0.0,167.65691250722205,169.35041667396166,167.65691250722205,0.0,169.35041667396166,0.0,18.707828,19.285564,19.404246,18.3212858,18.4340337,17.7724366
2019-11-13 13:00:00-07:00,619.5028773735877,625.7604821955431,619.5028773735877,8.843746312753648,625.7604821955431,8.933077083589543,620.211339840667,626.4761008491587,620.211339840667,8.843746312753648,626.4761008491587,8.933077083589543,623.8321145250844,630.1334490152369,623.8321145250844,8.843746312753648,630.1334490152369,8.933077083589543,34.132296,35.373884,35.55119,33.6051898,33.773630499999996,32.42568119999999
2019-11-13 14:00:00-07:00,875.5108280975625,884.3543718157204,875.5108280975625,2.8605652110160675,884.3543718157204,2.889459809107139,876.526181339265,885.3799811507726,876.526181339265,2.8605652110160675,885.3799811507726,2.889459809107139,881.853957470306,890.7615732023295,881.853957470306,2.8605652110160675,890.7615732023294,2.889459809107139,39.315678,40.043976,40.285785999999995,38.0417772,38.27149669999999,37.3498941
2019-11-13 15:00:00-07:00,810.5513176960874,818.738704743523,810.5513176960874,2.7435520184164717,818.738704743523,2.771264665067143,811.4931614948811,819.6900621160415,811.4931614948811,2.7435520184164717,819.6900621160415,2.771264665067143,816.4153572090846,824.6619769788733,816.4153572090846,2.7435520184164717,824.6619769788733,2.771264665067143,30.926435999999995,33.411894,33.143628,31.741299299999994,31.486446599999997,29.380114199999994
2019-11-13 16:00:00-07:00,665.9524886105429,672.679281424791,665.9524886105429,2.3067626863383452,672.679281424791,2.330063319533682,666.7275476109311,673.4621693039709,666.7275476109311,2.3067626863383452,673.4621693039709,2.330063319533682,670.7235639003469,677.4985493942899,670.7235639003469,2.3067626863383452,677.4985493942899,2.330063319533682,9.515299800000001,22.757032,22.933832,21.619180399999998,21.7871404,9.039534810000001
2019-11-13 17:00:00-07:00,147.60571735744372,149.09668419943813,147.60571735744372,0.8919811124920883,149.09668419943813,0.9009910227192811,147.77747602122832,149.27017779922056,147.77747602122832,0.8919811124920883,149.27017779922056,0.9009910227192811,148.70789656058395,150.2099965258424,148.70789656058395,0.8919811124920883,150.2099965258424,0.9009910227192811,2.979024,3.2031192000000006,3.1894104000000003,3.0429632400000006,3.02993988,2.8300728
2019-11-13 18:00:00-07:00,0.009165270960249269,0.009257849454797244,0.009165270960249269,0.0,0.009257849454797244,0.0,0.0091769569935318,0.00926965352882,0.009176956993531799,0.0,0.00926965352882,0.0,0.009572694325643288,0.009669388207720491,0.009572694325643288,0.0,0.009669388207720493,0.0,,,,,,
2019-11-13 19:00:00-07:00,,,,,,,,,,,,,,,,,,,,,,,,
2019-11-13 20:00:00-07:00,,,,,,,,,,,,,,,,,,,,,,,,
2019-11-13 21:00:00-07:00,,,,,,,,,,,,,,,,,,,,,,,,
2019-11-13 22:00:00-07:00,,,,,,,,,,,,,,,,,,,,,,,,
2019-11-13 23:00:00-07:00,,,,,,,,,,,,,,,,,,,,,,,,
2019-11-14 00:00:00-07:00,,,,,,,,,,,,,,,,,,,,,,,,
2019-11-14 01:00:00-07:00,,,,,,,,,,,,,,,,,,,,,,,,
2019-11-14 02:00:00-07:00,,,,,,,,,,,,,,,,,,,,,,,,
2019-11-14 03:00:00-07:00,,,,,,,,,,,,,,,,,,,,,,,,
2019-11-14 04:00:00-07:00,,,,,,,,,,,,,,,,,,,,,,,,
2019-11-14 05:00:00-07:00,,,,,,,,,,,,,,,,,,,,,,,,
2019-11-14 06:00:00-07:00,,,,,,,,,,,,,,,,,,,,,,,,
2019-11-14 07:00:00-07:00,13.208157075445031,13.341572803479826,13.208157075445031,0.3206510652036835,13.341572803479826,0.3238899648522056,13.222887434243464,13.356451953781276,13.222887434243464,0.3206510652036835,13.356451953781276,0.3238899648522056,13.284831451229094,13.419021667908176,13.284831451229094,0.3206510652036835,13.419021667908176,0.3238899648522056,,,,,,
2019-11-14 08:00:00-07:00,529.6752605449402,535.0255157019599,529.6752605449402,1.7123614582839444,535.0255157019599,1.729658038670651,530.2815612136313,535.6379406198297,530.2815612136313,1.7123614582839444,535.6379406198297,1.729658038670651,533.3700116799914,538.7575875555469,533.3700116799914,1.7123614582839444,538.7575875555469,1.729658038670651,4.2269521999999995,15.48956,15.496068000000003,14.715082,14.721264600000001,4.01560459
2019-11-14 09:00:00-07:00,765.3238679079244,773.0544120282063,765.3238679079244,2.314526273149267,773.0544120282063,2.3379053264134013,766.2015491199323,773.9409587070023,766.2015491199323,2.314526273149267,773.9409587070023,2.3379053264134013,770.7025814660548,778.4874560263181,770.7025814660548,2.314526273149267,778.4874560263181,2.3379053264134013,22.089442,28.147008,28.302737999999998,26.739657599999997,26.887601099999998,20.984969899999996
2019-11-14 10:00:00-07:00,874.1279468010666,882.9575220212797,874.1279468010666,2.5604771537901745,882.9575220212797,2.5863405593840145,875.1323778651374,883.9720988536742,875.1323778651374,2.5604771537901745,883.9720988536742,2.5863405593840145,880.3035802132101,889.1955355688989,880.3035802132101,2.5604771537901745,889.1955355688989,2.5863405593840145,35.54381600000001,37.319472000000005,37.14521799999999,35.4534984,35.28795709999999,33.76662520000001
2019-11-14 11:00:00-07:00,914.7127390659367,923.9522616827642,914.7127390659367,2.682446703092956,923.9522616827642,2.7095421243363194,915.7660783056647,925.0162407127928,915.7660783056647,2.682446703092956,925.0162407127928,2.7095421243363194,921.2091143047041,930.5142568734387,921.2091143047041,2.682446703092956,930.5142568734387,2.7095421243363194,41.67429,42.289905999999995,42.405428,40.17541069999999,40.2851566,39.5905755
2019-11-14 12:00:00-07:00,931.0937307812148,940.4987179608235,931.0937307812148,2.7216403604595465,940.4987179608235,2.749131677231865,932.168450412298,941.5842933457554,932.168450412298,2.7216403604595465,941.5842933457554,2.749131677231865,937.7154804072087,947.1873539466754,937.7154804072087,2.7216403604595465,947.1873539466754,2.749131677231865,44.40678199999999,45.460396,45.378358000000006,43.1873762,43.1094401,42.18644289999999
2019-11-14 13:00:00-07:00,923.3784231722553,932.7054779517731,923.3784231722553,2.7716393522775338,932.7054779517731,2.799635709371246,924.4468189998177,933.7846656563814,924.4468189998177,2.7716393522775338,933.7846656563814,2.799635709371246,929.978018721487,939.37173608231,929.978018721487,2.7716393522775338,939.37173608231,2.799635709371246,43.627604000000005,44.54979,44.500072,42.3223005,42.2750684,41.446223800000006
2019-11-14 14:00:00-07:00,846.690938459007,855.2433721808152,846.690938459007,3.0807080942874085,855.2433721808152,3.1118263578660694,847.6731207060644,856.2354754606712,847.6731207060644,3.0807080942874085,856.2354754606712,3.1118263578660694,853.0364783630046,861.6530084474795,853.0364783630046,3.0807080942874085,861.6530084474795,3.1118263578660694,38.367422000000005,39.899429999999995,39.77821,37.9044585,37.7892995,36.4490509
2019-11-14 15:00:00-07:00,371.9499264391576,375.70699640318946,371.9499264391576,12.0083392424914,375.70699640318946,12.129635598476161,372.37196384187024,376.1332968099699,372.37196384187024,12.0083392424914,376.1332968099699,12.129635598476161,375.42129618328676,379.2134304881684,375.42129618328676,12.0083392424914,379.2134304881684,12.129635598476161,23.629365999999997,26.235154,26.187844000000002,24.9233963,24.8784518,22.447897699999995
2019-11-14 16:00:00-07:00,254.3880537977189,256.9576300987059,254.3880537977189,8.627346136065933,256.9576300987059,8.714491046531245,254.6741834241036,257.24664992333703,254.6741834241036,8.627346136065933,257.24664992333703,8.714491046531245,255.8822185682768,258.4668874427038,255.8822185682768,8.627346136065933,258.4668874427038,8.714491046531245,10.523156199999999,15.361854,15.303322,14.593761299999999,14.5381559,9.996998389999998
2019-11-14 17:00:00-07:00,100.44152283940898,101.45608367617068,100.44152283940896,2.5517880259176686,101.45608367617068,2.5775636625430995,100.55577990561589,101.57149485415744,100.55577990561589,2.5517880259176686,101.57149485415744,2.5775636625430995,101.06533021255301,102.08619213389194,101.06533021255301,2.5517880259176686,102.08619213389194,2.5775636625430995,3.5660972,3.7797654,3.8158498,3.5907771299999998,3.62505731,3.38779234
2019-11-14 18:00:00-07:00,,,,,,,,,,,,,,,,,,,,,,,,
2019-11-14 19:00:00-07:00,,,,,,,,,,,,,,,,,,,,,,,,
2019-11-14 20:00:00-07:00,,,,,,,,,,,,,,,,,,,,,,,,
2019-11-14 21:00:00-07:00,,,,,,,,,,,,,,,,,,,,,,,,
2019-11-14 22:00:00-07:00,,,,,,,,,,,,,,,,,,,,,,,,
2019-11-14 23:00:00-07:00,,,,,,,,,,,,,,,,,,,,,,,,
2019-11-15 00:00:00-07:00,,,,,,,,,,,,,,,,,,,,,,,,
2019-11-15 01:00:00-07:00,,,,,,,,,,,,,,,,,,,,,,,,
2019-11-15 02:00:00-07:00,,,,,,,,,,,,,,,,,,,,,,,,
2019-11-15 03:00:00-07:00,,,,,,,,,,,,,,,,,,,,,,,,
2019-11-15 04:00:00-07:00,,,,,,,,,,,,,,,,,,,,,,,,
2019-11-15 05:00:00-07:00,,,,,,,,,,,,,,,,,,,,,,,,
2019-11-15 06:00:00-07:00,,,,,,,,,,,,,,,,,,,,,,,,
2019-11-15 07:00:00-07:00,4.924727598462679,4.974472321679475,4.924727598462679,0.1524350762763962,4.974472321679475,0.15397482452161232,4.930170031320545,4.979969728606612,4.930170031320545,0.1524350762763962,4.979969728606612,0.15397482452161232,4.949608953650705,4.999605003687581,4.949608953650705,0.1524350762763962,4.999605003687581,0.15397482452161232,,,,,,
2019-11-15 08:00:00-07:00,58.296334105815646,58.88518596547036,58.296334105815646,1.7381004155497872,58.88518596547036,1.7556569854038255,58.363194901067274,58.952722122290204,58.363194901067274,1.7381004155497872,58.952722122290204,1.7556569854038255,59.26271477712402,59.86132805770104,59.26271477712402,1.7381004155497872,59.86132805770104,1.7556569854038255,5.0370654,6.0199034,5.9862687999999995,5.718908229999999,5.686955359999999,4.78521213
2019-11-15 09:00:00-07:00,165.7450409214637,167.41923325400373,165.7450409214637,2.839031932942612,167.41923325400373,2.8677090231743554,165.94249577962134,167.61868260567812,165.94249577962134,2.839031932942612,167.61868260567812,2.8677090231743554,169.92110322126018,171.63747800127288,169.92110322126018,2.839031932942612,171.63747800127288,2.8677090231743554,15.645178000000001,17.325504000000002,17.271868,16.4592288,16.408274600000002,14.862919100000001
2019-11-15 10:00:00-07:00,279.06052896871205,281.87932219061815,279.06052896871205,7.2491581706319925,281.87932219061815,7.322381990537366,279.3826066202902,282.20465315180826,279.3826066202902,7.2491581706319925,282.20465315180826,7.322381990537366,283.70263830118967,286.5683215163532,283.70263830118967,7.2491581706319925,286.5683215163532,7.322381990537366,23.080508000000002,25.170977999999998,25.449596,23.912429099999997,24.177116199999997,21.9264826
2019-11-15 11:00:00-07:00,453.9657367984298,458.55124929134314,453.9657367984298,13.958757360652072,458.55124929134314,14.099754909749567,454.47762282810953,459.0683058869795,454.47762282810953,13.958757360652072,459.0683058869795,14.099754909749567,458.2994967484461,462.92878459439,458.2994967484461,13.958757360652072,462.92878459439,14.099754909749567,30.886296000000005,33.398242,33.447004,31.728329900000002,31.7746538,29.341981200000003
2019-11-15 12:00:00-07:00,403.5813812208458,407.65796082913715,403.5813812208458,8.006001018347229,407.65796082913715,8.086869715502251,404.04879131727307,408.13009223966975,404.04879131727307,8.006001018347229,408.13009223966975,8.086869715502251,409.44419629640186,413.57999625899186,409.44419629640186,8.006001018347229,413.57999625899186,8.086869715502251,30.297758000000005,32.914856,32.800760000000004,31.2691132,31.160722000000003,28.782870100000004
2019-11-15 13:00:00-07:00,847.6093677272187,856.171078512342,847.6093677272187,2.1825002530365802,856.171078512342,2.20454571013796,848.5937343944477,857.16538827722,848.5937343944477,2.1825002530365802,857.16538827722,2.20454571013796,854.720874276843,863.3544184614575,854.720874276843,2.1825002530365802,863.3544184614575,2.20454571013796,44.118142,46.119434,46.011768000000004,43.8134623,43.7111796,41.912234899999994
2019-11-15 14:00:00-07:00,823.2558944118806,831.5716105170511,823.2558944118806,2.984675711305016,831.5716105170511,3.014823950813148,824.2121459345983,832.5375211460589,824.2121459345983,2.984675711305016,832.5375211460589,3.014823950813148,829.8459560983227,838.2282384831543,829.8459560983227,2.984675711305016,838.2282384831543,3.014823950813148,38.82678,40.881594,40.925045999999995,38.837514299999995,38.878793699999996,36.885441
2019-11-15 15:00:00-07:00,646.4709174235775,653.0009266904822,646.4709174235775,3.1043998425432533,653.0009266904822,3.135757416710357,647.2230980896348,653.7607051410454,647.2230980896348,3.1043998425432533,653.7607051410454,3.135757416710357,651.8606246742329,658.4450754285181,651.8606246742329,3.1043998425432533,658.4450754285181,3.135757416710357,27.918768,30.939410000000002,30.908360000000005,29.392439500000002,29.362942000000004,26.522829599999998
2019-11-15 16:00:00-07:00,147.62251809071424,149.1136546370851,147.62251809071424,3.7461254359008347,149.1136546370851,3.7839650867685197,147.7942103644025,149.2870811761641,147.7942103644025,3.7461254359008347,149.2870811761641,3.7839650867685197,149.94757498139091,151.46219695089994,149.94757498139091,3.7461254359008347,151.46219695089994,3.7839650867685197,10.417228,12.774420000000001,12.790102000000001,12.135699,12.1505969,9.896366599999999
2019-11-15 17:00:00-07:00,134.44099019229242,135.79897999221458,134.44099019229242,1.4840112531419218,135.79897999221458,1.499001265799921,134.5970175602305,135.95658339417224,134.5970175602305,1.4840112531419218,135.95658339417224,1.499001265799921,135.57841643371376,136.94789538758968,135.57841643371376,1.4840112531419218,136.94789538758968,1.499001265799921,3.6843613999999993,3.879365,3.8723628,3.6853967499999998,3.6787446599999996,3.5001433299999993
2019-11-15 18:00:00-07:00,,,,,,,,,,,,,,,,,,,,,,,,
2019-11-15 19:00:00-07:00,,,,,,,,,,,,,,,,,,,,,,,,
2019-11-15 20:00:00-07:00,,,,,,,,,,,,,,,,,,,,,,,,
2019-11-15 21:00:00-07:00,,,,,,,,,,,,,,,,,,,,,,,,
2019-11-15 22:00:00-07:00,,,,,,,,,,,,,,,,,,,,,,,,
2019-11-15 23:00:00-07:00,,,,,,,,,,,,,,,,,,,,,,,,
2019-11-16 00:00:00-07:00,,,,,,,,,,,,,,,,,,,,,,,,
