0,Aasen,Germany,1,47.983,8.55,717
Date (MM/DD/YYYY),Time (HH:MM),GHI (W/m^2),DNI (W/m^2),DHI (W/m^2),Dry-bulb (C),Pressure (mbar),Alb
11/01/2021,00:00:00,0.0,-0.0,0.0,10.33333,1013,0.27
11/01/2021,01:00:00,0.0,-0.0,0.0,10.975,1013,0.27
11/01/2021,02:00:00,0.0,-0.0,0.0,11.50833,1013,0.27
11/01/2021,03:00:00,0.0,-0.0,0.0,11.08333,1013,0.27
11/01/2021,04:00:00,0.0,-0.0,0.0,10.275,1013,0.27
11/01/2021,05:00:00,0.0,-0.0,0.0,9.375,1013,0.27
11/01/2021,06:00:00,0.2777777777777778,-0.0,0.2777777777777778,7.85,1013,0.27
11/01/2021,07:00:00,9.166666666666666,0.0,9.166666666666666,6.708333,1013,0.27
11/01/2021,08:00:00,43.333333333333336,0.0,43.333333333333336,6.316667,1013,0.27
11/01/2021,09:00:00,97.5,0.0,97.5,6.533333,1013,0.27
11/01/2021,10:00:00,75.83333333333333,0.0,75.83333333333333,7.133333,1013,0.27
11/01/2021,11:00:00,62.77777777777778,0.0,62.77777777777778,7.15,1013,0.27
11/01/2021,12:00:00,85.83333333333333,0.0,85.83333333333333,7.225,1013,0.27
11/01/2021,13:00:00,90.27777777777777,0.0,90.27777777777777,7.775,1013,0.27
11/01/2021,14:00:00,95.83333333333333,0.0,95.83333333333333,8.258333,1013,0.27
11/01/2021,15:00:00,42.22222222222222,1.8518518518518572,41.94444444444444,8.441667,1013,0.27
11/01/2021,16:00:00,0.2777777777777778,,0.2777777777777778,8.2,1013,0.27
11/01/2021,17:00:00,0.0,-0.0,0.0,7.783333,1013,0.27
11/01/2021,18:00:00,0.0,-0.0,0.0,7.466667,1013,0.27
11/01/2021,19:00:00,0.0,-0.0,0.0,6.583333,1013,0.27
11/01/2021,20:00:00,0.0,-0.0,0.0,3.991667,1013,0.27
11/01/2021,21:00:00,0.0,-0.0,0.0,2.433333,1013,0.27
11/01/2021,22:00:00,0.0,-0.0,0.0,0.425,1013,0.27
11/01/2021,23:00:00,0.0,-0.0,0.0,0.05833333,1013,0.27
11/02/2021,00:00:00,0.0,-0.0,0.0,0.8,1013,0.27
11/02/2021,01:00:00,0.0,-0.0,0.0,3.533333,1013,0.27
11/02/2021,02:00:00,0.0,-0.0,0.0,3.55,1013,0.27
11/02/2021,03:00:00,0.0,-0.0,0.0,4.55,1013,0.27
11/02/2021,04:00:00,0.0,-0.0,0.0,3.7,1013,0.27
11/02/2021,05:00:00,0.0,-0.0,0.0,3.5,1013,0.27
11/02/2021,06:00:00,7.222222222222221,-0.0,7.222222222222221,3.3,1013,0.27
11/02/2021,07:00:00,34.72222222222222,0.0,34.72222222222222,3.783333,1013,0.27
11/02/2021,08:00:00,73.88888888888887,0.0,73.88888888888887,4.508333,1013,0.27
11/02/2021,09:00:00,140.83333333333334,0.8169934640522689,140.55555555555557,5.608333,1013,0.27
11/02/2021,10:00:00,219.16666666666666,6.097560975609756,216.66666666666666,5.983334,1013,0.27
11/02/2021,11:00:00,288.0555555555556,94.6969696969698,246.38888888888889,6.983333,1013,0.27
11/02/2021,12:00:00,194.16666666666663,21.317829457364255,185.0,7.8,1013,0.27
11/02/2021,13:00:00,67.77777777777777,0.7507507507507337,67.5,8.45,1013,0.27
11/02/2021,14:00:00,118.05555555555556,83.33333333333333,95.55555555555556,8.25,1013,0.27
11/02/2021,15:00:00,29.72222222222222,12.962962962962953,27.77777777777778,7.616667,1013,0.27
11/02/2021,16:00:00,1.6666666666666667,-0.0,1.6666666666666667,5.975,1013,0.27
11/02/2021,17:00:00,0.0,-0.0,0.0,4.358333,1013,0.27
11/02/2021,18:00:00,0.0,-0.0,0.0,3.375,1013,0.27
11/02/2021,19:00:00,0.0,-0.0,0.0,1.141667,1013,0.27
11/02/2021,20:00:00,0.0,-0.0,0.0,-0.2166667,1013,0.27
11/02/2021,21:00:00,0.0,-0.0,0.0,-0.85,1013,0.27
11/02/2021,22:00:00,0.0,-0.0,0.0,-1.616667,1013,0.27
11/02/2021,23:00:00,0.0,-0.0,0.0,-1.016667,1013,0.27
11/03/2021,00:00:00,0.0,-0.0,0.0,-0.1833333,1013,0.27
11/03/2021,01:00:00,0.0,-0.0,0.0,0.2333333,1013,0.27
11/03/2021,02:00:00,0.0,-0.0,0.0,1.066667,1013,0.27
11/03/2021,03:00:00,0.0,-0.0,0.0,2.408333,1013,0.27
11/03/2021,04:00:00,0.0,-0.0,0.0,2.375,1013,0.27
11/03/2021,05:00:00,0.0,-0.0,0.0,2.4,1013,0.27
11/03/2021,06:00:00,2.7777777777777777,-0.0,2.7777777777777777,1.158333,1013,0.27
11/03/2021,07:00:00,40.833333333333336,12.345679012345714,39.72222222222222,0.3666667,1013,0.27
11/03/2021,08:00:00,157.22222222222223,121.98067632850248,129.16666666666666,1.816667,1013,0.27
11/03/2021,09:00:00,160.83333333333331,10.620915032679664,157.22222222222223,4.758333,1013,0.27
11/03/2021,10:00:00,176.94444444444446,4.065040650406551,175.27777777777777,5.775,1013,0.27
11/03/2021,11:00:00,145.83333333333331,0.631313131313117,145.55555555555554,6.266666,1013,0.27
11/03/2021,12:00:00,61.666666666666664,0.0,61.666666666666664,6.433333,1013,0.27
11/03/2021,13:00:00,48.888888888888886,0.0,48.888888888888886,6.208333,1013,0.27
11/03/2021,14:00:00,22.77777777777778,0.0,22.77777777777778,5.675,1013,0.27
11/03/2021,15:00:00,6.9444444444444455,0.0,6.9444444444444455,5.158333,1013,0.27
11/03/2021,16:00:00,0.0,-0.0,0.0,4.9,1013,0.27
11/03/2021,17:00:00,0.0,-0.0,0.0,4.683333,1013,0.27
11/03/2021,18:00:00,0.0,-0.0,0.0,4.616667,1013,0.27
11/03/2021,19:00:00,0.0,-0.0,0.0,4.675,1013,0.27
11/03/2021,20:00:00,0.0,-0.0,0.0,4.075,1013,0.27
11/03/2021,21:00:00,0.0,-0.0,0.0,4.45,1013,0.27
11/03/2021,22:00:00,0.0,-0.0,0.0,4.016666,1013,0.27
11/03/2021,23:00:00,0.0,-0.0,0.0,3.641667,1013,0.27
11/04/2021,00:00:00,0.0,-0.0,0.0,3.608333,1013,0.27
11/04/2021,01:00:00,0.0,-0.0,0.0,3.616667,1013,0.27
11/04/2021,02:00:00,0.0,-0.0,0.0,2.925,1013,0.27
11/04/2021,03:00:00,0.0,-0.0,0.0,2.708333,1013,0.27
11/04/2021,04:00:00,0.0,-0.0,0.0,2.608333,1013,0.27
11/04/2021,05:00:00,0.0,-0.0,0.0,2.533333,1013,0.27
11/04/2021,06:00:00,0.0,-0.0,0.0,2.4,1013,0.27
11/04/2021,07:00:00,1.3888888888888888,0.0,1.3888888888888888,2.641667,1013,0.27
11/04/2021,08:00:00,14.722222222222221,0.0,14.722222222222221,3.025,1013,0.27
11/04/2021,09:00:00,29.166666666666668,0.0,29.166666666666668,3.658333,1013,0.27
11/04/2021,10:00:00,36.666666666666664,0.0,36.666666666666664,4.525,1013,0.27
11/04/2021,11:00:00,45.0,0.0,45.0,4.691667,1013,0.27
11/04/2021,12:00:00,37.50000000000001,0.0,37.50000000000001,5.233333,1013,0.27
11/04/2021,13:00:00,50.27777777777778,0.0,50.27777777777778,5.333333,1013,0.27
11/04/2021,14:00:00,44.166666666666664,1.0683760683760715,43.888888888888886,5.683333,1013,0.27
11/04/2021,15:00:00,5.277777777777778,0.0,5.277777777777778,5.15,1013,0.27
11/04/2021,16:00:00,0.0,-0.0,0.0,5.325,1013,0.27
11/04/2021,17:00:00,0.0,-0.0,0.0,3.65,1013,0.27
11/04/2021,18:00:00,0.0,-0.0,0.0,2.733333,1013,0.27
11/04/2021,19:00:00,0.0,-0.0,0.0,2.466667,1013,0.27
11/04/2021,20:00:00,0.0,-0.0,0.0,2.066667,1013,0.27
11/04/2021,21:00:00,0.0,-0.0,0.0,2.391667,1013,0.27
11/04/2021,22:00:00,0.0,-0.0,0.0,2.6,1013,0.27
11/04/2021,23:00:00,0.0,-0.0,0.0,2.783333,1013,0.27
11/05/2021,00:00:00,0.0,-0.0,0.0,2.675,1013,0.27
11/05/2021,01:00:00,0.0,-0.0,0.0,2.316667,1013,0.27
11/05/2021,02:00:00,0.0,-0.0,0.0,2.608333,1013,0.27
11/05/2021,03:00:00,0.0,-0.0,0.0,2.216667,1013,0.27
11/05/2021,04:00:00,0.0,-0.0,0.0,1.833333,1013,0.27
11/05/2021,05:00:00,0.0,-0.0,0.0,2.141667,1013,0.27
11/05/2021,06:00:00,1.3888888888888888,-3.9682539682539666,1.1111111111111112,2.441667,1013,0.27
11/05/2021,07:00:00,20.555555555555557,0.0,20.555555555555557,2.766667,1013,0.27
11/05/2021,08:00:00,38.333333333333336,0.0,38.333333333333336,3.5,1013,0.27
11/05/2021,09:00:00,76.38888888888889,0.0,76.38888888888889,4.425,1013,0.27
11/05/2021,10:00:00,128.33333333333334,0.6944444444444997,128.05555555555554,5.791667,1013,0.27
11/05/2021,11:00:00,105.0,0.0,105.0,5.85,1013,0.27
11/05/2021,12:00:00,108.33333333333333,6.775067750677457,105.55555555555557,7.2,1013,0.27
11/05/2021,13:00:00,137.5,6.172839506172857,135.27777777777777,6.816667,1013,0.27
11/05/2021,14:00:00,134.16666666666669,134.61538461538467,99.16666666666667,7.866667,1013,0.27
11/05/2021,15:00:00,17.777777777777775,0.0,17.777777777777775,8.308333,1013,0.27
11/05/2021,16:00:00,0.0,-0.0,0.0,6.25,1013,0.27
11/05/2021,17:00:00,0.0,-0.0,0.0,4.566667,1013,0.27
11/05/2021,18:00:00,0.0,-0.0,0.0,1.966667,1013,0.27
11/05/2021,19:00:00,0.0,-0.0,0.0,0.2583333,1013,0.27
11/05/2021,20:00:00,0.0,-0.0,0.0,-0.01666667,1013,0.27
11/05/2021,21:00:00,0.0,-0.0,0.0,-0.8416667,1013,0.27
11/05/2021,22:00:00,0.0,-0.0,0.0,-1.941667,1013,0.27
11/05/2021,23:00:00,0.0,-0.0,0.0,-1.308333,1013,0.27
11/06/2021,00:00:00,0.0,-0.0,0.0,0.15,1013,0.27
11/06/2021,01:00:00,0.0,-0.0,0.0,0.075,1013,0.27
11/06/2021,02:00:00,0.0,-0.0,0.0,-0.9083334,1013,0.27
11/06/2021,03:00:00,0.0,-0.0,0.0,-0.2416667,1013,0.27
11/06/2021,04:00:00,0.0,-0.0,0.0,0.2666667,1013,0.27
11/06/2021,05:00:00,0.0,-0.0,0.0,-0.2083333,1013,0.27
11/06/2021,06:00:00,5.0,-6.944444444444442,4.444444444444445,-0.525,1013,0.27
11/06/2021,07:00:00,113.61111111111111,1006.9444444444446,33.05555555555555,-0.775,1013,0.27
11/06/2021,08:00:00,247.77777777777777,904.040404040404,48.888888888888886,-0.625,1013,0.27
11/06/2021,09:00:00,345.00000000000006,842.8819444444446,75.27777777777777,0.4333333,1013,0.27
11/06/2021,10:00:00,418.8888888888889,787.7492877492878,111.66666666666667,2.166667,1013,0.27
11/06/2021,11:00:00,443.3333333333333,761.9047619047619,123.33333333333333,5.55,1013,0.27
11/06/2021,12:00:00,398.3333333333333,680.8943089430894,119.16666666666667,8.241667,1013,0.27
11/06/2021,13:00:00,208.88888888888886,191.26984126984115,141.94444444444446,10.0,1013,0.27
11/06/2021,14:00:00,77.77777777777777,2.1367521367520883,77.22222222222223,11.65833,1013,0.27
11/06/2021,15:00:00,29.722222222222225,42.73504273504272,24.16666666666667,9.491667,1013,0.27
11/06/2021,16:00:00,0.0,-0.0,0.0,5.166667,1013,0.27
11/06/2021,17:00:00,0.0,-0.0,0.0,1.533333,1013,0.27
11/06/2021,18:00:00,0.0,-0.0,0.0,-0.675,1013,0.27
11/06/2021,19:00:00,0.0,-0.0,0.0,-1.925,1013,0.27
11/06/2021,20:00:00,0.0,-0.0,0.0,-2.733333,1013,0.27
11/06/2021,21:00:00,0.0,-0.0,0.0,-3.533333,1013,0.27
11/06/2021,22:00:00,0.0,-0.0,0.0,-4.408333,1013,0.27
11/06/2021,23:00:00,0.0,-0.0,0.0,-3.533333,1013,0.27
11/07/2021,00:00:00,0.0,-0.0,0.0,-3.85,1013,0.27
11/07/2021,01:00:00,0.0,-0.0,0.0,-4.658333,1013,0.27
11/07/2021,02:00:00,0.0,-0.0,0.0,-4.241667,1013,0.27
11/07/2021,03:00:00,0.0,-0.0,0.0,-2.158333,1013,0.27
11/07/2021,04:00:00,0.0,-0.0,0.0,0.2083333,1013,0.27
11/07/2021,05:00:00,0.0,-0.0,0.0,0.375,1013,0.27
11/07/2021,06:00:00,6.666666666666668,-3.472222222222232,6.388888888888889,0.1916667,1013,0.27
11/07/2021,07:00:00,123.88888888888889,1095.238095238095,47.22222222222222,0.03333334,1013,0.27
11/07/2021,08:00:00,210.55555555555554,297.61904761904765,148.05555555555554,0.15,1013,0.27
11/07/2021,09:00:00,201.1111111111111,143.2291666666666,155.27777777777777,0.975,1013,0.27
11/07/2021,10:00:00,342.77777777777777,490.02849002849,151.66666666666666,1.45,1013,0.27
11/07/2021,11:00:00,346.94444444444446,514.5502645502646,130.83333333333331,2.358333,1013,0.27
11/07/2021,12:00:00,323.05555555555554,330.5555555555555,190.83333333333334,4.425,1013,0.27
11/07/2021,13:00:00,189.99999999999997,88.88888888888883,158.88888888888889,5.141667,1013,0.27
11/07/2021,14:00:00,99.72222222222223,2.2222222222222285,99.16666666666667,5.691667,1013,0.27
11/07/2021,15:00:00,7.777777777777779,0.0,7.777777777777779,7.191667,1013,0.27
11/07/2021,16:00:00,0.0,-0.0,0.0,6.341667,1013,0.27
11/07/2021,17:00:00,0.0,-0.0,0.0,5.783333,1013,0.27
11/07/2021,18:00:00,0.0,-0.0,0.0,5.45,1013,0.27
11/07/2021,19:00:00,0.0,-0.0,0.0,5.183333,1013,0.27
11/07/2021,20:00:00,0.0,-0.0,0.0,4.908333,1013,0.27
11/07/2021,21:00:00,0.0,-0.0,0.0,3.9,1013,0.27
11/07/2021,22:00:00,0.0,-0.0,0.0,4.516666,1013,0.27
11/07/2021,23:00:00,0.0,-0.0,0.0,4.691667,1013,0.27
11/08/2021,00:00:00,0.0,-0.0,0.0,4.583333,1013,0.27
11/08/2021,01:00:00,0.0,-0.0,0.0,4.041667,1013,0.27
11/08/2021,02:00:00,0.0,-0.0,0.0,3.65,1013,0.27
11/08/2021,03:00:00,0.0,-0.0,0.0,4.15,1013,0.27
11/08/2021,04:00:00,0.0,-0.0,0.0,1.591667,1013,0.27
11/08/2021,05:00:00,0.0,-0.0,0.0,0.2333333,1013,0.27
11/08/2021,06:00:00,2.5,-0.0,2.5,-0.15,1013,0.27
11/08/2021,07:00:00,50.833333333333336,75.3968253968254,45.55555555555556,-0.8416667,1013,0.27
11/08/2021,08:00:00,198.0555555555556,444.4444444444448,104.7222222222222,0.625,1013,0.27
11/08/2021,09:00:00,331.1111111111111,855.7347670250896,65.83333333333333,4.825,1013,0.27
11/08/2021,10:00:00,409.72222222222223,850.1461988304093,86.66666666666667,8.6,1013,0.27
11/08/2021,11:00:00,177.5,116.53116531165311,129.72222222222223,10.225,1013,0.27
11/08/2021,12:00:00,152.5,50.69444444444443,132.22222222222223,8.05,1013,0.27
11/08/2021,13:00:00,180.0,140.52287581699343,132.22222222222223,8.658333,1013,0.27
11/08/2021,14:00:00,75.27777777777777,11.111111111111143,72.49999999999999,7.4,1013,0.27
11/08/2021,15:00:00,17.22222222222222,0.0,17.22222222222222,6.8,1013,0.27
11/08/2021,16:00:00,0.0,-0.0,0.0,6.758333,1013,0.27
11/08/2021,17:00:00,0.0,-0.0,0.0,3.891667,1013,0.27
11/08/2021,18:00:00,0.0,-0.0,0.0,0.9083334,1013,0.27
11/08/2021,19:00:00,0.0,-0.0,0.0,-1.433333,1013,0.27
11/08/2021,20:00:00,0.0,-0.0,0.0,-2.691667,1013,0.27
11/08/2021,21:00:00,0.0,-0.0,0.0,-4.0,1013,0.27
11/08/2021,22:00:00,0.0,-0.0,0.0,-4.008333,1013,0.27
11/08/2021,23:00:00,0.0,-0.0,0.0,-3.991667,1013,0.27
11/09/2021,00:00:00,0.0,-0.0,0.0,-4.8,1013,0.27
11/09/2021,01:00:00,0.0,-0.0,0.0,-5.541667,1013,0.27
11/09/2021,02:00:00,0.0,-0.0,0.0,-5.25,1013,0.27
11/09/2021,03:00:00,0.0,-0.0,0.0,-5.341667,1013,0.27
11/09/2021,04:00:00,0.0,-0.0,0.0,-4.758333,1013,0.27
11/09/2021,05:00:00,0.0,-0.0,0.0,-4.65,1013,0.27
11/09/2021,06:00:00,3.0555555555555554,-0.0,3.0555555555555554,-4.933333,1013,0.27
11/09/2021,07:00:00,93.88888888888889,845.2380952380951,34.72222222222222,-5.533333,1013,0.27
11/09/2021,08:00:00,231.94444444444446,893.0555555555555,53.333333333333336,-1.908333,1013,0.27
11/09/2021,09:00:00,312.22222222222223,764.336917562724,75.27777777777777,3.733333,1013,0.27
11/09/2021,10:00:00,381.6666666666667,798.9766081871346,78.05555555555556,7.258333,1013,0.27
11/09/2021,11:00:00,405.0,825.8807588075881,66.38888888888889,15.18333,1013,0.27
11/09/2021,12:00:00,376.6666666666667,802.0833333333334,55.833333333333336,8.541667,1013,0.27
11/09/2021,13:00:00,296.94444444444446,731.2091503267974,48.333333333333336,9.691667,1013,0.27
11/09/2021,14:00:00,179.16666666666666,582.175925925926,39.44444444444444,10.65,1013,0.27
11/09/2021,15:00:00,40.0,162.03703703703704,20.555555555555557,10.55,1013,0.27
11/09/2021,16:00:00,0.0,-0.0,0.0,14.01667,1013,0.27
11/09/2021,17:00:00,0.0,-0.0,0.0,4.316667,1013,0.27
11/09/2021,18:00:00,0.0,-0.0,0.0,0.4666667,1013,0.27
11/09/2021,19:00:00,0.0,-0.0,0.0,-0.7916667,1013,0.27
11/09/2021,20:00:00,0.0,-0.0,0.0,-1.766667,1013,0.27
11/09/2021,21:00:00,0.0,-0.0,0.0,-2.366667,1013,0.27
11/09/2021,22:00:00,0.0,-0.0,0.0,-2.408333,1013,0.27
11/09/2021,23:00:00,0.0,-0.0,0.0,-3.075,1013,0.27
11/10/2021,00:00:00,0.0,-0.0,0.0,-3.825,1013,0.27
11/10/2021,01:00:00,0.0,-0.0,0.0,-2.425,1013,0.27
11/10/2021,02:00:00,0.0,-0.0,0.0,-3.233333,1013,0.27
11/10/2021,03:00:00,0.0,-0.0,0.0,-2.708333,1013,0.27
11/10/2021,04:00:00,0.0,-0.0,0.0,-2.383333,1013,0.27
11/10/2021,05:00:00,0.0,-0.0,0.0,-2.916667,1013,0.27
11/10/2021,06:00:00,1.6666666666666667,-0.0,1.6666666666666667,-2.75,1013,0.27
11/10/2021,07:00:00,38.611111111111114,0.0,38.611111111111114,-2.141667,1013,0.27
11/10/2021,08:00:00,111.11111111111111,8.333333333333357,109.44444444444444,-0.8083333,1013,0.27
11/10/2021,09:00:00,243.88888888888886,275.98566308243716,158.33333333333334,1.641667,1013,0.27
11/10/2021,10:00:00,233.88888888888889,175.43859649122805,167.22222222222223,6.133333,1013,0.27
11/10/2021,11:00:00,298.8888888888889,238.4823848238483,201.11111111111111,8.175,1013,0.27
11/10/2021,12:00:00,233.88888888888886,111.82336182336175,190.27777777777777,10.56667,1013,0.27
11/10/2021,13:00:00,163.33333333333334,90.68627450980402,132.49999999999997,11.49167,1013,0.27
11/10/2021,14:00:00,126.38888888888889,116.89814814814815,98.33333333333333,13.725,1013,0.27
11/10/2021,15:00:00,21.11111111111111,2.5252525252525326,20.833333333333332,11.03333,1013,0.27
11/10/2021,16:00:00,0.0,-0.0,0.0,7.9,1013,0.27
11/10/2021,17:00:00,0.0,-0.0,0.0,4.783333,1013,0.27
11/10/2021,18:00:00,0.0,-0.0,0.0,3.266667,1013,0.27
11/10/2021,19:00:00,0.0,-0.0,0.0,1.683333,1013,0.27
11/10/2021,20:00:00,0.0,-0.0,0.0,0.2416667,1013,0.27
11/10/2021,21:00:00,0.0,-0.0,0.0,-0.2416667,1013,0.27
11/10/2021,22:00:00,0.0,-0.0,0.0,-1.466667,1013,0.27
11/10/2021,23:00:00,0.0,-0.0,0.0,-1.958333,1013,0.27
11/11/2021,00:00:00,0.0,-0.0,0.0,-2.416667,1013,0.27
11/11/2021,01:00:00,0.0,-0.0,0.0,-2.675,1013,0.27
11/11/2021,02:00:00,0.0,-0.0,0.0,-2.808333,1013,0.27
11/11/2021,03:00:00,0.0,-0.0,0.0,-2.658333,1013,0.27
11/11/2021,04:00:00,0.0,-0.0,0.0,-3.641667,1013,0.27
11/11/2021,05:00:00,0.0,-0.0,0.0,-3.866667,1013,0.27
11/11/2021,06:00:00,1.9444444444444444,-0.0,1.9444444444444444,-4.041667,1013,0.27
11/11/2021,07:00:00,85.0,870.3703703703704,32.77777777777778,-4.208333,1013,0.27
11/11/2021,08:00:00,203.33333333333334,782.1637426900585,54.72222222222222,-0.9833333,1013,0.27
11/11/2021,09:00:00,277.77777777777777,676.8518518518518,74.72222222222223,3.508333,1013,0.27
11/11/2021,10:00:00,374.44444444444446,797.2972972972973,79.44444444444444,6.258333,1013,0.27
11/11/2021,11:00:00,375.55555555555554,704.1666666666665,93.88888888888889,9.6,1013,0.27
11/11/2021,12:00:00,334.1666666666667,622.5071225071225,91.38888888888889,12.16667,1013,0.27
11/11/2021,13:00:00,257.49999999999994,525.252525252525,84.16666666666667,15.64167,1013,0.27
11/11/2021,14:00:00,161.94444444444446,431.712962962963,58.333333333333336,16.66667,1013,0.27
11/11/2021,15:00:00,29.166666666666668,88.38383838383841,19.444444444444443,16.1,1013,0.27
11/11/2021,16:00:00,0.0,-0.0,0.0,11.025,1013,0.27
11/11/2021,17:00:00,0.0,-0.0,0.0,5.133333,1013,0.27
11/11/2021,18:00:00,0.0,-0.0,0.0,1.166667,1013,0.27
11/11/2021,19:00:00,0.0,-0.0,0.0,0.08333334,1013,0.27
11/11/2021,20:00:00,0.0,-0.0,0.0,-0.725,1013,0.27
11/11/2021,21:00:00,0.0,-0.0,0.0,-1.75,1013,0.27
11/11/2021,22:00:00,0.0,-0.0,0.0,-2.208333,1013,0.27
11/11/2021,23:00:00,0.0,-0.0,0.0,-2.733333,1013,0.27
11/12/2021,00:00:00,0.0,-0.0,0.0,-3.075,1013,0.27
11/12/2021,01:00:00,0.0,-0.0,0.0,-3.558333,1013,0.27
11/12/2021,02:00:00,0.0,-0.0,0.0,-3.391667,1013,0.27
11/12/2021,03:00:00,0.0,-0.0,0.0,-3.433333,1013,0.27
11/12/2021,04:00:00,0.0,-0.0,0.0,-3.716667,1013,0.27
11/12/2021,05:00:00,0.0,-0.0,0.0,-3.933333,1013,0.27
11/12/2021,06:00:00,2.2222222222222223,-0.0,2.2222222222222223,-4.283333,1013,0.27
11/12/2021,07:00:00,79.72222222222223,855.5555555555557,36.94444444444444,-4.483334,1013,0.27
11/12/2021,08:00:00,217.50000000000003,804.0935672514621,64.72222222222223,-1.766667,1013,0.27
11/12/2021,09:00:00,310.55555555555554,804.6296296296296,69.16666666666667,2.75,1013,0.27
11/12/2021,10:00:00,369.1666666666667,805.5555555555555,71.11111111111111,6.891666,1013,0.27
11/12/2021,11:00:00,376.11111111111103,759.0277777777775,72.5,9.766666,1013,0.27
11/12/2021,12:00:00,342.77777777777777,717.8362573099415,70.00000000000001,13.45833,1013,0.27
11/12/2021,13:00:00,264.44444444444446,612.7946127946128,62.22222222222222,15.66667,1013,0.27
11/12/2021,14:00:00,154.16666666666669,458.9371980676329,48.611111111111114,15.85,1013,0.27
11/12/2021,15:00:00,30.83333333333333,93.43434343434338,20.555555555555557,14.825,1013,0.27
11/12/2021,16:00:00,0.0,-0.0,0.0,11.08333,1013,0.27
11/12/2021,17:00:00,0.0,-0.0,0.0,6.575,1013,0.27
11/12/2021,18:00:00,0.0,-0.0,0.0,2.975,1013,0.27
11/12/2021,19:00:00,0.0,-0.0,0.0,0.725,1013,0.27
11/12/2021,20:00:00,0.0,-0.0,0.0,-0.8166667,1013,0.27
11/12/2021,21:00:00,0.0,-0.0,0.0,-1.0,1013,0.27
11/12/2021,22:00:00,0.0,-0.0,0.0,-2.283333,1013,0.27
11/12/2021,23:00:00,0.0,-0.0,0.0,-3.375,1013,0.27
11/13/2021,00:00:00,0.0,-0.0,0.0,-3.8,1013,0.27
11/13/2021,01:00:00,0.0,-0.0,0.0,-3.9,1013,0.27
11/13/2021,02:00:00,0.0,-0.0,0.0,-2.158333,1013,0.27
11/13/2021,03:00:00,0.0,-0.0,0.0,-2.025,1013,0.27
11/13/2021,04:00:00,0.0,-0.0,0.0,-2.908333,1013,0.27
11/13/2021,05:00:00,0.0,-0.0,0.0,-3.25,1013,0.27
11/13/2021,06:00:00,0.0,-0.0,0.0,-1.633333,1013,0.27
11/13/2021,07:00:00,33.611111111111114,33.33333333333343,31.944444444444443,0.06666668,1013,0.27
11/13/2021,08:00:00,109.44444444444444,114.03508771929828,87.77777777777777,0.9,1013,0.27
11/13/2021,09:00:00,86.11111111111111,0.0,86.11111111111111,2.9,1013,0.27
11/13/2021,10:00:00,134.44444444444446,0.0,134.44444444444446,3.85,1013,0.27
11/13/2021,11:00:00,71.38888888888889,0.0,71.38888888888889,5.791667,1013,0.27
11/13/2021,12:00:00,55.55555555555556,0.730994152046767,55.277777777777786,6.7,1013,0.27
11/13/2021,13:00:00,68.05555555555556,0.8680555555555358,67.77777777777779,7.6,1013,0.27
11/13/2021,14:00:00,26.388888888888893,0.0,26.388888888888893,8.608334,1013,0.27
11/13/2021,15:00:00,4.444444444444445,0.0,4.444444444444445,7.525,1013,0.27
11/13/2021,16:00:00,0.0,-0.0,0.0,6.1,1013,0.27
11/13/2021,17:00:00,0.0,-0.0,0.0,5.608333,1013,0.27
11/13/2021,18:00:00,0.0,-0.0,0.0,5.391666,1013,0.27
11/13/2021,19:00:00,0.0,-0.0,0.0,5.258333,1013,0.27
11/13/2021,20:00:00,0.0,-0.0,0.0,5.166667,1013,0.27
11/13/2021,21:00:00,0.0,-0.0,0.0,4.866667,1013,0.27
11/13/2021,22:00:00,0.0,-0.0,0.0,4.941667,1013,0.27
11/13/2021,23:00:00,0.0,-0.0,0.0,5.0,1013,0.27
11/14/2021,00:00:00,0.0,-0.0,0.0,5.091667,1013,0.27
11/14/2021,01:00:00,0.0,-0.0,0.0,5.183333,1013,0.27
11/14/2021,02:00:00,0.0,-0.0,0.0,4.966667,1013,0.27
11/14/2021,03:00:00,0.0,-0.0,0.0,4.933333,1013,0.27
11/14/2021,04:00:00,0.0,-0.0,0.0,4.95,1013,0.27
11/14/2021,05:00:00,0.0,-0.0,0.0,4.691667,1013,0.27
11/14/2021,06:00:00,0.0,-0.0,0.0,4.783333,1013,0.27
11/14/2021,07:00:00,22.500000000000004,0.0,22.500000000000004,4.591667,1013,0.27
11/14/2021,08:00:00,39.44444444444444,0.0,39.44444444444444,5.383333,1013,0.27
11/14/2021,09:00:00,99.44444444444444,0.0,99.44444444444444,6.391667,1013,0.27
11/14/2021,10:00:00,115.2777777777778,0.0,115.2777777777778,6.95,1013,0.27
11/14/2021,11:00:00,105.55555555555556,0.0,105.55555555555556,7.466667,1013,0.27
11/14/2021,12:00:00,81.66666666666669,0.0,81.66666666666669,7.783333,1013,0.27
11/14/2021,13:00:00,33.611111111111114,0.0,33.611111111111114,7.858334,1013,0.27
11/14/2021,14:00:00,11.666666666666666,0.0,11.666666666666666,7.383333,1013,0.27
11/14/2021,15:00:00,4.444444444444445,0.0,4.444444444444445,7.0,1013,0.27
11/14/2021,16:00:00,0.0,-0.0,0.0,6.725,1013,0.27
11/14/2021,17:00:00,0.0,-0.0,0.0,6.566667,1013,0.27
11/14/2021,18:00:00,0.0,-0.0,0.0,6.175,1013,0.27
11/14/2021,19:00:00,0.0,-0.0,0.0,6.1,1013,0.27
11/14/2021,20:00:00,0.0,-0.0,0.0,6.216667,1013,0.27
11/14/2021,21:00:00,0.0,-0.0,0.0,6.491667,1013,0.27
11/14/2021,22:00:00,0.0,-0.0,0.0,6.416667,1013,0.27
11/14/2021,23:00:00,0.0,-0.0,0.0,6.258333,1013,0.27
11/15/2021,00:00:00,0.0,-0.0,0.0,6.158333,1013,0.27
11/15/2021,01:00:00,0.0,-0.0,0.0,6.225,1013,0.27
11/15/2021,02:00:00,0.0,-0.0,0.0,5.741667,1013,0.27
11/15/2021,03:00:00,0.0,-0.0,0.0,5.641666,1013,0.27
11/15/2021,04:00:00,0.0,-0.0,0.0,5.2,1013,0.27
11/15/2021,05:00:00,0.0,-0.0,0.0,4.575,1013,0.27
11/15/2021,06:00:00,0.0,-0.0,0.0,3.958333,1013,0.27
11/15/2021,07:00:00,3.888888888888889,0.0,3.888888888888889,3.783333,1013,0.27
11/15/2021,08:00:00,26.666666666666668,0.0,26.666666666666668,3.658333,1013,0.27
11/15/2021,09:00:00,57.77777777777777,0.9578544061302465,57.5,3.666667,1013,0.27
11/15/2021,10:00:00,70.55555555555556,0.0,70.55555555555556,3.916667,1013,0.27
11/15/2021,11:00:00,86.11111111111111,0.0,86.11111111111111,4.266667,1013,0.27
11/15/2021,12:00:00,89.44444444444444,0.0,89.44444444444444,4.308333,1013,0.27
11/15/2021,13:00:00,61.944444444444436,0.0,61.944444444444436,4.283333,1013,0.27
11/15/2021,14:00:00,30.833333333333332,0.0,30.833333333333332,4.408333,1013,0.27
11/15/2021,15:00:00,4.166666666666667,0.0,4.166666666666667,4.175,1013,0.27
11/15/2021,16:00:00,0.0,-0.0,0.0,3.716667,1013,0.27
11/15/2021,17:00:00,0.0,-0.0,0.0,3.5,1013,0.27
11/15/2021,18:00:00,0.0,-0.0,0.0,3.258333,1013,0.27
11/15/2021,19:00:00,0.0,-0.0,0.0,2.933333,1013,0.27
11/15/2021,20:00:00,0.0,-0.0,0.0,2.8,1013,0.27
11/15/2021,21:00:00,0.0,-0.0,0.0,2.6,1013,0.27
11/15/2021,22:00:00,0.0,-0.0,0.0,2.5,1013,0.27
11/15/2021,23:00:00,0.0,-0.0,0.0,2.591667,1013,0.27
11/16/2021,00:00:00,0.0,-0.0,0.0,2.508333,1013,0.27
11/16/2021,01:00:00,0.0,-0.0,0.0,2.308333,1013,0.27
11/16/2021,02:00:00,0.0,-0.0,0.0,2.366667,1013,0.27
11/16/2021,03:00:00,0.0,-0.0,0.0,2.25,1013,0.27
11/16/2021,04:00:00,0.0,-0.0,0.0,2.408333,1013,0.27
11/16/2021,05:00:00,0.0,-0.0,0.0,2.183333,1013,0.27
11/16/2021,06:00:00,0.0,-0.0,0.0,2.108333,1013,0.27
11/16/2021,07:00:00,10.833333333333334,0.0,10.833333333333334,2.1,1013,0.27
11/16/2021,08:00:00,43.611111111111114,0.0,43.611111111111114,2.4,1013,0.27
11/16/2021,09:00:00,56.666666666666664,0.0,56.666666666666664,3.1,1013,0.27
11/16/2021,10:00:00,69.16666666666667,0.0,69.16666666666667,3.866667,1013,0.27
11/16/2021,11:00:00,69.44444444444444,0.0,69.44444444444444,4.258333,1013,0.27
11/16/2021,12:00:00,54.99999999999999,0.0,54.99999999999999,4.466667,1013,0.27
11/16/2021,13:00:00,36.94444444444444,0.0,36.94444444444444,4.491667,1013,0.27
11/16/2021,14:00:00,20.833333333333332,0.0,20.833333333333332,4.466667,1013,0.27
11/16/2021,15:00:00,4.444444444444444,0.0,4.444444444444444,4.35,1013,0.27
11/16/2021,16:00:00,0.0,-0.0,0.0,4.266666,1013,0.27
11/16/2021,17:00:00,0.0,-0.0,0.0,4.033333,1013,0.27
11/16/2021,18:00:00,0.0,-0.0,0.0,3.975,1013,0.27
11/16/2021,19:00:00,0.0,-0.0,0.0,3.925,1013,0.27
11/16/2021,20:00:00,0.0,-0.0,0.0,3.8,1013,0.27
11/16/2021,21:00:00,0.0,-0.0,0.0,3.433333,1013,0.27
11/16/2021,22:00:00,0.0,-0.0,0.0,3.083333,1013,0.27
11/16/2021,23:00:00,0.0,-0.0,0.0,2.9,1013,0.27
11/17/2021,00:00:00,0.0,-0.0,0.0,2.833333,1013,0.27
11/17/2021,01:00:00,0.0,-0.0,0.0,2.658333,1013,0.27
11/17/2021,02:00:00,0.0,-0.0,0.0,2.591667,1013,0.27
11/17/2021,03:00:00,0.0,-0.0,0.0,2.608333,1013,0.27
11/17/2021,04:00:00,0.0,-0.0,0.0,2.55,1013,0.27
11/17/2021,05:00:00,0.0,-0.0,0.0,2.691667,1013,0.27
11/17/2021,06:00:00,0.0,-0.0,0.0,2.741667,1013,0.27
11/17/2021,07:00:00,11.944444444444445,0.0,11.944444444444445,2.558333,1013,0.27
11/17/2021,08:00:00,23.333333333333332,0.0,23.333333333333332,2.583333,1013,0.27
11/17/2021,09:00:00,34.44444444444444,0.0,34.44444444444444,2.891667,1013,0.27
11/17/2021,10:00:00,53.888888888888886,0.0,53.888888888888886,3.508333,1013,0.27
11/17/2021,11:00:00,40.0,0.0,40.0,4.158333,1013,0.27
11/17/2021,12:00:00,36.38888888888889,0.0,36.38888888888889,3.866667,1013,0.27
11/17/2021,13:00:00,27.77777777777778,0.0,27.77777777777778,3.725,1013,0.27
11/17/2021,14:00:00,14.444444444444445,0.0,14.444444444444445,3.616667,1013,0.27
11/17/2021,15:00:00,0.0,0.0,0.0,3.433333,1013,0.27
11/17/2021,16:00:00,0.0,-0.0,0.0,2.908333,1013,0.27
11/17/2021,17:00:00,0.0,-0.0,0.0,2.816667,1013,0.27
11/17/2021,18:00:00,0.0,-0.0,0.0,2.875,1013,0.27
11/17/2021,19:00:00,0.0,-0.0,0.0,2.775,1013,0.27
11/17/2021,20:00:00,0.0,-0.0,0.0,2.408333,1013,0.27
11/17/2021,21:00:00,0.0,-0.0,0.0,2.158333,1013,0.27
11/17/2021,22:00:00,0.0,-0.0,0.0,2.358333,1013,0.27
11/17/2021,23:00:00,0.0,-0.0,0.0,2.558333,1013,0.27
11/18/2021,00:00:00,0.0,-0.0,0.0,2.641667,1013,0.27
11/18/2021,01:00:00,0.0,-0.0,0.0,2.733333,1013,0.27
11/18/2021,02:00:00,0.0,-0.0,0.0,2.9,1013,0.27
11/18/2021,03:00:00,0.0,-0.0,0.0,3.033333,1013,0.27
11/18/2021,04:00:00,0.0,-0.0,0.0,3.016667,1013,0.27
11/18/2021,05:00:00,0.0,-0.0,0.0,3.158333,1013,0.27
11/18/2021,06:00:00,0.0,-0.0,0.0,2.983333,1013,0.27
11/18/2021,07:00:00,24.444444444444443,0.0,24.444444444444443,3.083333,1013,0.27
11/18/2021,08:00:00,69.44444444444444,0.0,69.44444444444444,3.716667,1013,0.27
11/18/2021,09:00:00,107.49999999999999,0.0,107.49999999999999,4.358334,1013,0.27
11/18/2021,10:00:00,101.38888888888889,0.0,101.38888888888889,5.291667,1013,0.27
11/18/2021,11:00:00,125.55555555555554,0.7507507507507337,125.27777777777777,5.908333,1013,0.27
11/18/2021,12:00:00,169.72222222222223,6.944444444444445,167.22222222222223,6.341667,1013,0.27
11/18/2021,13:00:00,142.7777777777778,17.92114695340507,137.22222222222223,6.75,1013,0.27
11/18/2021,14:00:00,114.44444444444443,182.53968253968245,76.11111111111111,7.991667,1013,0.27
11/18/2021,15:00:00,22.22222222222222,24.69135802469135,20.0,7.725,1013,0.27
11/18/2021,16:00:00,0.0,-0.0,0.0,4.841667,1013,0.27
11/18/2021,17:00:00,0.0,-0.0,0.0,1.05,1013,0.27
11/18/2021,18:00:00,0.0,-0.0,0.0,0.3916667,1013,0.27
11/18/2021,19:00:00,0.0,-0.0,0.0,0.3916667,1013,0.27
11/18/2021,20:00:00,0.0,-0.0,0.0,-0.8,1013,0.27
11/18/2021,21:00:00,0.0,-0.0,0.0,-2.266667,1013,0.27
11/18/2021,22:00:00,0.0,-0.0,0.0,-1.441667,1013,0.27
11/18/2021,23:00:00,0.0,-0.0,0.0,0.175,1013,0.27
11/19/2021,00:00:00,0.0,-0.0,0.0,1.0,1013,0.27
11/19/2021,01:00:00,0.0,-0.0,0.0,0.7916667,1013,0.27
11/19/2021,02:00:00,0.0,-0.0,0.0,0.075,1013,0.27
11/19/2021,03:00:00,0.0,-0.0,0.0,-0.03333334,1013,0.27
11/19/2021,04:00:00,0.0,-0.0,0.0,-0.3416667,1013,0.27
11/19/2021,05:00:00,0.0,-0.0,0.0,-1.025,1013,0.27
11/19/2021,06:00:00,0.2777777777777778,-0.0,0.2777777777777778,-1.933333,1013,0.27
11/19/2021,07:00:00,39.166666666666664,537.037037037037,23.055555555555557,-2.55,1013,0.27
11/19/2021,08:00:00,143.88888888888889,546.875,56.388888888888886,-1.875,1013,0.27
11/19/2021,09:00:00,265.5555555555556,761.3168724279836,60.0,1.0,1013,0.27
11/19/2021,10:00:00,345.8333333333333,843.1372549019607,59.166666666666664,5.275,1013,0.27
11/19/2021,11:00:00,354.16666666666674,770.2702702702704,69.16666666666667,7.775,1013,0.27
11/19/2021,12:00:00,297.77777777777777,623.4567901234568,73.33333333333333,10.96667,1013,0.27
11/19/2021,13:00:00,263.05555555555554,642.5925925925926,70.27777777777779,13.18333,1013,0.27
11/19/2021,14:00:00,145.83333333333331,478.8359788359788,45.27777777777777,12.98333,1013,0.27
11/19/2021,15:00:00,19.72222222222222,46.29629629629627,15.555555555555557,13.59167,1013,0.27
11/19/2021,16:00:00,0.0,-0.0,0.0,9.025,1013,0.27
11/19/2021,17:00:00,0.0,-0.0,0.0,3.175,1013,0.27
11/19/2021,18:00:00,0.0,-0.0,0.0,0.4666667,1013,0.27
11/19/2021,19:00:00,0.0,-0.0,0.0,-0.9166667,1013,0.27
11/19/2021,20:00:00,0.0,-0.0,0.0,-1.75,1013,0.27
11/19/2021,21:00:00,0.0,-0.0,0.0,-2.316667,1013,0.27
11/19/2021,22:00:00,0.0,-0.0,0.0,-2.375,1013,0.27
11/19/2021,23:00:00,0.0,-0.0,0.0,-0.07499999,1013,0.27
11/20/2021,00:00:00,0.0,-0.0,0.0,1.016667,1013,0.27
11/20/2021,01:00:00,0.0,-0.0,0.0,0.6916667,1013,0.27
11/20/2021,02:00:00,0.0,-0.0,0.0,0.7166666,1013,0.27
11/20/2021,03:00:00,0.0,-0.0,0.0,0.6166667,1013,0.27
11/20/2021,04:00:00,0.0,-0.0,0.0,0.3916667,1013,0.27
11/20/2021,05:00:00,0.0,-0.0,0.0,0.125,1013,0.27
11/20/2021,06:00:00,0.2777777777777778,-0.0,0.2777777777777778,-0.1833333,1013,0.27
11/20/2021,07:00:00,58.05555555555556,1157.4074074074076,23.333333333333332,-0.4,1013,0.27
11/20/2021,08:00:00,191.11111111111111,921.875,43.611111111111114,0.01666667,1013,0.27
11/20/2021,09:00:00,286.94444444444446,871.3991769547325,51.666666666666664,0.1833333,1013,0.27
11/20/2021,10:00:00,352.5,869.2810457516339,56.94444444444444,1.183333,1013,0.27
11/20/2021,11:00:00,360.8333333333333,817.5675675675676,58.333333333333336,1.666667,1013,0.27
11/20/2021,12:00:00,332.77777777777777,768.5185185185185,56.111111111111114,2.55,1013,0.27
11/20/2021,13:00:00,254.44444444444449,688.888888888889,47.77777777777778,3.491667,1013,0.27
11/20/2021,14:00:00,139.72222222222223,492.0634920634921,36.38888888888889,3.483333,1013,0.27
11/20/2021,15:00:00,16.388888888888886,38.1944444444444,13.333333333333334,3.366667,1013,0.27
11/20/2021,16:00:00,0.0,-0.0,0.0,2.841667,1013,0.27
11/20/2021,17:00:00,0.0,-0.0,0.0,1.8,1013,0.27
11/20/2021,18:00:00,0.0,-0.0,0.0,0.9916667,1013,0.27
11/20/2021,19:00:00,0.0,-0.0,0.0,0.25,1013,0.27
11/20/2021,20:00:00,0.0,-0.0,0.0,-0.09166667,1013,0.27
11/20/2021,21:00:00,0.0,-0.0,0.0,0.0,1013,0.27
11/20/2021,22:00:00,0.0,-0.0,0.0,-0.4166667,1013,0.27
11/20/2021,23:00:00,0.0,-0.0,0.0,-0.6166667,1013,0.27
11/21/2021,00:00:00,0.0,-0.0,0.0,-0.65,1013,0.27
11/21/2021,01:00:00,0.0,-0.0,0.0,-0.6166667,1013,0.27
11/21/2021,02:00:00,0.0,-0.0,0.0,-0.7166667,1013,0.27
11/21/2021,03:00:00,0.0,-0.0,0.0,-0.7083333,1013,0.27
11/21/2021,04:00:00,0.0,-0.0,0.0,-0.925,1013,0.27
11/21/2021,05:00:00,0.0,-0.0,0.0,-0.775,1013,0.27
11/21/2021,06:00:00,0.2777777777777778,-0.0,0.2777777777777778,-0.775,1013,0.27
11/21/2021,07:00:00,53.333333333333336,1611.1111111111113,21.11111111111111,-0.9083333,1013,0.27
11/21/2021,08:00:00,183.05555555555554,894.0972222222222,40.0,-0.9166667,1013,0.27
11/21/2021,09:00:00,278.05555555555554,883.5470085470084,48.33333333333334,-0.2916667,1013,0.27
11/21/2021,10:00:00,341.94444444444446,869.5286195286195,54.99999999999999,0.125,1013,0.27
11/21/2021,11:00:00,353.8888888888889,825.6172839506173,56.666666666666664,1.783333,1013,0.27
11/21/2021,12:00:00,322.5,764.2857142857143,55.0,2.608333,1013,0.27
11/21/2021,13:00:00,242.50000000000003,635.1851851851853,51.94444444444444,3.35,1013,0.27
11/21/2021,14:00:00,122.77777777777776,390.21164021164014,40.833333333333336,3.683333,1013,0.27
11/21/2021,15:00:00,8.61111111111111,3.47222222222221,8.333333333333334,3.441667,1013,0.27
11/21/2021,16:00:00,0.0,-0.0,0.0,2.066667,1013,0.27
11/21/2021,17:00:00,0.0,-0.0,0.0,1.475,1013,0.27
11/21/2021,18:00:00,0.0,-0.0,0.0,1.358333,1013,0.27
11/21/2021,19:00:00,0.0,-0.0,0.0,1.375,1013,0.27
11/21/2021,20:00:00,0.0,-0.0,0.0,1.233333,1013,0.27
11/21/2021,21:00:00,0.0,-0.0,0.0,1.208333,1013,0.27
11/21/2021,22:00:00,0.0,-0.0,0.0,1.2,1013,0.27
11/21/2021,23:00:00,0.0,-0.0,0.0,1.233333,1013,0.27
11/22/2021,00:00:00,0.0,-0.0,0.0,1.233333,1013,0.27
11/22/2021,01:00:00,0.0,-0.0,0.0,1.041667,1013,0.27
11/22/2021,02:00:00,0.0,-0.0,0.0,1.033333,1013,0.27
11/22/2021,03:00:00,0.0,-0.0,0.0,1.108333,1013,0.27
11/22/2021,04:00:00,0.0,-0.0,0.0,0.95,1013,0.27
11/22/2021,05:00:00,0.0,-0.0,0.0,0.8583333,1013,0.27
11/22/2021,06:00:00,0.0,-0.0,0.0,0.6666667,1013,0.27
11/22/2021,07:00:00,13.055555555555555,0.0,13.055555555555555,0.3583333,1013,0.27
11/22/2021,08:00:00,52.22222222222222,0.0,52.22222222222222,0.5416667,1013,0.27
11/22/2021,09:00:00,125.27777777777777,0.0,125.27777777777777,0.95,1013,0.27
11/22/2021,10:00:00,138.05555555555554,0.0,138.05555555555554,1.733333,1013,0.27
11/22/2021,11:00:00,113.88888888888889,0.0,113.88888888888889,2.625,1013,0.27
11/22/2021,12:00:00,58.88888888888888,0.0,58.88888888888888,3.125,1013,0.27
11/22/2021,13:00:00,29.444444444444443,0.0,29.444444444444443,3.25,1013,0.27
11/22/2021,14:00:00,14.999999999999998,0.0,14.999999999999998,3.025,1013,0.27
11/22/2021,15:00:00,0.0,0.0,0.0,2.958333,1013,0.27
11/22/2021,16:00:00,0.0,-0.0,0.0,3.033333,1013,0.27
11/22/2021,17:00:00,0.0,-0.0,0.0,2.95,1013,0.27
11/22/2021,18:00:00,0.0,-0.0,0.0,2.816667,1013,0.27
11/22/2021,19:00:00,0.0,-0.0,0.0,2.633333,1013,0.27
11/22/2021,20:00:00,0.0,-0.0,0.0,2.1,1013,0.27
11/22/2021,21:00:00,0.0,-0.0,0.0,1.866667,1013,0.27
11/22/2021,22:00:00,0.0,-0.0,0.0,1.791667,1013,0.27
11/22/2021,23:00:00,0.0,-0.0,0.0,1.666667,1013,0.27
11/23/2021,00:00:00,0.0,-0.0,0.0,1.483333,1013,0.27
11/23/2021,01:00:00,0.0,-0.0,0.0,1.325,1013,0.27
11/23/2021,02:00:00,0.0,-0.0,0.0,1.108333,1013,0.27
11/23/2021,03:00:00,0.0,-0.0,0.0,0.6166667,1013,0.27
11/23/2021,04:00:00,0.0,-0.0,0.0,0.09166667,1013,0.27
11/23/2021,05:00:00,0.0,-0.0,0.0,-0.2333333,1013,0.27
11/23/2021,06:00:00,0.0,-0.0,0.0,-0.575,1013,0.27
11/23/2021,07:00:00,8.055555555555555,0.0,8.055555555555555,-0.9,1013,0.27
11/23/2021,08:00:00,49.72222222222222,0.0,49.72222222222222,-0.5083333,1013,0.27
11/23/2021,09:00:00,139.16666666666666,16.025641025641097,134.99999999999997,-0.3083333,1013,0.27
11/23/2021,10:00:00,229.16666666666666,214.64646464646458,158.33333333333334,0.425,1013,0.27
11/23/2021,11:00:00,335.2777777777778,729.9382716049384,72.5,0.675,1013,0.27
11/23/2021,12:00:00,321.6666666666667,757.9365079365082,56.388888888888886,1.775,1013,0.27
11/23/2021,13:00:00,241.38888888888889,666.6666666666666,48.05555555555556,2.525,1013,0.27
11/23/2021,14:00:00,131.1111111111111,476.3888888888887,35.833333333333336,4.283333,1013,0.27
11/23/2021,15:00:00,13.88888888888889,27.77777777777781,11.666666666666664,4.15,1013,0.27
11/23/2021,16:00:00,0.0,-0.0,0.0,2.05,1013,0.27
11/23/2021,17:00:00,0.0,-0.0,0.0,-1.416667,1013,0.27
11/23/2021,18:00:00,0.0,-0.0,0.0,-2.166667,1013,0.27
11/23/2021,19:00:00,0.0,-0.0,0.0,-1.958333,1013,0.27
11/23/2021,20:00:00,0.0,-0.0,0.0,-2.658333,1013,0.27
11/23/2021,21:00:00,0.0,-0.0,0.0,-4.633333,1013,0.27
11/23/2021,22:00:00,0.0,-0.0,0.0,-4.0,1013,0.27
11/23/2021,23:00:00,0.0,-0.0,0.0,-4.666667,1013,0.27
11/24/2021,00:00:00,0.0,-0.0,0.0,-5.725,1013,0.27
11/24/2021,01:00:00,0.0,-0.0,0.0,-7.075,1013,0.27
11/24/2021,02:00:00,0.0,-0.0,0.0,-6.73,1013,0.27
11/24/2021,03:00:00,0.0,-0.0,0.0,-4.56,1013,0.27
11/24/2021,04:00:00,0.0,-0.0,0.0,-3.733333,1013,0.27
11/24/2021,05:00:00,0.0,-0.0,0.0,-3.033333,1013,0.27
11/24/2021,06:00:00,0.0,-0.0,0.0,-2.558333,1013,0.27
11/24/2021,07:00:00,8.88888888888889,0.0,8.88888888888889,-2.233333,1013,0.27
11/24/2021,08:00:00,55.0,0.0,55.0,-1.691667,1013,0.27
11/24/2021,09:00:00,89.16666666666666,0.0,89.16666666666666,-0.55,1013,0.27
11/24/2021,10:00:00,115.27777777777777,0.0,115.27777777777777,0.2166667,1013,0.27
11/24/2021,11:00:00,112.5,0.0,112.5,0.375,1013,0.27
11/24/2021,12:00:00,106.94444444444444,0.0,106.94444444444444,0.225,1013,0.27
11/24/2021,13:00:00,73.88888888888889,0.0,73.88888888888889,0.2916667,1013,0.27
11/24/2021,14:00:00,33.05555555555556,0.0,33.05555555555556,0.25,1013,0.27
11/24/2021,15:00:00,3.333333333333334,0.0,3.333333333333334,0.125,1013,0.27
11/24/2021,16:00:00,0.0,-0.0,0.0,0.075,1013,0.27
11/24/2021,17:00:00,0.0,-0.0,0.0,0.01666667,1013,0.27
11/24/2021,18:00:00,0.0,-0.0,0.0,0.03333334,1013,0.27
11/24/2021,19:00:00,0.0,-0.0,0.0,0.0,1013,0.27
11/24/2021,20:00:00,0.0,-0.0,0.0,-0.075,1013,0.27
11/24/2021,21:00:00,0.0,-0.0,0.0,-0.2333333,1013,0.27
11/24/2021,22:00:00,0.0,-0.0,0.0,-0.3083333,1013,0.27
11/24/2021,23:00:00,0.0,-0.0,0.0,-0.375,1013,0.27
11/25/2021,00:00:00,0.0,-0.0,0.0,-0.5583333,1013,0.27
11/25/2021,01:00:00,0.0,-0.0,0.0,-0.6416667,1013,0.27
11/25/2021,02:00:00,0.0,-0.0,0.0,-0.725,1013,0.27
11/25/2021,03:00:00,0.0,-0.0,0.0,-0.8166667,1013,0.27
11/25/2021,04:00:00,0.0,-0.0,0.0,-0.9,1013,0.27
11/25/2021,05:00:00,0.0,-0.0,0.0,-1.208333,1013,0.27
11/25/2021,06:00:00,0.0,-0.0,0.0,-1.35,1013,0.27
11/25/2021,07:00:00,28.61111111111111,1194.4444444444443,16.666666666666668,-1.441667,1013,0.27
11/25/2021,08:00:00,142.5,478.17460317460313,75.55555555555556,-1.641667,1013,0.27
11/25/2021,09:00:00,210.27777777777774,264.44444444444434,144.16666666666666,-1.208333,1013,0.27
11/25/2021,10:00:00,279.1666666666667,306.42361111111114,181.11111111111111,-0.5333333,1013,0.27
11/25/2021,11:00:00,231.38888888888889,190.47619047619045,164.72222222222223,1.575,1013,0.27
11/25/2021,12:00:00,214.44444444444446,71.89542483660134,190.0,2.733333,1013,0.27
11/25/2021,13:00:00,107.5,0.0,107.5,2.675,1013,0.27
11/25/2021,14:00:00,51.111111111111114,0.0,51.111111111111114,1.658333,1013,0.27
11/25/2021,15:00:00,8.333333333333334,0.0,8.333333333333334,0.1166667,1013,0.27
11/25/2021,16:00:00,0.0,-0.0,0.0,-0.4583333,1013,0.27
11/25/2021,17:00:00,0.0,-0.0,0.0,-0.9083333,1013,0.27
11/25/2021,18:00:00,0.0,-0.0,0.0,-1.25,1013,0.27
11/25/2021,19:00:00,0.0,-0.0,0.0,-1.333333,1013,0.27
11/25/2021,20:00:00,0.0,-0.0,0.0,-1.308333,1013,0.27
11/25/2021,21:00:00,0.0,-0.0,0.0,-1.233333,1013,0.27
11/25/2021,22:00:00,0.0,-0.0,0.0,-1.166667,1013,0.27
11/25/2021,23:00:00,0.0,-0.0,0.0,-1.183333,1013,0.27
11/26/2021,00:00:00,0.0,-0.0,0.0,-1.225,1013,0.27
11/26/2021,01:00:00,0.0,-0.0,0.0,-1.208333,1013,0.27
11/26/2021,02:00:00,0.0,-0.0,0.0,-1.241667,1013,0.27
11/26/2021,03:00:00,0.0,-0.0,0.0,-1.291667,1013,0.27
11/26/2021,04:00:00,0.0,-0.0,0.0,-1.3,1013,0.27
11/26/2021,05:00:00,0.0,-0.0,0.0,-1.316667,1013,0.27
11/26/2021,06:00:00,0.0,-0.0,0.0,-1.266667,1013,0.27
11/26/2021,07:00:00,4.444444444444445,0.0,4.444444444444445,-1.233333,1013,0.27
11/26/2021,08:00:00,36.94444444444444,0.0,36.94444444444444,-0.9583333,1013,0.27
11/26/2021,09:00:00,64.44444444444444,0.0,64.44444444444444,-0.2916667,1013,0.27
11/26/2021,10:00:00,70.55555555555556,0.0,70.55555555555556,0.2333333,1013,0.27
11/26/2021,11:00:00,64.72222222222221,0.0,64.72222222222221,0.7583333,1013,0.27
11/26/2021,12:00:00,44.72222222222222,0.0,44.72222222222222,0.95,1013,0.27
11/26/2021,13:00:00,59.99999999999999,0.0,59.99999999999999,1.191667,1013,0.27
11/26/2021,14:00:00,28.88888888888889,0.0,28.88888888888889,1.333333,1013,0.27
11/26/2021,15:00:00,2.5,0.0,2.5,0.25,1013,0.27
11/26/2021,16:00:00,0.0,-0.0,0.0,-0.2583334,1013,0.27
11/26/2021,17:00:00,0.0,-0.0,0.0,-0.1583333,1013,0.27
11/26/2021,18:00:00,0.0,-0.0,0.0,-0.2416667,1013,0.27
11/26/2021,19:00:00,0.0,-0.0,0.0,-0.2083333,1013,0.27
11/26/2021,20:00:00,0.0,-0.0,0.0,-0.3166667,1013,0.27
11/26/2021,21:00:00,0.0,-0.0,0.0,-0.2666667,1013,0.27
11/26/2021,22:00:00,0.0,-0.0,0.0,-0.4916667,1013,0.27
11/26/2021,23:00:00,0.0,-0.0,0.0,-0.3666667,1013,0.27
11/27/2021,00:00:00,0.0,-0.0,0.0,-0.4083333,1013,0.27
11/27/2021,01:00:00,0.0,-0.0,0.0,-0.6083333,1013,0.27
11/27/2021,02:00:00,0.0,-0.0,0.0,-0.425,1013,0.27
11/27/2021,03:00:00,0.0,-0.0,0.0,-0.4,1013,0.27
11/27/2021,04:00:00,0.0,-0.0,0.0,-0.5166667,1013,0.27
11/27/2021,05:00:00,0.0,-0.0,0.0,-0.3416667,1013,0.27
11/27/2021,06:00:00,0.0,-0.0,0.0,-0.1666667,1013,0.27
11/27/2021,07:00:00,1.3888888888888888,,1.3888888888888888,-0.1166667,1013,0.27
11/27/2021,08:00:00,57.5,5.9523809523809685,56.666666666666664,0.04166667,1013,0.27
11/27/2021,09:00:00,111.11111111111111,8.101851851851846,109.16666666666667,0.55,1013,0.27
11/27/2021,10:00:00,50.27777777777777,0.0,50.27777777777777,1.241667,1013,0.27
11/27/2021,11:00:00,113.88888888888889,25.39682539682539,105.0,0.975,1013,0.27
11/27/2021,12:00:00,189.72222222222223,196.89542483660134,122.77777777777777,2.2,1013,0.27
11/27/2021,13:00:00,129.16666666666666,33.73015873015867,119.72222222222223,2.05,1013,0.27
11/27/2021,14:00:00,47.222222222222214,0.0,47.222222222222214,1.591667,1013,0.27
11/27/2021,15:00:00,12.22222222222222,3.9682539682539284,11.944444444444445,0.7916667,1013,0.27
11/27/2021,16:00:00,0.0,-0.0,0.0,0.3083333,1013,0.27
11/27/2021,17:00:00,0.0,-0.0,0.0,-1.241667,1013,0.27
11/27/2021,18:00:00,0.0,-0.0,0.0,-3.275,1013,0.27
11/27/2021,19:00:00,0.0,-0.0,0.0,-4.8,1013,0.27
11/27/2021,20:00:00,0.0,-0.0,0.0,-6.758333,1013,0.27
11/27/2021,21:00:00,0.0,-0.0,0.0,-7.191667,1013,0.27
11/27/2021,22:00:00,0.0,-0.0,0.0,-5.458333,1013,0.27
11/27/2021,23:00:00,0.0,-0.0,0.0,-5.116667,1013,0.27
11/28/2021,00:00:00,0.0,-0.0,0.0,-4.475,1013,0.27
11/28/2021,01:00:00,0.0,-0.0,0.0,-3.65,1013,0.27
11/28/2021,02:00:00,0.0,-0.0,0.0,-2.916667,1013,0.27
11/28/2021,03:00:00,0.0,-0.0,0.0,-2.683333,1013,0.27
11/28/2021,04:00:00,0.0,-0.0,0.0,-2.666667,1013,0.27
11/28/2021,05:00:00,0.0,-0.0,0.0,-2.775,1013,0.27
11/28/2021,06:00:00,0.0,-0.0,0.0,-3.1,1013,0.27
11/28/2021,07:00:00,16.111111111111114,,16.111111111111114,-2.666667,1013,0.27
11/28/2021,08:00:00,78.33333333333333,2.1367521367520883,78.05555555555556,-1.25,1013,0.27
11/28/2021,09:00:00,119.44444444444446,1.1574074074073812,119.16666666666669,-0.2333333,1013,0.27
11/28/2021,10:00:00,111.11111111111111,0.0,111.11111111111111,0.4666667,1013,0.27
11/28/2021,11:00:00,120.27777777777777,0.8169934640523108,119.99999999999999,1.508333,1013,0.27
11/28/2021,12:00:00,75.83333333333334,0.0,75.83333333333334,1.6,1013,0.27
11/28/2021,13:00:00,175.83333333333334,200.39682539682548,119.7222222222222,2.058333,1013,0.27
11/28/2021,14:00:00,22.222222222222218,0.0,22.222222222222218,1.366667,1013,0.27
11/28/2021,15:00:00,0.5555555555555556,0.0,0.5555555555555556,0.5333334,1013,0.27
11/28/2021,16:00:00,0.0,-0.0,0.0,6.383333,1013,0.27
11/28/2021,17:00:00,0.0,-0.0,0.0,-0.275,1013,0.27
11/28/2021,18:00:00,0.0,-0.0,0.0,-0.85,1013,0.27
11/28/2021,19:00:00,0.0,-0.0,0.0,-1.083333,1013,0.27
11/28/2021,20:00:00,0.0,-0.0,0.0,-1.183333,1013,0.27
11/28/2021,21:00:00,0.0,-0.0,0.0,-0.95,1013,0.27
11/28/2021,22:00:00,0.0,-0.0,0.0,-1.158333,1013,0.27
11/28/2021,23:00:00,0.0,-0.0,0.0,-1.05,1013,0.27
11/29/2021,00:00:00,0.0,-0.0,0.0,-0.975,1013,0.27
11/29/2021,01:00:00,0.0,-0.0,0.0,-1.491667,1013,0.27
11/29/2021,02:00:00,0.0,-0.0,0.0,-1.675,1013,0.27
11/29/2021,03:00:00,0.0,-0.0,0.0,-1.516667,1013,0.27
11/29/2021,04:00:00,0.0,-0.0,0.0,-1.808333,1013,0.27
11/29/2021,05:00:00,0.0,-0.0,0.0,-1.983333,1013,0.27
11/29/2021,06:00:00,0.0,-0.0,0.0,-1.983333,1013,0.27
11/29/2021,07:00:00,0.2777777777777778,,0.2777777777777778,-1.683333,1013,0.27
11/29/2021,08:00:00,16.11111111111111,0.0,16.11111111111111,-1.308333,1013,0.27
11/29/2021,09:00:00,69.72222222222221,0.0,69.72222222222221,-0.45,1013,0.27
11/29/2021,10:00:00,124.72222222222224,1.7921146953405527,124.16666666666667,0.8916667,1013,0.27
11/29/2021,11:00:00,194.44444444444446,136.4379084967321,148.05555555555554,1.258333,1013,0.27
11/29/2021,12:00:00,147.5,26.936026936026924,138.61111111111111,2.175,1013,0.27
11/29/2021,13:00:00,109.72222222222223,10.912698412698417,106.66666666666667,0.825,1013,0.27
11/29/2021,14:00:00,35.27777777777778,0.0,35.27777777777778,0.4166667,1013,0.27
11/29/2021,15:00:00,0.0,0.0,0.0,-0.4333333,1013,0.27
11/29/2021,16:00:00,0.0,-0.0,0.0,-1.266667,1013,0.27
11/29/2021,17:00:00,0.0,-0.0,0.0,-1.7,1013,0.27
11/29/2021,18:00:00,0.0,-0.0,0.0,-1.791667,1013,0.27
11/29/2021,19:00:00,0.0,-0.0,0.0,-2.033333,1013,0.27
11/29/2021,20:00:00,0.0,-0.0,0.0,-2.033333,1013,0.27
11/29/2021,21:00:00,0.0,-0.0,0.0,-1.991667,1013,0.27
11/29/2021,22:00:00,0.0,-0.0,0.0,-1.933333,1013,0.27
11/29/2021,23:00:00,0.0,-0.0,0.0,-1.425,1013,0.27
11/30/2021,00:00:00,0.0,-0.0,0.0,-1.2,1013,0.27
11/30/2021,01:00:00,0.0,-0.0,0.0,-1.191667,1013,0.27
11/30/2021,02:00:00,0.0,-0.0,0.0,-1.108333,1013,0.27
11/30/2021,03:00:00,0.0,-0.0,0.0,-1.025,1013,0.27
11/30/2021,04:00:00,0.0,-0.0,0.0,-1.125,1013,0.27
11/30/2021,05:00:00,0.0,-0.0,0.0,-1.108333,1013,0.27
11/30/2021,06:00:00,0.0,-0.0,0.0,-1.408333,1013,0.27
11/30/2021,07:00:00,6.944444444444445,-0.0,6.944444444444445,-1.525,1013,0.27
11/30/2021,08:00:00,37.77777777777777,0.0,37.77777777777777,-1.566667,1013,0.27
11/30/2021,09:00:00,88.33333333333333,0.0,88.33333333333333,-0.3833333,1013,0.27
11/30/2021,10:00:00,73.05555555555556,0.0,73.05555555555556,0.175,1013,0.27
11/30/2021,11:00:00,70.55555555555556,0.0,70.55555555555556,0.1916667,1013,0.27
11/30/2021,12:00:00,57.22222222222222,0.0,57.22222222222222,-0.008333334,1013,0.27
11/30/2021,13:00:00,56.666666666666664,0.0,56.666666666666664,0.1916667,1013,0.27
11/30/2021,14:00:00,23.055555555555557,0.0,23.055555555555557,0.4083333,1013,0.27
11/30/2021,15:00:00,0.5555555555555556,0.0,0.5555555555555556,0.65,1013,0.27
11/30/2021,16:00:00,0.0,-0.0,0.0,0.6833333,1013,0.27
11/30/2021,17:00:00,0.0,-0.0,0.0,0.9666666,1013,0.27
11/30/2021,18:00:00,0.0,-0.0,0.0,1.2,1013,0.27
11/30/2021,19:00:00,0.0,-0.0,0.0,1.175,1013,0.27
11/30/2021,20:00:00,0.0,-0.0,0.0,1.241667,1013,0.27
11/30/2021,21:00:00,0.0,-0.0,0.0,1.3,1013,0.27
11/30/2021,22:00:00,0.0,-0.0,0.0,1.108333,1013,0.27
11/30/2021,23:00:00,0.0,-0.0,0.0,0.7333333,1013,0.27
