date;time;GHI;DHI
23.09.2020;00:00:00;0;0
23.09.2020;00:10:00;0;0
23.09.2020;00:20:00;0;0
23.09.2020;00:30:00;0;0
23.09.2020;00:40:00;0;0
23.09.2020;00:50:00;0;0
23.09.2020;01:00:00;0;0
23.09.2020;01:10:00;0;0
23.09.2020;01:20:00;0;0
23.09.2020;01:30:00;0;0
23.09.2020;01:40:00;0;0
23.09.2020;01:50:00;0;0
23.09.2020;02:00:00;0;0
23.09.2020;02:10:00;0;0
23.09.2020;02:20:00;0;0
23.09.2020;02:30:00;0;0
23.09.2020;02:40:00;0;0
23.09.2020;02:50:00;0;0
23.09.2020;03:00:00;0;0
23.09.2020;03:10:00;0;0
23.09.2020;03:20:00;0;0
23.09.2020;03:30:00;0;0
23.09.2020;03:40:00;0;0
23.09.2020;03:50:00;0;0
23.09.2020;04:00:00;0;0
23.09.2020;04:10:00;0;0
23.09.2020;04:20:00;0;0
23.09.2020;04:30:00;0;0
23.09.2020;04:40:00;0;0
23.09.2020;04:50:00;0;0
23.09.2020;05:00:00;0;0
23.09.2020;05:10:00;0;0
23.09.2020;05:20:00;0;0
23.09.2020;05:30:00;1.666666667;1.666666667
23.09.2020;05:40:00;8.333333333;8.333333333
23.09.2020;05:50:00;21.66666667;21.66666667
23.09.2020;06:00:00;41.66666667;38.33333333
23.09.2020;06:10:00;60;46.66666667
23.09.2020;06:20:00;53.33333333;41.66666667
23.09.2020;06:30:00;68.33333333;60
23.09.2020;06:40:00;131.6666667;98.33333333
23.09.2020;06:50:00;135;111.6666667
23.09.2020;07:00:00;113.3333333;105
23.09.2020;07:10:00;141.6666667;111.6666667
23.09.2020;07:20:00;190;126.6666667
23.09.2020;07:30:00;251.6666667;136.6666667
23.09.2020;07:40:00;256.6666667;138.3333333
23.09.2020;07:50:00;285;131.6666667
23.09.2020;08:00:00;326.6666667;153.3333333
23.09.2020;08:10:00;350;205
23.09.2020;08:20:00;378.3333333;188.3333333
23.09.2020;08:30:00;381.6666667;156.6666667
23.09.2020;08:40:00;418.3333333;166.6666667
23.09.2020;08:50:00;451.6666667;188.3333333
23.09.2020;09:00:00;508.3333333;220
23.09.2020;09:10:00;530;240
23.09.2020;09:20:00;491.6666667;175
23.09.2020;09:30:00;485;150
23.09.2020;09:40:00;510;165
23.09.2020;09:50:00;518.3333333;170
23.09.2020;10:00:00;545;191.6666667
23.09.2020;10:10:00;528.3333333;190
23.09.2020;10:20:00;563.3333333;220
23.09.2020;10:30:00;503.3333333;268.3333333
23.09.2020;10:40:00;591.6666667;243.3333333
23.09.2020;10:50:00;303.3333333;278.3333333
23.09.2020;11:00:00;526.6666667;326.6666667
23.09.2020;11:10:00;578.3333333;225
23.09.2020;11:20:00;593.3333333;171.6666667
23.09.2020;11:30:00;525;173.3333333
23.09.2020;11:40:00;561.6666667;165
23.09.2020;11:50:00;600;163.3333333
23.09.2020;12:00:00;596.6666667;171.6666667
23.09.2020;12:10:00;601.6666667;218.3333333
23.09.2020;12:20:00;571.6666667;261.6666667
23.09.2020;12:30:00;258.3333333;246.6666667
23.09.2020;12:40:00;251.6666667;236.6666667
23.09.2020;12:50:00;280;243.3333333
23.09.2020;13:00:00;580;248.3333333
23.09.2020;13:10:00;350;218.3333333
23.09.2020;13:20:00;283.3333333;230
23.09.2020;13:30:00;441.6666667;223.3333333
23.09.2020;13:40:00;293.3333333;195
23.09.2020;13:50:00;360;205
23.09.2020;14:00:00;220;188.3333333
23.09.2020;14:10:00;185;161.6666667
23.09.2020;14:20:00;333.3333333;186.6666667
23.09.2020;14:30:00;233.3333333;145
23.09.2020;14:40:00;238.3333333;156.6666667
23.09.2020;14:50:00;331.6666667;148.3333333
23.09.2020;15:00:00;210;140
23.09.2020;15:10:00;138.3333333;113.3333333
23.09.2020;15:20:00;76.66666667;76.66666667
23.09.2020;15:30:00;58.33333333;58.33333333
23.09.2020;15:40:00;56.66666667;53.33333333
23.09.2020;15:50:00;70;61.66666667
23.09.2020;16:00:00;90;88.33333333
23.09.2020;16:10:00;75;71.66666667
23.09.2020;16:20:00;50;50
23.09.2020;16:30:00;35;35
23.09.2020;16:40:00;41.66666667;41.66666667
23.09.2020;16:50:00;35;35
23.09.2020;17:00:00;18.33333333;18.33333333
23.09.2020;17:10:00;8.333333333;8.333333333
23.09.2020;17:20:00;1.666666667;1.666666667
23.09.2020;17:30:00;0;0
23.09.2020;17:40:00;0;0
23.09.2020;17:50:00;0;0
23.09.2020;18:00:00;0;0
23.09.2020;18:10:00;0;0
23.09.2020;18:20:00;0;0
23.09.2020;18:30:00;0;0
23.09.2020;18:40:00;0;0
23.09.2020;18:50:00;0;0
23.09.2020;19:00:00;0;0
23.09.2020;19:10:00;0;0
23.09.2020;19:20:00;0;0
23.09.2020;19:30:00;0;0
23.09.2020;19:40:00;0;0
23.09.2020;19:50:00;0;0
23.09.2020;20:00:00;0;0
23.09.2020;20:10:00;0;0
23.09.2020;20:20:00;0;0
23.09.2020;20:30:00;0;0
23.09.2020;20:40:00;0;0
23.09.2020;20:50:00;0;0
23.09.2020;21:00:00;0;0
23.09.2020;21:10:00;0;0
23.09.2020;21:20:00;0;0
23.09.2020;21:30:00;0;0
23.09.2020;21:40:00;0;0
23.09.2020;21:50:00;0;0
23.09.2020;22:00:00;0;0
23.09.2020;22:10:00;0;0
23.09.2020;22:20:00;0;0
23.09.2020;22:30:00;0;0
23.09.2020;22:40:00;0;0
23.09.2020;22:50:00;0;0
23.09.2020;23:00:00;0;0
23.09.2020;23:10:00;0;0
23.09.2020;23:20:00;0;0
23.09.2020;23:30:00;0;0
23.09.2020;23:40:00;0;0
23.09.2020;23:50:00;0;0
24.09.2020;00:00:00;0;0
24.09.2020;00:10:00;0;0
24.09.2020;00:20:00;0;0
24.09.2020;00:30:00;0;0
24.09.2020;00:40:00;0;0
24.09.2020;00:50:00;0;0
24.09.2020;01:00:00;0;0
24.09.2020;01:10:00;0;0
24.09.2020;01:20:00;0;0
24.09.2020;01:30:00;0;0
24.09.2020;01:40:00;0;0
24.09.2020;01:50:00;0;0
24.09.2020;02:00:00;0;0
24.09.2020;02:10:00;0;0
24.09.2020;02:20:00;0;0
24.09.2020;02:30:00;0;0
24.09.2020;02:40:00;0;0
24.09.2020;02:50:00;0;0
24.09.2020;03:00:00;0;0
24.09.2020;03:10:00;0;0
24.09.2020;03:20:00;0;0
24.09.2020;03:30:00;0;0
24.09.2020;03:40:00;0;0
24.09.2020;03:50:00;0;0
24.09.2020;04:00:00;0;0
24.09.2020;04:10:00;0;0
24.09.2020;04:20:00;0;0
24.09.2020;04:30:00;0;0
24.09.2020;04:40:00;0;0
24.09.2020;04:50:00;0;0
24.09.2020;05:00:00;0;0
24.09.2020;05:10:00;0;0
24.09.2020;05:20:00;0;0
24.09.2020;05:30:00;0;0
24.09.2020;05:40:00;5;5
24.09.2020;05:50:00;13.33333333;13.33333333
24.09.2020;06:00:00;28.33333333;25
24.09.2020;06:10:00;45;31.66666667
24.09.2020;06:20:00;73.33333333;43.33333333
24.09.2020;06:30:00;96.66666667;53.33333333
24.09.2020;06:40:00;125;63.33333333
24.09.2020;06:50:00;148.3333333;66.66666667
24.09.2020;07:00:00;171.6666667;70
24.09.2020;07:10:00;200;73.33333333
24.09.2020;07:20:00;228.3333333;78.33333333
24.09.2020;07:30:00;251.6666667;85
24.09.2020;07:40:00;285;91.66666667
24.09.2020;07:50:00;296.6666667;96.66666667
24.09.2020;08:00:00;321.6666667;101.6666667
24.09.2020;08:10:00;343.3333333;110
24.09.2020;08:20:00;353.3333333;128.3333333
24.09.2020;08:30:00;338.3333333;165
24.09.2020;08:40:00;373.3333333;188.3333333
24.09.2020;08:50:00;365;203.3333333
24.09.2020;09:00:00;335;191.6666667
24.09.2020;09:10:00;301.6666667;203.3333333
24.09.2020;09:20:00;263.3333333;188.3333333
24.09.2020;09:30:00;415;195
24.09.2020;09:40:00;471.6666667;211.6666667
24.09.2020;09:50:00;520;196.6666667
24.09.2020;10:00:00;483.3333333;218.3333333
24.09.2020;10:10:00;510;206.6666667
24.09.2020;10:20:00;466.6666667;186.6666667
24.09.2020;10:30:00;518.3333333;195
24.09.2020;10:40:00;531.6666667;228.3333333
24.09.2020;10:50:00;423.3333333;275
24.09.2020;11:00:00;358.3333333;286.6666667
24.09.2020;11:10:00;586.6666667;293.3333333
24.09.2020;11:20:00;533.3333333;301.6666667
24.09.2020;11:30:00;525;318.3333333
24.09.2020;11:40:00;490;316.6666667
24.09.2020;11:50:00;375;296.6666667
24.09.2020;12:00:00;396.6666667;270
24.09.2020;12:10:00;530;253.3333333
24.09.2020;12:20:00;451.6666667;243.3333333
24.09.2020;12:30:00;435;260
24.09.2020;12:40:00;490;266.6666667
24.09.2020;12:50:00;425;278.3333333
24.09.2020;13:00:00;556.6666667;263.3333333
24.09.2020;13:10:00;368.3333333;263.3333333
24.09.2020;13:20:00;375;280
24.09.2020;13:30:00;303.3333333;271.6666667
24.09.2020;13:40:00;290;275
24.09.2020;13:50:00;266.6666667;260
24.09.2020;14:00:00;236.6666667;236.6666667
24.09.2020;14:10:00;256.6666667;255
24.09.2020;14:20:00;230;230
24.09.2020;14:30:00;240;233.3333333
24.09.2020;14:40:00;265;231.6666667
24.09.2020;14:50:00;228.3333333;210
24.09.2020;15:00:00;223.3333333;196.6666667
24.09.2020;15:10:00;183.3333333;175
24.09.2020;15:20:00;181.6666667;165
24.09.2020;15:30:00;181.6666667;153.3333333
24.09.2020;15:40:00;160;146.6666667
24.09.2020;15:50:00;135;131.6666667
24.09.2020;16:00:00;100;100
24.09.2020;16:10:00;68.33333333;68.33333333
24.09.2020;16:20:00;45;45
24.09.2020;16:30:00;30;30
24.09.2020;16:40:00;18.33333333;18.33333333
24.09.2020;16:50:00;8.333333333;8.333333333
24.09.2020;17:00:00;3.333333333;3.333333333
24.09.2020;17:10:00;3.333333333;1.666666667
24.09.2020;17:20:00;0;0
24.09.2020;17:30:00;0;0
24.09.2020;17:40:00;0;0
24.09.2020;17:50:00;0;0
24.09.2020;18:00:00;0;0
24.09.2020;18:10:00;0;0
24.09.2020;18:20:00;0;0
24.09.2020;18:30:00;0;0
24.09.2020;18:40:00;0;0
24.09.2020;18:50:00;0;0
24.09.2020;19:00:00;0;0
24.09.2020;19:10:00;0;0
24.09.2020;19:20:00;0;0
24.09.2020;19:30:00;0;0
24.09.2020;19:40:00;0;0
24.09.2020;19:50:00;0;0
24.09.2020;20:00:00;0;0
24.09.2020;20:10:00;0;0
24.09.2020;20:20:00;0;0
24.09.2020;20:30:00;0;0
24.09.2020;20:40:00;0;0
24.09.2020;20:50:00;0;0
24.09.2020;21:00:00;0;0
24.09.2020;21:10:00;0;0
24.09.2020;21:20:00;0;0
24.09.2020;21:30:00;0;0
24.09.2020;21:40:00;0;0
24.09.2020;21:50:00;0;0
24.09.2020;22:00:00;0;0
24.09.2020;22:10:00;0;0
24.09.2020;22:20:00;0;0
24.09.2020;22:30:00;0;0
24.09.2020;22:40:00;0;0
24.09.2020;22:50:00;0;0
24.09.2020;23:00:00;0;0
24.09.2020;23:10:00;0;0
24.09.2020;23:20:00;0;0
24.09.2020;23:30:00;0;0
24.09.2020;23:40:00;0;0
24.09.2020;23:50:00;0;0
25.09.2020;00:00:00;0;0
25.09.2020;00:10:00;0;0
25.09.2020;00:20:00;0;0
25.09.2020;00:30:00;0;0
25.09.2020;00:40:00;0;0
25.09.2020;00:50:00;0;0
25.09.2020;01:00:00;0;0
25.09.2020;01:10:00;0;0
25.09.2020;01:20:00;0;0
25.09.2020;01:30:00;0;0
25.09.2020;01:40:00;0;0
25.09.2020;01:50:00;0;0
25.09.2020;02:00:00;0;0
25.09.2020;02:10:00;0;0
25.09.2020;02:20:00;0;0
25.09.2020;02:30:00;0;0
25.09.2020;02:40:00;0;0
25.09.2020;02:50:00;0;0
25.09.2020;03:00:00;0;0
25.09.2020;03:10:00;0;0
25.09.2020;03:20:00;0;0
25.09.2020;03:30:00;0;0
25.09.2020;03:40:00;0;0
25.09.2020;03:50:00;0;0
25.09.2020;04:00:00;0;0
25.09.2020;04:10:00;0;0
25.09.2020;04:20:00;0;0
25.09.2020;04:30:00;0;0
25.09.2020;04:40:00;0;0
25.09.2020;04:50:00;0;0
25.09.2020;05:00:00;0;0
25.09.2020;05:10:00;0;0
25.09.2020;05:20:00;0;0
25.09.2020;05:30:00;0;0
25.09.2020;05:40:00;6.666666667;6.666666667
25.09.2020;05:50:00;18.33333333;18.33333333
25.09.2020;06:00:00;25;25
25.09.2020;06:10:00;30;28.33333333
25.09.2020;06:20:00;53.33333333;41.66666667
25.09.2020;06:30:00;78.33333333;45
25.09.2020;06:40:00;111.6666667;66.66666667
25.09.2020;06:50:00;131.6666667;80
25.09.2020;07:00:00;73.33333333;71.66666667
25.09.2020;07:10:00;113.3333333;90
25.09.2020;07:20:00;145;98.33333333
25.09.2020;07:30:00;145;113.3333333
25.09.2020;07:40:00;206.6666667;168.3333333
25.09.2020;07:50:00;213.3333333;166.6666667
25.09.2020;08:00:00;203.3333333;180
25.09.2020;08:10:00;176.6666667;176.6666667
25.09.2020;08:20:00;95;95
25.09.2020;08:30:00;105;105
25.09.2020;08:40:00;108.3333333;108.3333333
25.09.2020;08:50:00;121.6666667;121.6666667
25.09.2020;09:00:00;190;190
25.09.2020;09:10:00;230;226.6666667
25.09.2020;09:20:00;300;260
25.09.2020;09:30:00;345;301.6666667
25.09.2020;09:40:00;278.3333333;251.6666667
25.09.2020;09:50:00;470;216.6666667
25.09.2020;10:00:00;360;240
25.09.2020;10:10:00;346.6666667;273.3333333
25.09.2020;10:20:00;586.6666667;256.6666667
25.09.2020;10:30:00;410;258.3333333
25.09.2020;10:40:00;286.6666667;261.6666667
25.09.2020;10:50:00;296.6666667;240
25.09.2020;11:00:00;165;165
25.09.2020;11:10:00;353.3333333;303.3333333
25.09.2020;11:20:00;456.6666667;276.6666667
25.09.2020;11:30:00;486.6666667;258.3333333
25.09.2020;11:40:00;565;193.3333333
25.09.2020;11:50:00;670;155
25.09.2020;12:00:00;606.6666667;160
25.09.2020;12:10:00;426.6666667;266.6666667
25.09.2020;12:20:00;295;280
25.09.2020;12:30:00;411.6666667;261.6666667
25.09.2020;12:40:00;420;268.3333333
25.09.2020;12:50:00;445;205
25.09.2020;13:00:00;303.3333333;186.6666667
25.09.2020;13:10:00;148.3333333;146.6666667
25.09.2020;13:20:00;130;130
25.09.2020;13:30:00;180;165
25.09.2020;13:40:00;241.6666667;195
25.09.2020;13:50:00;511.6666667;218.3333333
25.09.2020;14:00:00;336.6666667;195
25.09.2020;14:10:00;295;195
25.09.2020;14:20:00;136.6666667;136.6666667
25.09.2020;14:30:00;183.3333333;163.3333333
25.09.2020;14:40:00;113.3333333;113.3333333
25.09.2020;14:50:00;86.66666667;86.66666667
25.09.2020;15:00:00;63.33333333;63.33333333
25.09.2020;15:10:00;93.33333333;93.33333333
25.09.2020;15:20:00;161.6666667;101.6666667
25.09.2020;15:30:00;331.6666667;140
25.09.2020;15:40:00;83.33333333;83.33333333
25.09.2020;15:50:00;41.66666667;41.66666667
25.09.2020;16:00:00;6.666666667;6.666666667
25.09.2020;16:10:00;16.66666667;16.66666667
25.09.2020;16:20:00;41.66666667;36.66666667
25.09.2020;16:30:00;73.33333333;68.33333333
25.09.2020;16:40:00;66.66666667;53.33333333
25.09.2020;16:50:00;38.33333333;25
25.09.2020;17:00:00;36.66666667;21.66666667
25.09.2020;17:10:00;18.33333333;16.66666667
25.09.2020;17:20:00;5;5
25.09.2020;17:30:00;0;0
25.09.2020;17:40:00;0;0
25.09.2020;17:50:00;0;0
25.09.2020;18:00:00;0;0
25.09.2020;18:10:00;0;0
25.09.2020;18:20:00;0;0
25.09.2020;18:30:00;0;0
25.09.2020;18:40:00;0;0
25.09.2020;18:50:00;0;0
25.09.2020;19:00:00;0;0
25.09.2020;19:10:00;0;0
25.09.2020;19:20:00;0;0
25.09.2020;19:30:00;0;0
25.09.2020;19:40:00;0;0
25.09.2020;19:50:00;0;0
25.09.2020;20:00:00;0;0
25.09.2020;20:10:00;0;0
25.09.2020;20:20:00;0;0
25.09.2020;20:30:00;0;0
25.09.2020;20:40:00;0;0
25.09.2020;20:50:00;0;0
25.09.2020;21:00:00;0;0
25.09.2020;21:10:00;0;0
25.09.2020;21:20:00;0;0
25.09.2020;21:30:00;0;0
25.09.2020;21:40:00;0;0
25.09.2020;21:50:00;0;0
25.09.2020;22:00:00;0;0
25.09.2020;22:10:00;0;0
25.09.2020;22:20:00;0;0
25.09.2020;22:30:00;0;0
25.09.2020;22:40:00;0;0
25.09.2020;22:50:00;0;0
25.09.2020;23:00:00;0;0
25.09.2020;23:10:00;0;0
25.09.2020;23:20:00;0;0
25.09.2020;23:30:00;0;0
25.09.2020;23:40:00;0;0
25.09.2020;23:50:00;0;0
26.09.2020;00:00:00;0;0
26.09.2020;00:10:00;0;0
26.09.2020;00:20:00;0;0
26.09.2020;00:30:00;0;0
26.09.2020;00:40:00;0;0
26.09.2020;00:50:00;0;0
26.09.2020;01:00:00;0;0
26.09.2020;01:10:00;0;0
26.09.2020;01:20:00;0;0
26.09.2020;01:30:00;0;0
26.09.2020;01:40:00;0;0
26.09.2020;01:50:00;0;0
26.09.2020;02:00:00;0;0
26.09.2020;02:10:00;0;0
26.09.2020;02:20:00;0;0
26.09.2020;02:30:00;0;0
26.09.2020;02:40:00;0;0
26.09.2020;02:50:00;0;0
26.09.2020;03:00:00;0;0
26.09.2020;03:10:00;0;0
26.09.2020;03:20:00;0;0
26.09.2020;03:30:00;0;0
26.09.2020;03:40:00;0;0
26.09.2020;03:50:00;0;0
26.09.2020;04:00:00;0;0
26.09.2020;04:10:00;0;0
26.09.2020;04:20:00;0;0
26.09.2020;04:30:00;0;0
26.09.2020;04:40:00;0;0
26.09.2020;04:50:00;0;0
26.09.2020;05:00:00;0;0
26.09.2020;05:10:00;0;0
26.09.2020;05:20:00;0;0
26.09.2020;05:30:00;0;0
26.09.2020;05:40:00;0;0
26.09.2020;05:50:00;0;0
26.09.2020;06:00:00;0;0
26.09.2020;06:10:00;0;0
26.09.2020;06:20:00;5;5
26.09.2020;06:30:00;11.66666667;11.66666667
26.09.2020;06:40:00;15;15
26.09.2020;06:50:00;20;20
26.09.2020;07:00:00;20;20
26.09.2020;07:10:00;18.33333333;18.33333333
26.09.2020;07:20:00;18.33333333;18.33333333
26.09.2020;07:30:00;28.33333333;28.33333333
26.09.2020;07:40:00;35;35
26.09.2020;07:50:00;31.66666667;31.66666667
26.09.2020;08:00:00;36.66666667;36.66666667
26.09.2020;08:10:00;41.66666667;41.66666667
26.09.2020;08:20:00;56.66666667;56.66666667
26.09.2020;08:30:00;45;45
26.09.2020;08:40:00;40;40
26.09.2020;08:50:00;38.33333333;38.33333333
26.09.2020;09:00:00;108.3333333;108.3333333
26.09.2020;09:10:00;81.66666667;81.66666667
26.09.2020;09:20:00;121.6666667;121.6666667
26.09.2020;09:30:00;198.3333333;196.6666667
26.09.2020;09:40:00;153.3333333;153.3333333
26.09.2020;09:50:00;186.6666667;186.6666667
26.09.2020;10:00:00;160;160
26.09.2020;10:10:00;185;185
26.09.2020;10:20:00;240;240
26.09.2020;10:30:00;210;210
26.09.2020;10:40:00;155;155
26.09.2020;10:50:00;261.6666667;260
26.09.2020;11:00:00;293.3333333;291.6666667
26.09.2020;11:10:00;245;245
26.09.2020;11:20:00;211.6666667;211.6666667
26.09.2020;11:30:00;253.3333333;253.3333333
26.09.2020;11:40:00;350;345
26.09.2020;11:50:00;338.3333333;338.3333333
26.09.2020;12:00:00;305;305
26.09.2020;12:10:00;265;261.6666667
26.09.2020;12:20:00;306.6666667;298.3333333
26.09.2020;12:30:00;226.6666667;218.3333333
26.09.2020;12:40:00;56.66666667;56.66666667
26.09.2020;12:50:00;45;45
26.09.2020;13:00:00;171.6666667;171.6666667
26.09.2020;13:10:00;250;250
26.09.2020;13:20:00;170;170
26.09.2020;13:30:00;56.66666667;56.66666667
26.09.2020;13:40:00;86.66666667;85
26.09.2020;13:50:00;150;150
26.09.2020;14:00:00;58.33333333;58.33333333
26.09.2020;14:10:00;70;70
26.09.2020;14:20:00;50;50
26.09.2020;14:30:00;63.33333333;63.33333333
26.09.2020;14:40:00;103.3333333;103.3333333
26.09.2020;14:50:00;95;95
26.09.2020;15:00:00;88.33333333;88.33333333
26.09.2020;15:10:00;71.66666667;71.66666667
26.09.2020;15:20:00;80;80
26.09.2020;15:30:00;51.66666667;51.66666667
26.09.2020;15:40:00;20;20
26.09.2020;15:50:00;23.33333333;23.33333333
26.09.2020;16:00:00;13.33333333;13.33333333
26.09.2020;16:10:00;8.333333333;8.333333333
26.09.2020;16:20:00;5;5
26.09.2020;16:30:00;5;5
26.09.2020;16:40:00;0;0
26.09.2020;16:50:00;0;0
26.09.2020;17:00:00;0;0
26.09.2020;17:10:00;0;0
26.09.2020;17:20:00;0;0
26.09.2020;17:30:00;0;0
26.09.2020;17:40:00;0;0
26.09.2020;17:50:00;0;0
26.09.2020;18:00:00;0;0
26.09.2020;18:10:00;0;0
26.09.2020;18:20:00;0;0
26.09.2020;18:30:00;0;0
26.09.2020;18:40:00;0;0
26.09.2020;18:50:00;0;0
26.09.2020;19:00:00;0;0
26.09.2020;19:10:00;0;0
26.09.2020;19:20:00;0;0
26.09.2020;19:30:00;0;0
26.09.2020;19:40:00;0;0
26.09.2020;19:50:00;0;0
26.09.2020;20:00:00;0;0
26.09.2020;20:10:00;0;0
26.09.2020;20:20:00;0;0
26.09.2020;20:30:00;0;0
26.09.2020;20:40:00;0;0
26.09.2020;20:50:00;0;0
26.09.2020;21:00:00;0;0
26.09.2020;21:10:00;0;0
26.09.2020;21:20:00;0;0
26.09.2020;21:30:00;0;0
26.09.2020;21:40:00;0;0
26.09.2020;21:50:00;0;0
26.09.2020;22:00:00;0;0
26.09.2020;22:10:00;0;0
26.09.2020;22:20:00;0;0
26.09.2020;22:30:00;0;0
26.09.2020;22:40:00;0;0
26.09.2020;22:50:00;0;0
26.09.2020;23:00:00;0;0
26.09.2020;23:10:00;0;0
26.09.2020;23:20:00;0;0
26.09.2020;23:30:00;0;0
26.09.2020;23:40:00;0;0
26.09.2020;23:50:00;0;0
27.09.2020;00:00:00;0;0
27.09.2020;00:10:00;0;0
27.09.2020;00:20:00;0;0
27.09.2020;00:30:00;0;0
27.09.2020;00:40:00;0;0
27.09.2020;00:50:00;0;0
27.09.2020;01:00:00;0;0
27.09.2020;01:10:00;0;0
27.09.2020;01:20:00;0;0
27.09.2020;01:30:00;0;0
27.09.2020;01:40:00;0;0
27.09.2020;01:50:00;0;0
27.09.2020;02:00:00;0;0
27.09.2020;02:10:00;0;0
27.09.2020;02:20:00;0;0
27.09.2020;02:30:00;0;0
27.09.2020;02:40:00;0;0
27.09.2020;02:50:00;0;0
27.09.2020;03:00:00;0;0
27.09.2020;03:10:00;0;0
27.09.2020;03:20:00;0;0
27.09.2020;03:30:00;0;0
27.09.2020;03:40:00;0;0
27.09.2020;03:50:00;0;0
27.09.2020;04:00:00;0;0
27.09.2020;04:10:00;0;0
27.09.2020;04:20:00;0;0
27.09.2020;04:30:00;0;0
27.09.2020;04:40:00;0;0
27.09.2020;04:50:00;0;0
27.09.2020;05:00:00;0;0
27.09.2020;05:10:00;0;0
27.09.2020;05:20:00;0;0
27.09.2020;05:30:00;0;0
27.09.2020;05:40:00;0;0
27.09.2020;05:50:00;0;0
27.09.2020;06:00:00;8.333333333;8.333333333
27.09.2020;06:10:00;35;35
27.09.2020;06:20:00;40;40
27.09.2020;06:30:00;60;60
27.09.2020;06:40:00;101.6666667;86.66666667
27.09.2020;06:50:00;146.6666667;101.6666667
27.09.2020;07:00:00;100;98.33333333
27.09.2020;07:10:00;120;116.6666667
27.09.2020;07:20:00;151.6666667;145
27.09.2020;07:30:00;150;125
27.09.2020;07:40:00;150;115
27.09.2020;07:50:00;188.3333333;130
27.09.2020;08:00:00;206.6666667;138.3333333
27.09.2020;08:10:00;191.6666667;175
27.09.2020;08:20:00;206.6666667;200
27.09.2020;08:30:00;305;240
27.09.2020;08:40:00;238.3333333;198.3333333
27.09.2020;08:50:00;226.6666667;193.3333333
27.09.2020;09:00:00;186.6666667;170
27.09.2020;09:10:00;195;190
27.09.2020;09:20:00;163.3333333;163.3333333
27.09.2020;09:30:00;178.3333333;178.3333333
27.09.2020;09:40:00;275;275
27.09.2020;09:50:00;310;295
27.09.2020;10:00:00;288.3333333;286.6666667
27.09.2020;10:10:00;193.3333333;193.3333333
27.09.2020;10:20:00;230;230
27.09.2020;10:30:00;288.3333333;286.6666667
27.09.2020;10:40:00;233.3333333;230
27.09.2020;10:50:00;436.6666667;318.3333333
27.09.2020;11:00:00;256.6666667;256.6666667
27.09.2020;11:10:00;311.6666667;308.3333333
27.09.2020;11:20:00;275;273.3333333
27.09.2020;11:30:00;410;396.6666667
27.09.2020;11:40:00;391.6666667;351.6666667
27.09.2020;11:50:00;430;333.3333333
27.09.2020;12:00:00;520;298.3333333
27.09.2020;12:10:00;190;190
27.09.2020;12:20:00;78.33333333;78.33333333
27.09.2020;12:30:00;160;158.3333333
27.09.2020;12:40:00;218.3333333;218.3333333
27.09.2020;12:50:00;233.3333333;230
27.09.2020;13:00:00;230;228.3333333
27.09.2020;13:10:00;235;233.3333333
27.09.2020;13:20:00;188.3333333;188.3333333
27.09.2020;13:30:00;141.6666667;141.6666667
27.09.2020;13:40:00;151.6666667;150
27.09.2020;13:50:00;256.6666667;250
27.09.2020;14:00:00;211.6666667;211.6666667
27.09.2020;14:10:00;225;223.3333333
27.09.2020;14:20:00;190;188.3333333
27.09.2020;14:30:00;236.6666667;235
27.09.2020;14:40:00;198.3333333;195
27.09.2020;14:50:00;105;105
27.09.2020;15:00:00;65;63.33333333
27.09.2020;15:10:00;38.33333333;38.33333333
27.09.2020;15:20:00;36.66666667;36.66666667
27.09.2020;15:30:00;28.33333333;28.33333333
27.09.2020;15:40:00;40;40
27.09.2020;15:50:00;46.66666667;46.66666667
27.09.2020;16:00:00;80;80
27.09.2020;16:10:00;53.33333333;53.33333333
27.09.2020;16:20:00;25;25
27.09.2020;16:30:00;18.33333333;18.33333333
27.09.2020;16:40:00;11.66666667;11.66666667
27.09.2020;16:50:00;3.333333333;3.333333333
27.09.2020;17:00:00;0;0
27.09.2020;17:10:00;0;0
27.09.2020;17:20:00;0;0
27.09.2020;17:30:00;0;0
27.09.2020;17:40:00;0;0
27.09.2020;17:50:00;0;0
27.09.2020;18:00:00;0;0
27.09.2020;18:10:00;0;0
27.09.2020;18:20:00;0;0
27.09.2020;18:30:00;0;0
27.09.2020;18:40:00;0;0
27.09.2020;18:50:00;0;0
27.09.2020;19:00:00;0;0
27.09.2020;19:10:00;0;0
27.09.2020;19:20:00;0;0
27.09.2020;19:30:00;0;0
27.09.2020;19:40:00;0;0
27.09.2020;19:50:00;0;0
27.09.2020;20:00:00;0;0
27.09.2020;20:10:00;0;0
27.09.2020;20:20:00;0;0
27.09.2020;20:30:00;0;0
27.09.2020;20:40:00;0;0
27.09.2020;20:50:00;0;0
27.09.2020;21:00:00;0;0
27.09.2020;21:10:00;0;0
27.09.2020;21:20:00;0;0
27.09.2020;21:30:00;0;0
27.09.2020;21:40:00;0;0
27.09.2020;21:50:00;0;0
27.09.2020;22:00:00;0;0
27.09.2020;22:10:00;0;0
27.09.2020;22:20:00;0;0
27.09.2020;22:30:00;0;0
27.09.2020;22:40:00;0;0
27.09.2020;22:50:00;0;0
27.09.2020;23:00:00;0;0
27.09.2020;23:10:00;0;0
27.09.2020;23:20:00;0;0
27.09.2020;23:30:00;0;0
27.09.2020;23:40:00;0;0
27.09.2020;23:50:00;0;0
28.09.2020;00:00:00;0;0
28.09.2020;00:10:00;0;0
28.09.2020;00:20:00;0;0
28.09.2020;00:30:00;0;0
28.09.2020;00:40:00;0;0
28.09.2020;00:50:00;0;0
28.09.2020;01:00:00;0;0
28.09.2020;01:10:00;0;0
28.09.2020;01:20:00;0;0
28.09.2020;01:30:00;0;0
28.09.2020;01:40:00;0;0
28.09.2020;01:50:00;0;0
28.09.2020;02:00:00;0;0
28.09.2020;02:10:00;0;0
28.09.2020;02:20:00;0;0
28.09.2020;02:30:00;0;0
28.09.2020;02:40:00;0;0
28.09.2020;02:50:00;0;0
28.09.2020;03:00:00;0;0
28.09.2020;03:10:00;0;0
28.09.2020;03:20:00;0;0
28.09.2020;03:30:00;0;0
28.09.2020;03:40:00;0;0
28.09.2020;03:50:00;0;0
28.09.2020;04:00:00;0;0
28.09.2020;04:10:00;0;0
28.09.2020;04:20:00;0;0
28.09.2020;04:30:00;0;0
28.09.2020;04:40:00;0;0
28.09.2020;04:50:00;0;0
28.09.2020;05:00:00;0;0
28.09.2020;05:10:00;0;0
28.09.2020;05:20:00;0;0
28.09.2020;05:30:00;0;0
28.09.2020;05:40:00;0;0
28.09.2020;05:50:00;0;0
28.09.2020;06:00:00;10;10
28.09.2020;06:10:00;23.33333333;23.33333333
28.09.2020;06:20:00;28.33333333;28.33333333
28.09.2020;06:30:00;33.33333333;33.33333333
28.09.2020;06:40:00;31.66666667;31.66666667
28.09.2020;06:50:00;33.33333333;30
28.09.2020;07:00:00;50;50
28.09.2020;07:10:00;83.33333333;83.33333333
28.09.2020;07:20:00;80;80
28.09.2020;07:30:00;116.6666667;116.6666667
28.09.2020;07:40:00;126.6666667;126.6666667
28.09.2020;07:50:00;120;118.3333333
28.09.2020;08:00:00;136.6666667;136.6666667
28.09.2020;08:10:00;138.3333333;136.6666667
28.09.2020;08:20:00;118.3333333;116.6666667
28.09.2020;08:30:00;156.6666667;155
28.09.2020;08:40:00;156.6666667;156.6666667
28.09.2020;08:50:00;141.6666667;141.6666667
28.09.2020;09:00:00;145;145
28.09.2020;09:10:00;216.6666667;215
28.09.2020;09:20:00;243.3333333;243.3333333
28.09.2020;09:30:00;296.6666667;283.3333333
28.09.2020;09:40:00;275;270
28.09.2020;09:50:00;266.6666667;256.6666667
28.09.2020;10:00:00;245;245
28.09.2020;10:10:00;240;238.3333333
28.09.2020;10:20:00;250;248.3333333
28.09.2020;10:30:00;246.6666667;246.6666667
28.09.2020;10:40:00;261.6666667;261.6666667
28.09.2020;10:50:00;276.6666667;276.6666667
28.09.2020;11:00:00;261.6666667;261.6666667
28.09.2020;11:10:00;293.3333333;291.6666667
28.09.2020;11:20:00;251.6666667;251.6666667
28.09.2020;11:30:00;203.3333333;203.3333333
28.09.2020;11:40:00;203.3333333;203.3333333
28.09.2020;11:50:00;168.3333333;168.3333333
28.09.2020;12:00:00;173.3333333;173.3333333
28.09.2020;12:10:00;210;210
28.09.2020;12:20:00;223.3333333;223.3333333
28.09.2020;12:30:00;203.3333333;203.3333333
28.09.2020;12:40:00;213.3333333;213.3333333
28.09.2020;12:50:00;223.3333333;223.3333333
28.09.2020;13:00:00;210;210
28.09.2020;13:10:00;153.3333333;151.6666667
28.09.2020;13:20:00;135;135
28.09.2020;13:30:00;145;145
28.09.2020;13:40:00;123.3333333;123.3333333
28.09.2020;13:50:00;106.6666667;106.6666667
28.09.2020;14:00:00;101.6666667;101.6666667
28.09.2020;14:10:00;86.66666667;86.66666667
28.09.2020;14:20:00;53.33333333;53.33333333
28.09.2020;14:30:00;91.66666667;91.66666667
28.09.2020;14:40:00;106.6666667;106.6666667
28.09.2020;14:50:00;106.6666667;106.6666667
28.09.2020;15:00:00;88.33333333;88.33333333
28.09.2020;15:10:00;88.33333333;88.33333333
28.09.2020;15:20:00;81.66666667;81.66666667
28.09.2020;15:30:00;56.66666667;56.66666667
28.09.2020;15:40:00;48.33333333;48.33333333
28.09.2020;15:50:00;31.66666667;31.66666667
28.09.2020;16:00:00;20;20
28.09.2020;16:10:00;15;15
28.09.2020;16:20:00;16.66666667;16.66666667
28.09.2020;16:30:00;15;15
28.09.2020;16:40:00;6.666666667;6.666666667
28.09.2020;16:50:00;1.666666667;1.666666667
28.09.2020;17:00:00;1.666666667;1.666666667
28.09.2020;17:10:00;1.666666667;1.666666667
28.09.2020;17:20:00;0;0
28.09.2020;17:30:00;0;0
28.09.2020;17:40:00;0;0
28.09.2020;17:50:00;0;0
28.09.2020;18:00:00;0;0
28.09.2020;18:10:00;0;0
28.09.2020;18:20:00;0;0
28.09.2020;18:30:00;0;0
28.09.2020;18:40:00;0;0
28.09.2020;18:50:00;0;0
28.09.2020;19:00:00;0;0
28.09.2020;19:10:00;0;0
28.09.2020;19:20:00;0;0
28.09.2020;19:30:00;0;0
28.09.2020;19:40:00;0;0
28.09.2020;19:50:00;0;0
28.09.2020;20:00:00;0;0
28.09.2020;20:10:00;0;0
28.09.2020;20:20:00;0;0
28.09.2020;20:30:00;0;0
28.09.2020;20:40:00;0;0
28.09.2020;20:50:00;0;0
28.09.2020;21:00:00;0;0
28.09.2020;21:10:00;0;0
28.09.2020;21:20:00;0;0
28.09.2020;21:30:00;0;0
28.09.2020;21:40:00;0;0
28.09.2020;21:50:00;0;0
28.09.2020;22:00:00;0;0
28.09.2020;22:10:00;0;0
28.09.2020;22:20:00;0;0
28.09.2020;22:30:00;0;0
28.09.2020;22:40:00;0;0
28.09.2020;22:50:00;0;0
28.09.2020;23:00:00;0;0
28.09.2020;23:10:00;0;0
28.09.2020;23:20:00;0;0
28.09.2020;23:30:00;0;0
28.09.2020;23:40:00;0;0
28.09.2020;23:50:00;0;0
29.09.2020;00:00:00;0;0
29.09.2020;00:10:00;0;0
29.09.2020;00:20:00;0;0
29.09.2020;00:30:00;0;0
29.09.2020;00:40:00;0;0
29.09.2020;00:50:00;0;0
29.09.2020;01:00:00;0;0
29.09.2020;01:10:00;0;0
29.09.2020;01:20:00;0;0
29.09.2020;01:30:00;0;0
29.09.2020;01:40:00;0;0
29.09.2020;01:50:00;0;0
29.09.2020;02:00:00;0;0
29.09.2020;02:10:00;0;0
29.09.2020;02:20:00;0;0
29.09.2020;02:30:00;0;0
29.09.2020;02:40:00;0;0
29.09.2020;02:50:00;0;0
29.09.2020;03:00:00;0;0
29.09.2020;03:10:00;0;0
29.09.2020;03:20:00;0;0
29.09.2020;03:30:00;0;0
29.09.2020;03:40:00;0;0
29.09.2020;03:50:00;0;0
29.09.2020;04:00:00;0;0
29.09.2020;04:10:00;0;0
29.09.2020;04:20:00;0;0
29.09.2020;04:30:00;0;0
29.09.2020;04:40:00;0;0
29.09.2020;04:50:00;0;0
29.09.2020;05:00:00;0;0
29.09.2020;05:10:00;0;0
29.09.2020;05:20:00;0;0
29.09.2020;05:30:00;0;0
29.09.2020;05:40:00;0;0
29.09.2020;05:50:00;0;0
29.09.2020;06:00:00;0;0
29.09.2020;06:10:00;0;0
29.09.2020;06:20:00;1.666666667;1.666666667
29.09.2020;06:30:00;1.666666667;1.666666667
29.09.2020;06:40:00;6.666666667;6.666666667
29.09.2020;06:50:00;8.333333333;8.333333333
29.09.2020;07:00:00;16.66666667;16.66666667
29.09.2020;07:10:00;20;20
29.09.2020;07:20:00;21.66666667;21.66666667
29.09.2020;07:30:00;21.66666667;21.66666667
29.09.2020;07:40:00;28.33333333;28.33333333
29.09.2020;07:50:00;35;35
29.09.2020;08:00:00;41.66666667;41.66666667
29.09.2020;08:10:00;30;30
29.09.2020;08:20:00;45;45
29.09.2020;08:30:00;60;60
29.09.2020;08:40:00;46.66666667;46.66666667
29.09.2020;08:50:00;55;55
29.09.2020;09:00:00;65;65
29.09.2020;09:10:00;73.33333333;73.33333333
29.09.2020;09:20:00;66.66666667;66.66666667
29.09.2020;09:30:00;61.66666667;61.66666667
29.09.2020;09:40:00;50;50
29.09.2020;09:50:00;53.33333333;53.33333333
29.09.2020;10:00:00;60;60
29.09.2020;10:10:00;68.33333333;66.66666667
29.09.2020;10:20:00;75;75
29.09.2020;10:30:00;61.66666667;61.66666667
29.09.2020;10:40:00;61.66666667;61.66666667
29.09.2020;10:50:00;91.66666667;91.66666667
29.09.2020;11:00:00;83.33333333;83.33333333
29.09.2020;11:10:00;70;68.33333333
29.09.2020;11:20:00;66.66666667;66.66666667
29.09.2020;11:30:00;70;70
29.09.2020;11:40:00;80;80
29.09.2020;11:50:00;65;65
29.09.2020;12:00:00;66.66666667;66.66666667
29.09.2020;12:10:00;76.66666667;76.66666667
29.09.2020;12:20:00;96.66666667;96.66666667
29.09.2020;12:30:00;100;100
29.09.2020;12:40:00;96.66666667;96.66666667
29.09.2020;12:50:00;73.33333333;73.33333333
29.09.2020;13:00:00;81.66666667;81.66666667
29.09.2020;13:10:00;86.66666667;86.66666667
29.09.2020;13:20:00;73.33333333;73.33333333
29.09.2020;13:30:00;73.33333333;73.33333333
29.09.2020;13:40:00;95;95
29.09.2020;13:50:00;86.66666667;86.66666667
29.09.2020;14:00:00;71.66666667;71.66666667
29.09.2020;14:10:00;80;80
29.09.2020;14:20:00;91.66666667;91.66666667
29.09.2020;14:30:00;80;80
29.09.2020;14:40:00;106.6666667;106.6666667
29.09.2020;14:50:00;123.3333333;123.3333333
29.09.2020;15:00:00;128.3333333;128.3333333
29.09.2020;15:10:00;151.6666667;151.6666667
29.09.2020;15:20:00;165;155
29.09.2020;15:30:00;251.6666667;200
29.09.2020;15:40:00;278.3333333;175
29.09.2020;15:50:00;196.6666667;130
29.09.2020;16:00:00;78.33333333;76.66666667
29.09.2020;16:10:00;56.66666667;55
29.09.2020;16:20:00;45;36.66666667
29.09.2020;16:30:00;25;23.33333333
29.09.2020;16:40:00;20;16.66666667
29.09.2020;16:50:00;11.66666667;10
29.09.2020;17:00:00;5;5
29.09.2020;17:10:00;0;0
29.09.2020;17:20:00;0;0
29.09.2020;17:30:00;0;0
29.09.2020;17:40:00;0;0
29.09.2020;17:50:00;0;0
29.09.2020;18:00:00;0;0
29.09.2020;18:10:00;0;0
29.09.2020;18:20:00;0;0
29.09.2020;18:30:00;0;0
29.09.2020;18:40:00;0;0
29.09.2020;18:50:00;0;0
29.09.2020;19:00:00;0;0
29.09.2020;19:10:00;0;0
29.09.2020;19:20:00;0;0
29.09.2020;19:30:00;0;0
29.09.2020;19:40:00;0;0
29.09.2020;19:50:00;0;0
29.09.2020;20:00:00;0;0
29.09.2020;20:10:00;0;0
29.09.2020;20:20:00;0;0
29.09.2020;20:30:00;0;0
29.09.2020;20:40:00;0;0
29.09.2020;20:50:00;0;0
29.09.2020;21:00:00;0;0
29.09.2020;21:10:00;0;0
29.09.2020;21:20:00;0;0
29.09.2020;21:30:00;0;0
29.09.2020;21:40:00;0;0
29.09.2020;21:50:00;0;0
29.09.2020;22:00:00;0;0
29.09.2020;22:10:00;0;0
29.09.2020;22:20:00;0;0
29.09.2020;22:30:00;0;0
29.09.2020;22:40:00;0;0
29.09.2020;22:50:00;0;0
29.09.2020;23:00:00;0;0
29.09.2020;23:10:00;0;0
29.09.2020;23:20:00;0;0
29.09.2020;23:30:00;0;0
29.09.2020;23:40:00;0;0
29.09.2020;23:50:00;0;0
30.09.2020;00:00:00;0;0
30.09.2020;00:10:00;0;0
30.09.2020;00:20:00;0;0
30.09.2020;00:30:00;0;0
30.09.2020;00:40:00;0;0
30.09.2020;00:50:00;0;0
30.09.2020;01:00:00;0;0
30.09.2020;01:10:00;0;0
30.09.2020;01:20:00;0;0
30.09.2020;01:30:00;0;0
30.09.2020;01:40:00;0;0
30.09.2020;01:50:00;0;0
30.09.2020;02:00:00;0;0
30.09.2020;02:10:00;0;0
30.09.2020;02:20:00;0;0
30.09.2020;02:30:00;0;0
30.09.2020;02:40:00;0;0
30.09.2020;02:50:00;0;0
30.09.2020;03:00:00;0;0
30.09.2020;03:10:00;0;0
30.09.2020;03:20:00;0;0
30.09.2020;03:30:00;0;0
30.09.2020;03:40:00;0;0
30.09.2020;03:50:00;0;0
30.09.2020;04:00:00;0;0
30.09.2020;04:10:00;0;0
30.09.2020;04:20:00;0;0
30.09.2020;04:30:00;0;0
30.09.2020;04:40:00;0;0
30.09.2020;04:50:00;0;0
30.09.2020;05:00:00;0;0
30.09.2020;05:10:00;0;0
30.09.2020;05:20:00;0;0
30.09.2020;05:30:00;0;0
30.09.2020;05:40:00;0;0
30.09.2020;05:50:00;0;0
30.09.2020;06:00:00;0;0
30.09.2020;06:10:00;6.666666667;6.666666667
30.09.2020;06:20:00;16.66666667;16.66666667
30.09.2020;06:30:00;28.33333333;28.33333333
30.09.2020;06:40:00;16.66666667;16.66666667
30.09.2020;06:50:00;26.66666667;26.66666667
30.09.2020;07:00:00;26.66666667;26.66666667
30.09.2020;07:10:00;41.66666667;41.66666667
30.09.2020;07:20:00;48.33333333;48.33333333
30.09.2020;07:30:00;43.33333333;43.33333333
30.09.2020;07:40:00;43.33333333;43.33333333
30.09.2020;07:50:00;46.66666667;46.66666667
30.09.2020;08:00:00;28.33333333;28.33333333
30.09.2020;08:10:00;48.33333333;48.33333333
30.09.2020;08:20:00;56.66666667;56.66666667
30.09.2020;08:30:00;76.66666667;76.66666667
30.09.2020;08:40:00;96.66666667;96.66666667
30.09.2020;08:50:00;85;85
30.09.2020;09:00:00;140;140
30.09.2020;09:10:00;260;256.6666667
30.09.2020;09:20:00;435;360
30.09.2020;09:30:00;425;336.6666667
30.09.2020;09:40:00;388.3333333;328.3333333
30.09.2020;09:50:00;475;360
30.09.2020;10:00:00;420;335
30.09.2020;10:10:00;538.3333333;395
30.09.2020;10:20:00;496.6666667;403.3333333
30.09.2020;10:30:00;585;240
30.09.2020;10:40:00;576.6666667;155
30.09.2020;10:50:00;586.6666667;185
30.09.2020;11:00:00;468.3333333;220
30.09.2020;11:10:00;396.6666667;315
30.09.2020;11:20:00;458.3333333;335
30.09.2020;11:30:00;385;291.6666667
30.09.2020;11:40:00;426.6666667;326.6666667
30.09.2020;11:50:00;355;225
30.09.2020;12:00:00;258.3333333;245
30.09.2020;12:10:00;300;298.3333333
30.09.2020;12:20:00;326.6666667;301.6666667
30.09.2020;12:30:00;400;270
30.09.2020;12:40:00;253.3333333;248.3333333
30.09.2020;12:50:00;240;218.3333333
30.09.2020;13:00:00;210;210
30.09.2020;13:10:00;260;250
30.09.2020;13:20:00;401.6666667;298.3333333
30.09.2020;13:30:00;303.3333333;255
30.09.2020;13:40:00;208.3333333;208.3333333
30.09.2020;13:50:00;195;195
30.09.2020;14:00:00;251.6666667;226.6666667
30.09.2020;14:10:00;268.3333333;221.6666667
30.09.2020;14:20:00;358.3333333;155
30.09.2020;14:30:00;380;140
30.09.2020;14:40:00;243.3333333;133.3333333
30.09.2020;14:50:00;143.3333333;130
30.09.2020;15:00:00;150;148.3333333
30.09.2020;15:10:00;183.3333333;165
30.09.2020;15:20:00;163.3333333;145
30.09.2020;15:30:00;155;123.3333333
30.09.2020;15:40:00;101.6666667;81.66666667
30.09.2020;15:50:00;55;51.66666667
30.09.2020;16:00:00;46.66666667;41.66666667
30.09.2020;16:10:00;36.66666667;30
30.09.2020;16:20:00;23.33333333;23.33333333
30.09.2020;16:30:00;21.66666667;20
30.09.2020;16:40:00;16.66666667;16.66666667
30.09.2020;16:50:00;11.66666667;11.66666667
30.09.2020;17:00:00;5;5
30.09.2020;17:10:00;0;0
30.09.2020;17:20:00;0;0
30.09.2020;17:30:00;0;0
30.09.2020;17:40:00;0;0
30.09.2020;17:50:00;0;0
30.09.2020;18:00:00;0;0
30.09.2020;18:10:00;0;0
30.09.2020;18:20:00;0;0
30.09.2020;18:30:00;0;0
30.09.2020;18:40:00;0;0
30.09.2020;18:50:00;0;0
30.09.2020;19:00:00;0;0
30.09.2020;19:10:00;0;0
30.09.2020;19:20:00;0;0
30.09.2020;19:30:00;0;0
30.09.2020;19:40:00;0;0
30.09.2020;19:50:00;0;0
30.09.2020;20:00:00;0;0
30.09.2020;20:10:00;0;0
30.09.2020;20:20:00;0;0
30.09.2020;20:30:00;0;0
30.09.2020;20:40:00;0;0
30.09.2020;20:50:00;0;0
30.09.2020;21:00:00;0;0
30.09.2020;21:10:00;0;0
30.09.2020;21:20:00;0;0
30.09.2020;21:30:00;0;0
30.09.2020;21:40:00;0;0
30.09.2020;21:50:00;0;0
30.09.2020;22:00:00;0;0
30.09.2020;22:10:00;0;0
30.09.2020;22:20:00;0;0
30.09.2020;22:30:00;0;0
30.09.2020;22:40:00;0;0
30.09.2020;22:50:00;0;0
30.09.2020;23:00:00;0;0
30.09.2020;23:10:00;0;0
30.09.2020;23:20:00;0;0
30.09.2020;23:30:00;0;0
30.09.2020;23:40:00;0;0
30.09.2020;23:50:00;0;0
01.10.2020;00:00:00;0;0
01.10.2020;00:10:00;0;0
01.10.2020;00:20:00;0;0
01.10.2020;00:30:00;0;0
01.10.2020;00:40:00;0;0
01.10.2020;00:50:00;0;0
01.10.2020;01:00:00;0;0
01.10.2020;01:10:00;0;0
01.10.2020;01:20:00;0;0
01.10.2020;01:30:00;0;0
01.10.2020;01:40:00;0;0
01.10.2020;01:50:00;0;0
01.10.2020;02:00:00;0;0
01.10.2020;02:10:00;0;0
01.10.2020;02:20:00;0;0
01.10.2020;02:30:00;0;0
01.10.2020;02:40:00;0;0
01.10.2020;02:50:00;0;0
01.10.2020;03:00:00;0;0
01.10.2020;03:10:00;0;0
01.10.2020;03:20:00;0;0
01.10.2020;03:30:00;0;0
01.10.2020;03:40:00;0;0
01.10.2020;03:50:00;0;0
01.10.2020;04:00:00;0;0
01.10.2020;04:10:00;0;0
01.10.2020;04:20:00;0;0
01.10.2020;04:30:00;0;0
01.10.2020;04:40:00;0;0
01.10.2020;04:50:00;0;0
01.10.2020;05:00:00;0;0
01.10.2020;05:10:00;0;0
01.10.2020;05:20:00;0;0
01.10.2020;05:30:00;0;0
01.10.2020;05:40:00;0;0
01.10.2020;05:50:00;5;5
01.10.2020;06:00:00;11.66666667;11.66666667
01.10.2020;06:10:00;20;20
01.10.2020;06:20:00;28.33333333;28.33333333
01.10.2020;06:30:00;41.66666667;41.66666667
01.10.2020;06:40:00;55;55
01.10.2020;06:50:00;65;63.33333333
01.10.2020;07:00:00;81.66666667;76.66666667
01.10.2020;07:10:00;91.66666667;83.33333333
01.10.2020;07:20:00;91.66666667;90
01.10.2020;07:30:00;120;113.3333333
01.10.2020;07:40:00;210;135
01.10.2020;07:50:00;155;115
01.10.2020;08:00:00;176.6666667;135
01.10.2020;08:10:00;345;190
01.10.2020;08:20:00;403.3333333;215
01.10.2020;08:30:00;363.3333333;236.6666667
01.10.2020;08:40:00;268.3333333;235
01.10.2020;08:50:00;311.6666667;265
01.10.2020;09:00:00;356.6666667;256.6666667
01.10.2020;09:10:00;288.3333333;236.6666667
01.10.2020;09:20:00;268.3333333;251.6666667
01.10.2020;09:30:00;223.3333333;216.6666667
01.10.2020;09:40:00;308.3333333;263.3333333
01.10.2020;09:50:00;300;280
01.10.2020;10:00:00;295;285
01.10.2020;10:10:00;321.6666667;296.6666667
01.10.2020;10:20:00;455;296.6666667
01.10.2020;10:30:00;380;315
01.10.2020;10:40:00;255;255
01.10.2020;10:50:00;191.6666667;191.6666667
01.10.2020;11:00:00;250;248.3333333
01.10.2020;11:10:00;321.6666667;295
01.10.2020;11:20:00;328.3333333;283.3333333
01.10.2020;11:30:00;293.3333333;263.3333333
01.10.2020;11:40:00;158.3333333;156.6666667
01.10.2020;11:50:00;156.6666667;156.6666667
01.10.2020;12:00:00;85;85
01.10.2020;12:10:00;26.66666667;26.66666667
01.10.2020;12:20:00;48.33333333;48.33333333
01.10.2020;12:30:00;66.66666667;66.66666667
01.10.2020;12:40:00;63.33333333;63.33333333
01.10.2020;12:50:00;60;60
01.10.2020;13:00:00;60;60
01.10.2020;13:10:00;58.33333333;58.33333333
01.10.2020;13:20:00;61.66666667;61.66666667
01.10.2020;13:30:00;43.33333333;43.33333333
01.10.2020;13:40:00;45;45
01.10.2020;13:50:00;58.33333333;58.33333333
01.10.2020;14:00:00;51.66666667;51.66666667
01.10.2020;14:10:00;58.33333333;58.33333333
01.10.2020;14:20:00;43.33333333;43.33333333
01.10.2020;14:30:00;23.33333333;23.33333333
01.10.2020;14:40:00;30;30
01.10.2020;14:50:00;36.66666667;36.66666667
01.10.2020;15:00:00;33.33333333;33.33333333
01.10.2020;15:10:00;20;20
01.10.2020;15:20:00;26.66666667;26.66666667
01.10.2020;15:30:00;16.66666667;16.66666667
01.10.2020;15:40:00;35;35
01.10.2020;15:50:00;75;75
01.10.2020;16:00:00;85;83.33333333
01.10.2020;16:10:00;121.6666667;116.6666667
01.10.2020;16:20:00;91.66666667;91.66666667
01.10.2020;16:30:00;45;45
01.10.2020;16:40:00;26.66666667;21.66666667
01.10.2020;16:50:00;18.33333333;18.33333333
01.10.2020;17:00:00;21.66666667;21.66666667
01.10.2020;17:10:00;1.666666667;1.666666667
01.10.2020;17:20:00;0;0
01.10.2020;17:30:00;0;0
01.10.2020;17:40:00;0;0
01.10.2020;17:50:00;0;0
01.10.2020;18:00:00;0;0
01.10.2020;18:10:00;0;0
01.10.2020;18:20:00;0;0
01.10.2020;18:30:00;0;0
01.10.2020;18:40:00;0;0
01.10.2020;18:50:00;0;0
01.10.2020;19:00:00;0;0
01.10.2020;19:10:00;0;0
01.10.2020;19:20:00;0;0
01.10.2020;19:30:00;0;0
01.10.2020;19:40:00;0;0
01.10.2020;19:50:00;0;0
01.10.2020;20:00:00;0;0
01.10.2020;20:10:00;0;0
01.10.2020;20:20:00;0;0
01.10.2020;20:30:00;0;0
01.10.2020;20:40:00;0;0
01.10.2020;20:50:00;0;0
01.10.2020;21:00:00;0;0
01.10.2020;21:10:00;0;0
01.10.2020;21:20:00;0;0
01.10.2020;21:30:00;0;0
01.10.2020;21:40:00;0;0
01.10.2020;21:50:00;0;0
01.10.2020;22:00:00;0;0
01.10.2020;22:10:00;0;0
01.10.2020;22:20:00;0;0
01.10.2020;22:30:00;0;0
01.10.2020;22:40:00;0;0
01.10.2020;22:50:00;0;0
01.10.2020;23:00:00;0;0
01.10.2020;23:10:00;0;0
01.10.2020;23:20:00;0;0
01.10.2020;23:30:00;0;0
01.10.2020;23:40:00;0;0
01.10.2020;23:50:00;0;0
02.10.2020;00:00:00;0;0
02.10.2020;00:10:00;0;0
02.10.2020;00:20:00;0;0
02.10.2020;00:30:00;0;0
02.10.2020;00:40:00;0;0
02.10.2020;00:50:00;0;0
02.10.2020;01:00:00;0;0
02.10.2020;01:10:00;0;0
02.10.2020;01:20:00;0;0
02.10.2020;01:30:00;0;0
02.10.2020;01:40:00;0;0
02.10.2020;01:50:00;0;0
02.10.2020;02:00:00;0;0
02.10.2020;02:10:00;0;0
02.10.2020;02:20:00;0;0
02.10.2020;02:30:00;0;0
02.10.2020;02:40:00;0;0
02.10.2020;02:50:00;0;0
02.10.2020;03:00:00;0;0
02.10.2020;03:10:00;0;0
02.10.2020;03:20:00;0;0
02.10.2020;03:30:00;0;0
02.10.2020;03:40:00;0;0
02.10.2020;03:50:00;0;0
02.10.2020;04:00:00;0;0
02.10.2020;04:10:00;0;0
02.10.2020;04:20:00;0;0
02.10.2020;04:30:00;0;0
02.10.2020;04:40:00;0;0
02.10.2020;04:50:00;0;0
02.10.2020;05:00:00;0;0
02.10.2020;05:10:00;0;0
02.10.2020;05:20:00;0;0
02.10.2020;05:30:00;0;0
02.10.2020;05:40:00;0;0
02.10.2020;05:50:00;0;0
02.10.2020;06:00:00;5;5
02.10.2020;06:10:00;11.66666667;11.66666667
02.10.2020;06:20:00;16.66666667;16.66666667
02.10.2020;06:30:00;21.66666667;21.66666667
02.10.2020;06:40:00;38.33333333;38.33333333
02.10.2020;06:50:00;56.66666667;56.66666667
02.10.2020;07:00:00;70;70
02.10.2020;07:10:00;65;65
02.10.2020;07:20:00;73.33333333;73.33333333
02.10.2020;07:30:00;91.66666667;91.66666667
02.10.2020;07:40:00;115;115
02.10.2020;07:50:00;165;153.3333333
02.10.2020;08:00:00;211.6666667;171.6666667
02.10.2020;08:10:00;150;146.6666667
02.10.2020;08:20:00;96.66666667;96.66666667
02.10.2020;08:30:00;95;95
02.10.2020;08:40:00;95;95
02.10.2020;08:50:00;113.3333333;113.3333333
02.10.2020;09:00:00;143.3333333;143.3333333
02.10.2020;09:10:00;165;165
02.10.2020;09:20:00;201.6666667;201.6666667
02.10.2020;09:30:00;216.6666667;216.6666667
02.10.2020;09:40:00;226.6666667;226.6666667
02.10.2020;09:50:00;195;195
02.10.2020;10:00:00;218.3333333;216.6666667
02.10.2020;10:10:00;321.6666667;231.6666667
02.10.2020;10:20:00;430;206.6666667
02.10.2020;10:30:00;340;240
02.10.2020;10:40:00;288.3333333;241.6666667
02.10.2020;10:50:00;215;213.3333333
02.10.2020;11:00:00;153.3333333;153.3333333
02.10.2020;11:10:00;218.3333333;218.3333333
02.10.2020;11:20:00;188.3333333;188.3333333
02.10.2020;11:30:00;176.6666667;176.6666667
02.10.2020;11:40:00;210;210
02.10.2020;11:50:00;178.3333333;178.3333333
02.10.2020;12:00:00;296.6666667;286.6666667
02.10.2020;12:10:00;460;376.6666667
02.10.2020;12:20:00;363.3333333;341.6666667
02.10.2020;12:30:00;361.6666667;303.3333333
02.10.2020;12:40:00;236.6666667;236.6666667
02.10.2020;12:50:00;226.6666667;225
02.10.2020;13:00:00;176.6666667;176.6666667
02.10.2020;13:10:00;163.3333333;161.6666667
02.10.2020;13:20:00;220;211.6666667
02.10.2020;13:30:00;236.6666667;231.6666667
02.10.2020;13:40:00;206.6666667;205
02.10.2020;13:50:00;195;195
02.10.2020;14:00:00;180;180
02.10.2020;14:10:00;163.3333333;163.3333333
02.10.2020;14:20:00;150;148.3333333
02.10.2020;14:30:00;136.6666667;136.6666667
02.10.2020;14:40:00;120;120
02.10.2020;14:50:00;108.3333333;108.3333333
02.10.2020;15:00:00;105;105
02.10.2020;15:10:00;95;95
02.10.2020;15:20:00;81.66666667;81.66666667
02.10.2020;15:30:00;56.66666667;56.66666667
02.10.2020;15:40:00;35;35
02.10.2020;15:50:00;30;30
02.10.2020;16:00:00;30;30
02.10.2020;16:10:00;20;20
02.10.2020;16:20:00;10;10
02.10.2020;16:30:00;1.666666667;1.666666667
02.10.2020;16:40:00;0;0
02.10.2020;16:50:00;0;0
02.10.2020;17:00:00;0;0
02.10.2020;17:10:00;0;0
02.10.2020;17:20:00;0;0
02.10.2020;17:30:00;0;0
02.10.2020;17:40:00;0;0
02.10.2020;17:50:00;0;0
02.10.2020;18:00:00;0;0
02.10.2020;18:10:00;0;0
02.10.2020;18:20:00;0;0
02.10.2020;18:30:00;0;0
02.10.2020;18:40:00;0;0
02.10.2020;18:50:00;0;0
02.10.2020;19:00:00;0;0
02.10.2020;19:10:00;0;0
02.10.2020;19:20:00;0;0
02.10.2020;19:30:00;0;0
02.10.2020;19:40:00;0;0
02.10.2020;19:50:00;0;0
02.10.2020;20:00:00;0;0
02.10.2020;20:10:00;0;0
02.10.2020;20:20:00;0;0
02.10.2020;20:30:00;0;0
02.10.2020;20:40:00;0;0
02.10.2020;20:50:00;0;0
02.10.2020;21:00:00;0;0
02.10.2020;21:10:00;0;0
02.10.2020;21:20:00;0;0
02.10.2020;21:30:00;0;0
02.10.2020;21:40:00;0;0
02.10.2020;21:50:00;0;0
02.10.2020;22:00:00;0;0
02.10.2020;22:10:00;0;0
02.10.2020;22:20:00;0;0
02.10.2020;22:30:00;0;0
02.10.2020;22:40:00;0;0
02.10.2020;22:50:00;0;0
02.10.2020;23:00:00;0;0
02.10.2020;23:10:00;0;0
02.10.2020;23:20:00;0;0
02.10.2020;23:30:00;0;0
02.10.2020;23:40:00;0;0
02.10.2020;23:50:00;0;0
03.10.2020;00:00:00;0;0
03.10.2020;00:10:00;0;0
03.10.2020;00:20:00;0;0
03.10.2020;00:30:00;0;0
03.10.2020;00:40:00;0;0
03.10.2020;00:50:00;0;0
03.10.2020;01:00:00;0;0
03.10.2020;01:10:00;0;0
03.10.2020;01:20:00;0;0
03.10.2020;01:30:00;0;0
03.10.2020;01:40:00;0;0
03.10.2020;01:50:00;0;0
03.10.2020;02:00:00;0;0
03.10.2020;02:10:00;0;0
03.10.2020;02:20:00;0;0
03.10.2020;02:30:00;0;0
03.10.2020;02:40:00;0;0
03.10.2020;02:50:00;0;0
03.10.2020;03:00:00;0;0
03.10.2020;03:10:00;0;0
03.10.2020;03:20:00;0;0
03.10.2020;03:30:00;0;0
03.10.2020;03:40:00;0;0
03.10.2020;03:50:00;0;0
03.10.2020;04:00:00;0;0
03.10.2020;04:10:00;0;0
03.10.2020;04:20:00;0;0
03.10.2020;04:30:00;0;0
03.10.2020;04:40:00;0;0
03.10.2020;04:50:00;0;0
03.10.2020;05:00:00;0;0
03.10.2020;05:10:00;0;0
03.10.2020;05:20:00;0;0
03.10.2020;05:30:00;0;0
03.10.2020;05:40:00;0;0
03.10.2020;05:50:00;0;0
03.10.2020;06:00:00;0;0
03.10.2020;06:10:00;0;0
03.10.2020;06:20:00;5;5
03.10.2020;06:30:00;8.333333333;8.333333333
03.10.2020;06:40:00;10;10
03.10.2020;06:50:00;23.33333333;23.33333333
03.10.2020;07:00:00;10;10
03.10.2020;07:10:00;40;40
03.10.2020;07:20:00;40;40
03.10.2020;07:30:00;26.66666667;26.66666667
03.10.2020;07:40:00;23.33333333;23.33333333
03.10.2020;07:50:00;31.66666667;31.66666667
03.10.2020;08:00:00;28.33333333;28.33333333
03.10.2020;08:10:00;13.33333333;13.33333333
03.10.2020;08:20:00;21.66666667;21.66666667
03.10.2020;08:30:00;28.33333333;28.33333333
03.10.2020;08:40:00;33.33333333;33.33333333
03.10.2020;08:50:00;26.66666667;26.66666667
03.10.2020;09:00:00;78.33333333;78.33333333
03.10.2020;09:10:00;55;55
03.10.2020;09:20:00;33.33333333;33.33333333
03.10.2020;09:30:00;61.66666667;61.66666667
03.10.2020;09:40:00;80;80
03.10.2020;09:50:00;33.33333333;33.33333333
03.10.2020;10:00:00;58.33333333;58.33333333
03.10.2020;10:10:00;55;55
03.10.2020;10:20:00;45;45
03.10.2020;10:30:00;36.66666667;36.66666667
03.10.2020;10:40:00;35;35
03.10.2020;10:50:00;36.66666667;36.66666667
03.10.2020;11:00:00;36.66666667;36.66666667
03.10.2020;11:10:00;43.33333333;43.33333333
03.10.2020;11:20:00;38.33333333;38.33333333
03.10.2020;11:30:00;55;55
03.10.2020;11:40:00;60;60
03.10.2020;11:50:00;80;80
03.10.2020;12:00:00;81.66666667;81.66666667
03.10.2020;12:10:00;26.66666667;26.66666667
03.10.2020;12:20:00;40;40
03.10.2020;12:30:00;40;40
03.10.2020;12:40:00;15;15
03.10.2020;12:50:00;8.333333333;8.333333333
03.10.2020;13:00:00;8.333333333;8.333333333
03.10.2020;13:10:00;11.66666667;11.66666667
03.10.2020;13:20:00;26.66666667;26.66666667
03.10.2020;13:30:00;21.66666667;21.66666667
03.10.2020;13:40:00;13.33333333;13.33333333
03.10.2020;13:50:00;11.66666667;11.66666667
03.10.2020;14:00:00;21.66666667;21.66666667
03.10.2020;14:10:00;41.66666667;41.66666667
03.10.2020;14:20:00;41.66666667;41.66666667
03.10.2020;14:30:00;51.66666667;51.66666667
03.10.2020;14:40:00;111.6666667;111.6666667
03.10.2020;14:50:00;133.3333333;133.3333333
03.10.2020;15:00:00;125;125
03.10.2020;15:10:00;140;138.3333333
03.10.2020;15:20:00;163.3333333;161.6666667
03.10.2020;15:30:00;83.33333333;83.33333333
03.10.2020;15:40:00;165;156.6666667
03.10.2020;15:50:00;200;123.3333333
03.10.2020;16:00:00;136.6666667;73.33333333
03.10.2020;16:10:00;83.33333333;48.33333333
03.10.2020;16:20:00;40;38.33333333
03.10.2020;16:30:00;31.66666667;28.33333333
03.10.2020;16:40:00;28.33333333;21.66666667
03.10.2020;16:50:00;25;23.33333333
03.10.2020;17:00:00;6.666666667;6.666666667
03.10.2020;17:10:00;0;0
03.10.2020;17:20:00;0;0
03.10.2020;17:30:00;0;0
03.10.2020;17:40:00;0;0
03.10.2020;17:50:00;0;0
03.10.2020;18:00:00;0;0
03.10.2020;18:10:00;0;0
03.10.2020;18:20:00;0;0
03.10.2020;18:30:00;0;0
03.10.2020;18:40:00;0;0
03.10.2020;18:50:00;0;0
03.10.2020;19:00:00;0;0
03.10.2020;19:10:00;0;0
03.10.2020;19:20:00;0;0
03.10.2020;19:30:00;0;0
03.10.2020;19:40:00;0;0
03.10.2020;19:50:00;0;0
03.10.2020;20:00:00;0;0
03.10.2020;20:10:00;0;0
03.10.2020;20:20:00;0;0
03.10.2020;20:30:00;0;0
03.10.2020;20:40:00;0;0
03.10.2020;20:50:00;0;0
03.10.2020;21:00:00;0;0
03.10.2020;21:10:00;0;0
03.10.2020;21:20:00;0;0
03.10.2020;21:30:00;0;0
03.10.2020;21:40:00;0;0
03.10.2020;21:50:00;0;0
03.10.2020;22:00:00;0;0
03.10.2020;22:10:00;0;0
03.10.2020;22:20:00;0;0
03.10.2020;22:30:00;0;0
03.10.2020;22:40:00;0;0
03.10.2020;22:50:00;0;0
03.10.2020;23:00:00;0;0
03.10.2020;23:10:00;0;0
03.10.2020;23:20:00;0;0
03.10.2020;23:30:00;0;0
03.10.2020;23:40:00;0;0
03.10.2020;23:50:00;0;0
04.10.2020;00:00:00;0;0
04.10.2020;00:10:00;0;0
04.10.2020;00:20:00;0;0
04.10.2020;00:30:00;0;0
04.10.2020;00:40:00;0;0
04.10.2020;00:50:00;0;0
04.10.2020;01:00:00;0;0
04.10.2020;01:10:00;0;0
04.10.2020;01:20:00;0;0
04.10.2020;01:30:00;0;0
04.10.2020;01:40:00;0;0
04.10.2020;01:50:00;0;0
04.10.2020;02:00:00;0;0
04.10.2020;02:10:00;0;0
04.10.2020;02:20:00;0;0
04.10.2020;02:30:00;0;0
04.10.2020;02:40:00;0;0
04.10.2020;02:50:00;0;0
04.10.2020;03:00:00;0;0
04.10.2020;03:10:00;0;0
04.10.2020;03:20:00;0;0
04.10.2020;03:30:00;0;0
04.10.2020;03:40:00;0;0
04.10.2020;03:50:00;0;0
04.10.2020;04:00:00;0;0
04.10.2020;04:10:00;0;0
04.10.2020;04:20:00;0;0
04.10.2020;04:30:00;0;0
04.10.2020;04:40:00;0;0
04.10.2020;04:50:00;0;0
04.10.2020;05:00:00;0;0
04.10.2020;05:10:00;0;0
04.10.2020;05:20:00;0;0
04.10.2020;05:30:00;0;0
04.10.2020;05:40:00;0;0
04.10.2020;05:50:00;0;0
04.10.2020;06:00:00;1.666666667;1.666666667
04.10.2020;06:10:00;3.333333333;3.333333333
04.10.2020;06:20:00;18.33333333;18.33333333
04.10.2020;06:30:00;30;30
04.10.2020;06:40:00;43.33333333;43.33333333
04.10.2020;06:50:00;43.33333333;43.33333333
04.10.2020;07:00:00;28.33333333;28.33333333
04.10.2020;07:10:00;33.33333333;33.33333333
04.10.2020;07:20:00;33.33333333;33.33333333
04.10.2020;07:30:00;31.66666667;31.66666667
04.10.2020;07:40:00;31.66666667;31.66666667
04.10.2020;07:50:00;55;55
04.10.2020;08:00:00;68.33333333;68.33333333
04.10.2020;08:10:00;95;95
04.10.2020;08:20:00;91.66666667;91.66666667
04.10.2020;08:30:00;100;100
04.10.2020;08:40:00;121.6666667;121.6666667
04.10.2020;08:50:00;143.3333333;143.3333333
04.10.2020;09:00:00;280;235
04.10.2020;09:10:00;325;255
04.10.2020;09:20:00;383.3333333;205
04.10.2020;09:30:00;281.6666667;245
04.10.2020;09:40:00;170;161.6666667
04.10.2020;09:50:00;173.3333333;171.6666667
04.10.2020;10:00:00;276.6666667;253.3333333
04.10.2020;10:10:00;436.6666667;288.3333333
04.10.2020;10:20:00;415;266.6666667
04.10.2020;10:30:00;403.3333333;225
04.10.2020;10:40:00;325;225
04.10.2020;10:50:00;148.3333333;146.6666667
04.10.2020;11:00:00;175;171.6666667
04.10.2020;11:10:00;148.3333333;148.3333333
04.10.2020;11:20:00;211.6666667;166.6666667
04.10.2020;11:30:00;220;201.6666667
04.10.2020;11:40:00;140;140
04.10.2020;11:50:00;176.6666667;176.6666667
04.10.2020;12:00:00;413.3333333;291.6666667
04.10.2020;12:10:00;563.3333333;203.3333333
04.10.2020;12:20:00;590;170
04.10.2020;12:30:00;268.3333333;236.6666667
04.10.2020;12:40:00;360;278.3333333
04.10.2020;12:50:00;556.6666667;278.3333333
04.10.2020;13:00:00;498.3333333;266.6666667
04.10.2020;13:10:00;523.3333333;270
04.10.2020;13:20:00;363.3333333;261.6666667
04.10.2020;13:30:00;148.3333333;145
04.10.2020;13:40:00;173.3333333;168.3333333
04.10.2020;13:50:00;310;245
04.10.2020;14:00:00;346.6666667;186.6666667
04.10.2020;14:10:00;433.3333333;130
04.10.2020;14:20:00;281.6666667;201.6666667
04.10.2020;14:30:00;203.3333333;161.6666667
04.10.2020;14:40:00;193.3333333;190
04.10.2020;14:50:00;128.3333333;126.6666667
04.10.2020;15:00:00;95;95
04.10.2020;15:10:00;36.66666667;36.66666667
04.10.2020;15:20:00;21.66666667;21.66666667
04.10.2020;15:30:00;30;30
04.10.2020;15:40:00;20;20
04.10.2020;15:50:00;8.333333333;8.333333333
04.10.2020;16:00:00;26.66666667;23.33333333
04.10.2020;16:10:00;38.33333333;31.66666667
04.10.2020;16:20:00;18.33333333;18.33333333
04.10.2020;16:30:00;11.66666667;11.66666667
04.10.2020;16:40:00;15;11.66666667
04.10.2020;16:50:00;10;6.666666667
04.10.2020;17:00:00;0;0
04.10.2020;17:10:00;0;0
04.10.2020;17:20:00;0;0
04.10.2020;17:30:00;0;0
04.10.2020;17:40:00;0;0
04.10.2020;17:50:00;0;0
04.10.2020;18:00:00;0;0
04.10.2020;18:10:00;0;0
04.10.2020;18:20:00;0;0
04.10.2020;18:30:00;0;0
04.10.2020;18:40:00;0;0
04.10.2020;18:50:00;0;0
04.10.2020;19:00:00;0;0
04.10.2020;19:10:00;0;0
04.10.2020;19:20:00;0;0
04.10.2020;19:30:00;0;0
04.10.2020;19:40:00;0;0
04.10.2020;19:50:00;0;0
04.10.2020;20:00:00;0;0
04.10.2020;20:10:00;0;0
04.10.2020;20:20:00;0;0
04.10.2020;20:30:00;0;0
04.10.2020;20:40:00;0;0
04.10.2020;20:50:00;0;0
04.10.2020;21:00:00;0;0
04.10.2020;21:10:00;0;0
04.10.2020;21:20:00;0;0
04.10.2020;21:30:00;0;0
04.10.2020;21:40:00;0;0
04.10.2020;21:50:00;0;0
04.10.2020;22:00:00;0;0
04.10.2020;22:10:00;0;0
04.10.2020;22:20:00;0;0
04.10.2020;22:30:00;0;0
04.10.2020;22:40:00;0;0
04.10.2020;22:50:00;0;0
04.10.2020;23:00:00;0;0
04.10.2020;23:10:00;0;0
04.10.2020;23:20:00;0;0
04.10.2020;23:30:00;0;0
04.10.2020;23:40:00;0;0
04.10.2020;23:50:00;0;0
05.10.2020;00:00:00;0;0
05.10.2020;00:10:00;0;0
05.10.2020;00:20:00;0;0
05.10.2020;00:30:00;0;0
05.10.2020;00:40:00;0;0
05.10.2020;00:50:00;0;0
05.10.2020;01:00:00;0;0
05.10.2020;01:10:00;0;0
05.10.2020;01:20:00;0;0
05.10.2020;01:30:00;0;0
05.10.2020;01:40:00;0;0
05.10.2020;01:50:00;0;0
05.10.2020;02:00:00;0;0
05.10.2020;02:10:00;0;0
05.10.2020;02:20:00;0;0
05.10.2020;02:30:00;0;0
05.10.2020;02:40:00;0;0
05.10.2020;02:50:00;0;0
05.10.2020;03:00:00;0;0
05.10.2020;03:10:00;0;0
05.10.2020;03:20:00;0;0
05.10.2020;03:30:00;0;0
05.10.2020;03:40:00;0;0
05.10.2020;03:50:00;0;0
05.10.2020;04:00:00;0;0
05.10.2020;04:10:00;0;0
05.10.2020;04:20:00;0;0
05.10.2020;04:30:00;0;0
05.10.2020;04:40:00;0;0
05.10.2020;04:50:00;0;0
05.10.2020;05:00:00;0;0
05.10.2020;05:10:00;0;0
05.10.2020;05:20:00;0;0
05.10.2020;05:30:00;0;0
05.10.2020;05:40:00;0;0
05.10.2020;05:50:00;0;0
05.10.2020;06:00:00;6.666666667;6.666666667
05.10.2020;06:10:00;15;15
05.10.2020;06:20:00;15;15
05.10.2020;06:30:00;21.66666667;21.66666667
05.10.2020;06:40:00;26.66666667;26.66666667
05.10.2020;06:50:00;21.66666667;21.66666667
05.10.2020;07:00:00;13.33333333;13.33333333
05.10.2020;07:10:00;15;15
05.10.2020;07:20:00;18.33333333;18.33333333
05.10.2020;07:30:00;28.33333333;28.33333333
05.10.2020;07:40:00;36.66666667;36.66666667
05.10.2020;07:50:00;46.66666667;46.66666667
05.10.2020;08:00:00;50;50
05.10.2020;08:10:00;56.66666667;56.66666667
05.10.2020;08:20:00;65;65
05.10.2020;08:30:00;73.33333333;73.33333333
05.10.2020;08:40:00;90;90
05.10.2020;08:50:00;105;105
05.10.2020;09:00:00;128.3333333;128.3333333
05.10.2020;09:10:00;125;125
05.10.2020;09:20:00;93.33333333;91.66666667
05.10.2020;09:30:00;80;80
05.10.2020;09:40:00;63.33333333;63.33333333
05.10.2020;09:50:00;43.33333333;43.33333333
05.10.2020;10:00:00;75;75
05.10.2020;10:10:00;85;85
05.10.2020;10:20:00;73.33333333;73.33333333
05.10.2020;10:30:00;83.33333333;83.33333333
05.10.2020;10:40:00;80;80
05.10.2020;10:50:00;95;95
05.10.2020;11:00:00;121.6666667;121.6666667
05.10.2020;11:10:00;106.6666667;106.6666667
05.10.2020;11:20:00;123.3333333;123.3333333
05.10.2020;11:30:00;140;138.3333333
05.10.2020;11:40:00;195;195
05.10.2020;11:50:00;165;165
05.10.2020;12:00:00;130;130
05.10.2020;12:10:00;128.3333333;128.3333333
05.10.2020;12:20:00;83.33333333;83.33333333
05.10.2020;12:30:00;73.33333333;73.33333333
05.10.2020;12:40:00;121.6666667;121.6666667
05.10.2020;12:50:00;120;118.3333333
05.10.2020;13:00:00;173.3333333;171.6666667
05.10.2020;13:10:00;150;150
05.10.2020;13:20:00;115;115
05.10.2020;13:30:00;110;110
05.10.2020;13:40:00;95;95
05.10.2020;13:50:00;91.66666667;91.66666667
05.10.2020;14:00:00;95;95
05.10.2020;14:10:00;86.66666667;86.66666667
05.10.2020;14:20:00;148.3333333;146.6666667
05.10.2020;14:30:00;143.3333333;141.6666667
05.10.2020;14:40:00;101.6666667;100
05.10.2020;14:50:00;96.66666667;96.66666667
05.10.2020;15:00:00;81.66666667;81.66666667
05.10.2020;15:10:00;21.66666667;21.66666667
05.10.2020;15:20:00;51.66666667;51.66666667
05.10.2020;15:30:00;36.66666667;36.66666667
05.10.2020;15:40:00;15;15
05.10.2020;15:50:00;15;15
05.10.2020;16:00:00;6.666666667;6.666666667
05.10.2020;16:10:00;5;5
05.10.2020;16:20:00;3.333333333;3.333333333
05.10.2020;16:30:00;3.333333333;3.333333333
05.10.2020;16:40:00;8.333333333;8.333333333
05.10.2020;16:50:00;1.666666667;1.666666667
05.10.2020;17:00:00;0;0
05.10.2020;17:10:00;0;0
05.10.2020;17:20:00;0;0
05.10.2020;17:30:00;0;0
05.10.2020;17:40:00;0;0
05.10.2020;17:50:00;0;0
05.10.2020;18:00:00;0;0
05.10.2020;18:10:00;0;0
05.10.2020;18:20:00;0;0
05.10.2020;18:30:00;0;0
05.10.2020;18:40:00;0;0
05.10.2020;18:50:00;0;0
05.10.2020;19:00:00;0;0
05.10.2020;19:10:00;0;0
05.10.2020;19:20:00;0;0
05.10.2020;19:30:00;0;0
05.10.2020;19:40:00;0;0
05.10.2020;19:50:00;0;0
05.10.2020;20:00:00;0;0
05.10.2020;20:10:00;0;0
05.10.2020;20:20:00;0;0
05.10.2020;20:30:00;0;0
05.10.2020;20:40:00;0;0
05.10.2020;20:50:00;0;0
05.10.2020;21:00:00;0;0
05.10.2020;21:10:00;0;0
05.10.2020;21:20:00;0;0
05.10.2020;21:30:00;0;0
05.10.2020;21:40:00;0;0
05.10.2020;21:50:00;0;0
05.10.2020;22:00:00;0;0
05.10.2020;22:10:00;0;0
05.10.2020;22:20:00;0;0
05.10.2020;22:30:00;0;0
05.10.2020;22:40:00;0;0
05.10.2020;22:50:00;0;0
05.10.2020;23:00:00;0;0
05.10.2020;23:10:00;0;0
05.10.2020;23:20:00;0;0
05.10.2020;23:30:00;0;0
05.10.2020;23:40:00;0;0
05.10.2020;23:50:00;0;0
06.10.2020;00:00:00;0;0
06.10.2020;00:10:00;0;0
06.10.2020;00:20:00;0;0
06.10.2020;00:30:00;0;0
06.10.2020;00:40:00;0;0
06.10.2020;00:50:00;0;0
06.10.2020;01:00:00;0;0
06.10.2020;01:10:00;0;0
06.10.2020;01:20:00;0;0
06.10.2020;01:30:00;0;0
06.10.2020;01:40:00;0;0
06.10.2020;01:50:00;0;0
06.10.2020;02:00:00;0;0
06.10.2020;02:10:00;0;0
06.10.2020;02:20:00;0;0
06.10.2020;02:30:00;0;0
06.10.2020;02:40:00;0;0
06.10.2020;02:50:00;0;0
06.10.2020;03:00:00;0;0
06.10.2020;03:10:00;0;0
06.10.2020;03:20:00;0;0
06.10.2020;03:30:00;0;0
06.10.2020;03:40:00;0;0
06.10.2020;03:50:00;0;0
06.10.2020;04:00:00;0;0
06.10.2020;04:10:00;0;0
06.10.2020;04:20:00;0;0
06.10.2020;04:30:00;0;0
06.10.2020;04:40:00;0;0
06.10.2020;04:50:00;0;0
06.10.2020;05:00:00;0;0
06.10.2020;05:10:00;0;0
06.10.2020;05:20:00;0;0
06.10.2020;05:30:00;0;0
06.10.2020;05:40:00;0;0
06.10.2020;05:50:00;0;0
06.10.2020;06:00:00;3.333333333;3.333333333
06.10.2020;06:10:00;10;10
06.10.2020;06:20:00;18.33333333;18.33333333
06.10.2020;06:30:00;55;31.66666667
06.10.2020;06:40:00;83.33333333;40
06.10.2020;06:50:00;108.3333333;46.66666667
06.10.2020;07:00:00;148.3333333;68.33333333
06.10.2020;07:10:00;166.6666667;128.3333333
06.10.2020;07:20:00;116.6666667;108.3333333
06.10.2020;07:30:00;170;136.6666667
06.10.2020;07:40:00;121.6666667;116.6666667
06.10.2020;07:50:00;81.66666667;80
06.10.2020;08:00:00;91.66666667;91.66666667
06.10.2020;08:10:00;61.66666667;61.66666667
06.10.2020;08:20:00;60;60
06.10.2020;08:30:00;53.33333333;53.33333333
06.10.2020;08:40:00;73.33333333;73.33333333
06.10.2020;08:50:00;73.33333333;73.33333333
06.10.2020;09:00:00;100;100
06.10.2020;09:10:00;103.3333333;103.3333333
06.10.2020;09:20:00;90;90
06.10.2020;09:30:00;163.3333333;163.3333333
06.10.2020;09:40:00;126.6666667;126.6666667
06.10.2020;09:50:00;115;115
06.10.2020;10:00:00;100;100
06.10.2020;10:10:00;86.66666667;86.66666667
06.10.2020;10:20:00;105;105
06.10.2020;10:30:00;108.3333333;108.3333333
06.10.2020;10:40:00;120;120
06.10.2020;10:50:00;173.3333333;173.3333333
06.10.2020;11:00:00;155;155
06.10.2020;11:10:00;171.6666667;171.6666667
06.10.2020;11:20:00;201.6666667;200
06.10.2020;11:30:00;278.3333333;266.6666667
06.10.2020;11:40:00;316.6666667;295
06.10.2020;11:50:00;251.6666667;246.6666667
06.10.2020;12:00:00;348.3333333;311.6666667
06.10.2020;12:10:00;451.6666667;266.6666667
06.10.2020;12:20:00;328.3333333;255
06.10.2020;12:30:00;238.3333333;235
06.10.2020;12:40:00;186.6666667;185
06.10.2020;12:50:00;213.3333333;201.6666667
06.10.2020;13:00:00;195;193.3333333
06.10.2020;13:10:00;480;240
06.10.2020;13:20:00;465;230
06.10.2020;13:30:00;411.6666667;221.6666667
06.10.2020;13:40:00;160;160
06.10.2020;13:50:00;81.66666667;81.66666667
06.10.2020;14:00:00;85;85
06.10.2020;14:10:00;50;50
06.10.2020;14:20:00;18.33333333;18.33333333
06.10.2020;14:30:00;91.66666667;91.66666667
06.10.2020;14:40:00;86.66666667;86.66666667
06.10.2020;14:50:00;116.6666667;108.3333333
06.10.2020;15:00:00;68.33333333;68.33333333
06.10.2020;15:10:00;10;10
06.10.2020;15:20:00;3.333333333;3.333333333
06.10.2020;15:30:00;11.66666667;11.66666667
06.10.2020;15:40:00;11.66666667;11.66666667
06.10.2020;15:50:00;3.333333333;3.333333333
06.10.2020;16:00:00;0;0
06.10.2020;16:10:00;1.666666667;1.666666667
06.10.2020;16:20:00;10;10
06.10.2020;16:30:00;20;20
06.10.2020;16:40:00;10;10
06.10.2020;16:50:00;0;0
06.10.2020;17:00:00;0;0
06.10.2020;17:10:00;0;0
06.10.2020;17:20:00;0;0
06.10.2020;17:30:00;0;0
06.10.2020;17:40:00;0;0
06.10.2020;17:50:00;0;0
06.10.2020;18:00:00;0;0
06.10.2020;18:10:00;0;0
06.10.2020;18:20:00;0;0
06.10.2020;18:30:00;0;0
06.10.2020;18:40:00;0;0
06.10.2020;18:50:00;0;0
06.10.2020;19:00:00;0;0
06.10.2020;19:10:00;0;0
06.10.2020;19:20:00;0;0
06.10.2020;19:30:00;0;0
06.10.2020;19:40:00;0;0
06.10.2020;19:50:00;0;0
06.10.2020;20:00:00;0;0
06.10.2020;20:10:00;0;0
06.10.2020;20:20:00;0;0
06.10.2020;20:30:00;0;0
06.10.2020;20:40:00;0;0
06.10.2020;20:50:00;0;0
06.10.2020;21:00:00;0;0
06.10.2020;21:10:00;0;0
06.10.2020;21:20:00;0;0
06.10.2020;21:30:00;0;0
06.10.2020;21:40:00;0;0
06.10.2020;21:50:00;0;0
06.10.2020;22:00:00;0;0
06.10.2020;22:10:00;0;0
06.10.2020;22:20:00;0;0
06.10.2020;22:30:00;0;0
06.10.2020;22:40:00;0;0
06.10.2020;22:50:00;0;0
06.10.2020;23:00:00;0;0
06.10.2020;23:10:00;0;0
06.10.2020;23:20:00;0;0
06.10.2020;23:30:00;0;0
06.10.2020;23:40:00;0;0
06.10.2020;23:50:00;0;0
07.10.2020;00:00:00;0;0
07.10.2020;00:10:00;0;0
07.10.2020;00:20:00;0;0
07.10.2020;00:30:00;0;0
07.10.2020;00:40:00;0;0
07.10.2020;00:50:00;0;0
07.10.2020;01:00:00;0;0
07.10.2020;01:10:00;0;0
07.10.2020;01:20:00;0;0
07.10.2020;01:30:00;0;0
07.10.2020;01:40:00;0;0
07.10.2020;01:50:00;0;0
07.10.2020;02:00:00;0;0
07.10.2020;02:10:00;0;0
07.10.2020;02:20:00;0;0
07.10.2020;02:30:00;0;0
07.10.2020;02:40:00;0;0
07.10.2020;02:50:00;0;0
07.10.2020;03:00:00;0;0
07.10.2020;03:10:00;0;0
07.10.2020;03:20:00;0;0
07.10.2020;03:30:00;0;0
07.10.2020;03:40:00;0;0
07.10.2020;03:50:00;0;0
07.10.2020;04:00:00;0;0
07.10.2020;04:10:00;0;0
07.10.2020;04:20:00;0;0
07.10.2020;04:30:00;0;0
07.10.2020;04:40:00;0;0
07.10.2020;04:50:00;0;0
07.10.2020;05:00:00;0;0
07.10.2020;05:10:00;0;0
07.10.2020;05:20:00;0;0
07.10.2020;05:30:00;0;0
07.10.2020;05:40:00;0;0
07.10.2020;05:50:00;0;0
07.10.2020;06:00:00;0;0
07.10.2020;06:10:00;0;0
07.10.2020;06:20:00;3.333333333;3.333333333
07.10.2020;06:30:00;1.666666667;1.666666667
07.10.2020;06:40:00;0;0
07.10.2020;06:50:00;6.666666667;6.666666667
07.10.2020;07:00:00;25;25
07.10.2020;07:10:00;50;50
07.10.2020;07:20:00;31.66666667;31.66666667
07.10.2020;07:30:00;80;80
07.10.2020;07:40:00;55;55
07.10.2020;07:50:00;73.33333333;73.33333333
07.10.2020;08:00:00;68.33333333;68.33333333
07.10.2020;08:10:00;73.33333333;73.33333333
07.10.2020;08:20:00;118.3333333;118.3333333
07.10.2020;08:30:00;125;121.6666667
07.10.2020;08:40:00;118.3333333;116.6666667
07.10.2020;08:50:00;113.3333333;113.3333333
07.10.2020;09:00:00;128.3333333;128.3333333
07.10.2020;09:10:00;130;130
07.10.2020;09:20:00;155;155
07.10.2020;09:30:00;181.6666667;176.6666667
07.10.2020;09:40:00;75;73.33333333
07.10.2020;09:50:00;78.33333333;78.33333333
07.10.2020;10:00:00;46.66666667;46.66666667
07.10.2020;10:10:00;158.3333333;156.6666667
07.10.2020;10:20:00;311.6666667;283.3333333
07.10.2020;10:30:00;253.3333333;250
07.10.2020;10:40:00;240;240
07.10.2020;10:50:00;238.3333333;235
07.10.2020;11:00:00;160;158.3333333
07.10.2020;11:10:00;123.3333333;123.3333333
07.10.2020;11:20:00;88.33333333;88.33333333
07.10.2020;11:30:00;146.6666667;146.6666667
07.10.2020;11:40:00;130;130
07.10.2020;11:50:00;148.3333333;148.3333333
07.10.2020;12:00:00;195;195
07.10.2020;12:10:00;140;140
07.10.2020;12:20:00;155;155
07.10.2020;12:30:00;90;90
07.10.2020;12:40:00;135;135
07.10.2020;12:50:00;150;150
07.10.2020;13:00:00;170;170
07.10.2020;13:10:00;195;195
07.10.2020;13:20:00;135;135
07.10.2020;13:30:00;106.6666667;106.6666667
07.10.2020;13:40:00;120;120
07.10.2020;13:50:00;115;115
07.10.2020;14:00:00;91.66666667;91.66666667
07.10.2020;14:10:00;108.3333333;106.6666667
07.10.2020;14:20:00;158.3333333;156.6666667
07.10.2020;14:30:00;120;120
07.10.2020;14:40:00;133.3333333;133.3333333
07.10.2020;14:50:00;110;110
07.10.2020;15:00:00;110;106.6666667
07.10.2020;15:10:00;136.6666667;135
07.10.2020;15:20:00;173.3333333;170
07.10.2020;15:30:00;131.6666667;115
07.10.2020;15:40:00;140;118.3333333
07.10.2020;15:50:00;78.33333333;73.33333333
07.10.2020;16:00:00;78.33333333;58.33333333
07.10.2020;16:10:00;36.66666667;36.66666667
07.10.2020;16:20:00;31.66666667;21.66666667
07.10.2020;16:30:00;16.66666667;16.66666667
07.10.2020;16:40:00;8.333333333;8.333333333
07.10.2020;16:50:00;0;0
07.10.2020;17:00:00;0;0
07.10.2020;17:10:00;0;0
07.10.2020;17:20:00;0;0
07.10.2020;17:30:00;0;0
07.10.2020;17:40:00;0;0
07.10.2020;17:50:00;0;0
07.10.2020;18:00:00;0;0
07.10.2020;18:10:00;0;0
07.10.2020;18:20:00;0;0
07.10.2020;18:30:00;0;0
07.10.2020;18:40:00;0;0
07.10.2020;18:50:00;0;0
07.10.2020;19:00:00;0;0
07.10.2020;19:10:00;0;0
07.10.2020;19:20:00;0;0
07.10.2020;19:30:00;0;0
07.10.2020;19:40:00;0;0
07.10.2020;19:50:00;0;0
07.10.2020;20:00:00;0;0
07.10.2020;20:10:00;0;0
07.10.2020;20:20:00;0;0
07.10.2020;20:30:00;0;0
07.10.2020;20:40:00;0;0
07.10.2020;20:50:00;0;0
07.10.2020;21:00:00;0;0
07.10.2020;21:10:00;0;0
07.10.2020;21:20:00;0;0
07.10.2020;21:30:00;0;0
07.10.2020;21:40:00;0;0
07.10.2020;21:50:00;0;0
07.10.2020;22:00:00;0;0
07.10.2020;22:10:00;0;0
07.10.2020;22:20:00;0;0
07.10.2020;22:30:00;0;0
07.10.2020;22:40:00;0;0
07.10.2020;22:50:00;0;0
07.10.2020;23:00:00;0;0
07.10.2020;23:10:00;0;0
07.10.2020;23:20:00;0;0
07.10.2020;23:30:00;0;0
07.10.2020;23:40:00;0;0
07.10.2020;23:50:00;0;0
08.10.2020;00:00:00;0;0
08.10.2020;00:10:00;0;0
08.10.2020;00:20:00;0;0
08.10.2020;00:30:00;0;0
08.10.2020;00:40:00;0;0
08.10.2020;00:50:00;0;0
08.10.2020;01:00:00;0;0
08.10.2020;01:10:00;0;0
08.10.2020;01:20:00;0;0
08.10.2020;01:30:00;0;0
08.10.2020;01:40:00;0;0
08.10.2020;01:50:00;0;0
08.10.2020;02:00:00;0;0
08.10.2020;02:10:00;0;0
08.10.2020;02:20:00;0;0
08.10.2020;02:30:00;0;0
08.10.2020;02:40:00;0;0
08.10.2020;02:50:00;0;0
08.10.2020;03:00:00;0;0
08.10.2020;03:10:00;0;0
08.10.2020;03:20:00;0;0
08.10.2020;03:30:00;0;0
08.10.2020;03:40:00;0;0
08.10.2020;03:50:00;0;0
08.10.2020;04:00:00;0;0
08.10.2020;04:10:00;0;0
08.10.2020;04:20:00;0;0
08.10.2020;04:30:00;0;0
08.10.2020;04:40:00;0;0
08.10.2020;04:50:00;0;0
08.10.2020;05:00:00;0;0
08.10.2020;05:10:00;0;0
08.10.2020;05:20:00;0;0
08.10.2020;05:30:00;0;0
08.10.2020;05:40:00;0;0
08.10.2020;05:50:00;0;0
08.10.2020;06:00:00;0;0
08.10.2020;06:10:00;0;0
08.10.2020;06:20:00;0;0
08.10.2020;06:30:00;1.666666667;1.666666667
08.10.2020;06:40:00;0;0
08.10.2020;06:50:00;3.333333333;3.333333333
08.10.2020;07:00:00;8.333333333;8.333333333
08.10.2020;07:10:00;11.66666667;11.66666667
08.10.2020;07:20:00;28.33333333;28.33333333
08.10.2020;07:30:00;21.66666667;21.66666667
08.10.2020;07:40:00;23.33333333;23.33333333
08.10.2020;07:50:00;36.66666667;36.66666667
08.10.2020;08:00:00;40;40
08.10.2020;08:10:00;66.66666667;66.66666667
08.10.2020;08:20:00;70;70
08.10.2020;08:30:00;71.66666667;71.66666667
08.10.2020;08:40:00;115;115
08.10.2020;08:50:00;126.6666667;126.6666667
08.10.2020;09:00:00;118.3333333;118.3333333
08.10.2020;09:10:00;115;115
08.10.2020;09:20:00;200;200
08.10.2020;09:30:00;146.6666667;146.6666667
08.10.2020;09:40:00;150;150
08.10.2020;09:50:00;198.3333333;198.3333333
08.10.2020;10:00:00;188.3333333;186.6666667
08.10.2020;10:10:00;88.33333333;88.33333333
08.10.2020;10:20:00;61.66666667;61.66666667
08.10.2020;10:30:00;81.66666667;81.66666667
08.10.2020;10:40:00;80;80
08.10.2020;10:50:00;78.33333333;78.33333333
08.10.2020;11:00:00;86.66666667;86.66666667
08.10.2020;11:10:00;86.66666667;86.66666667
08.10.2020;11:20:00;108.3333333;108.3333333
08.10.2020;11:30:00;86.66666667;86.66666667
08.10.2020;11:40:00;105;105
08.10.2020;11:50:00;105;103.3333333
08.10.2020;12:00:00;146.6666667;145
08.10.2020;12:10:00;113.3333333;113.3333333
08.10.2020;12:20:00;105;105
08.10.2020;12:30:00;90;90
08.10.2020;12:40:00;170;170
08.10.2020;12:50:00;136.6666667;136.6666667
08.10.2020;13:00:00;183.3333333;181.6666667
08.10.2020;13:10:00;133.3333333;133.3333333
08.10.2020;13:20:00;163.3333333;163.3333333
08.10.2020;13:30:00;230;216.6666667
08.10.2020;13:40:00;228.3333333;218.3333333
08.10.2020;13:50:00;120;120
08.10.2020;14:00:00;100;100
08.10.2020;14:10:00;156.6666667;156.6666667
08.10.2020;14:20:00;151.6666667;150
08.10.2020;14:30:00;60;60
08.10.2020;14:40:00;71.66666667;71.66666667
08.10.2020;14:50:00;55;55
08.10.2020;15:00:00;88.33333333;88.33333333
08.10.2020;15:10:00;71.66666667;71.66666667
08.10.2020;15:20:00;56.66666667;56.66666667
08.10.2020;15:30:00;16.66666667;16.66666667
08.10.2020;15:40:00;6.666666667;6.666666667
08.10.2020;15:50:00;10;10
08.10.2020;16:00:00;6.666666667;6.666666667
08.10.2020;16:10:00;3.333333333;3.333333333
08.10.2020;16:20:00;0;0
08.10.2020;16:30:00;0;0
08.10.2020;16:40:00;0;0
08.10.2020;16:50:00;0;0
08.10.2020;17:00:00;0;0
08.10.2020;17:10:00;0;0
08.10.2020;17:20:00;0;0
08.10.2020;17:30:00;0;0
08.10.2020;17:40:00;0;0
08.10.2020;17:50:00;0;0
08.10.2020;18:00:00;0;0
08.10.2020;18:10:00;0;0
08.10.2020;18:20:00;0;0
08.10.2020;18:30:00;0;0
08.10.2020;18:40:00;0;0
08.10.2020;18:50:00;0;0
08.10.2020;19:00:00;0;0
08.10.2020;19:10:00;0;0
08.10.2020;19:20:00;0;0
08.10.2020;19:30:00;0;0
08.10.2020;19:40:00;0;0
08.10.2020;19:50:00;0;0
08.10.2020;20:00:00;0;0
08.10.2020;20:10:00;0;0
08.10.2020;20:20:00;0;0
08.10.2020;20:30:00;0;0
08.10.2020;20:40:00;0;0
08.10.2020;20:50:00;0;0
08.10.2020;21:00:00;0;0
08.10.2020;21:10:00;0;0
08.10.2020;21:20:00;0;0
08.10.2020;21:30:00;0;0
08.10.2020;21:40:00;0;0
08.10.2020;21:50:00;0;0
08.10.2020;22:00:00;0;0
08.10.2020;22:10:00;0;0
08.10.2020;22:20:00;0;0
08.10.2020;22:30:00;0;0
08.10.2020;22:40:00;0;0
08.10.2020;22:50:00;0;0
08.10.2020;23:00:00;0;0
08.10.2020;23:10:00;0;0
08.10.2020;23:20:00;0;0
08.10.2020;23:30:00;0;0
08.10.2020;23:40:00;0;0
08.10.2020;23:50:00;0;0
