Date (MM/DD/YYYY),Time (HH:MM),nothing,GHI (W/m^2),DNI (W/m^2),DHI (W/m^2),temp_air,Windspeed (m/s),Avg Pressure [mBar],Avg Zenith Angle [degrees],Avg Azimuth Angle [degrees],Air pressure (Pa),Alb
07/04/2023,01:00,0,0.0,0.0,0.0,17.96,60.04,1015.37,-16.043,220.357,101537.0,0.222
07/04/2023,02:00,1,0.0,0.0,0.0,17.245,60.042,1015.614,-15.141,12.649,101561.4,0.222
07/04/2023,03:00,2,0.0,0.0,0.0,17.01,60.042,1015.696,-11.986,26.472,101569.6,0.222
07/04/2023,04:00,3,0.0,0.0,0.0,16.317,60.041,1015.609,-6.857,39.466,101560.9,0.222
07/04/2023,05:00,4,0.0,0.0,0.0,15.524,60.04,1015.663,-0.257,51.364,101566.3,0.222
07/04/2023,06:00,5,8.219,0.0,6.8,15.094,60.041,1015.817,7.783,62.893,101581.7,0.459
07/04/2023,07:00,6,47.775,0.0,41.274,14.955,60.042,1016.046,16.55,73.848,101604.6,0.21
07/04/2023,08:00,7,95.143,345.851,87.886,15.817,60.043,1016.313,25.808,84.872,101631.3,0.199
07/04/2023,09:00,8,333.156,466.272,128.484,16.879,60.046,1016.765,35.225,96.656,101676.5,0.171
07/04/2023,10:00,9,510.908,480.208,207.885,17.738,60.045,1017.06,44.381,110.212,101706.0,0.195
07/04/2023,11:00,10,636.495,522.848,236.163,18.688,60.048,1017.182,52.642,127.083,101718.2,0.197
07/04/2023,12:00,11,691.263,476.943,276.284,20.25,60.045,1017.386,58.932,149.165,101738.6,0.193
07/04/2023,13:00,12,780.4,518.561,287.821,21.295,60.047,1017.272,61.708,176.635,101727.2,0.187
07/04/2023,14:00,13,794.832,446.975,339.305,22.455,60.048,1017.201,59.941,204.858,101720.1,0.19
07/04/2023,15:00,14,748.229,382.064,346.447,23.426,60.046,1016.854,54.316,228.311,101685.4,0.192
07/04/2023,16:00,15,702.157,363.033,350.019,24.325,60.044,1016.477,46.39,246.222,101647.7,0.198
07/04/2023,17:00,16,472.763,306.797,303.201,24.627,60.048,1016.082,37.368,260.382,101608.2,0.199
07/04/2023,18:00,17,357.341,222.75,254.82,24.052,59.053,1015.588,27.964,272.467,101558.8,0.209
07/04/2023,19:00,18,275.762,106.516,213.175,24.499,60.041,1014.985,18.632,283.595,101498.5,0.212
07/04/2023,20:00,19,104.744,57.744,88.073,23.707,60.04,1014.397,9.72,294.506,101439.7,0.196
07/04/2023,21:00,20,23.062,0.0,19.738,22.802,60.04,1013.892,1.563,305.725,101389.2,0.228
07/04/2023,22:00,21,3.623,0.0,0.0,21.908,60.041,1013.746,-5.458,317.576,101374.6,0.374
07/04/2023,23:00,22,0.0,0.0,0.0,21.243,60.04,1013.429,-11.007,330.353,101342.9,0.222
07/04/2023,00:00,23,0.0,0.0,0.0,20.346,60.041,1012.626,-14.681,344.073,101262.6,0.222
07/05/2023,01:00,0,0.0,0.0,0.0,19.284,60.041,1011.907,-16.129,220.313,101190.7,0.222
07/05/2023,02:00,1,0.0,0.0,0.0,18.093,60.041,1011.302,-15.234,12.621,101130.2,0.222
07/05/2023,03:00,2,0.0,0.0,0.0,17.922,60.04,1010.031,-12.092,26.425,101003.1,0.222
07/05/2023,04:00,3,0.0,0.0,0.0,17.548,60.042,1009.355,-7.014,39.345,100935.5,0.222
07/05/2023,05:00,4,0.0,0.0,0.0,17.542,60.04,1008.727,-0.23,51.569,100872.7,0.222
07/05/2023,06:00,5,3.892,0.0,1.406,17.011,60.041,1009.526,7.582,62.778,100952.6,0.594
07/05/2023,07:00,6,27.573,0.0,21.437,15.714,60.042,1010.739,16.461,73.884,101073.9,0.207
07/05/2023,08:00,7,91.269,365.513,77.752,15.706,60.042,1011.266,25.715,84.906,101126.6,0.191
07/05/2023,09:00,8,164.355,424.693,109.746,15.97,60.045,1011.927,35.131,96.693,101192.7,0.172
07/05/2023,10:00,9,153.169,50.028,142.193,15.661,60.043,1012.651,44.286,110.249,101265.1,0.19
07/05/2023,11:00,10,176.715,149.931,153.22,16.124,60.042,1013.454,52.545,127.107,101345.4,0.189
07/05/2023,12:00,11,587.532,505.545,286.828,17.549,60.045,1014.114,58.834,149.152,101411.4,0.188
07/05/2023,13:00,12,545.498,386.348,322.513,18.595,60.045,1014.616,61.616,176.558,101461.6,0.185
07/05/2023,14:00,13,579.387,501.736,274.212,19.528,60.047,1014.917,59.866,204.73,101491.7,0.181
07/05/2023,15:00,14,452.237,404.365,265.212,19.34,60.044,1015.529,54.258,228.172,101552.9,0.181
07/05/2023,16:00,15,567.876,582.749,257.365,19.417,60.047,1015.844,46.344,246.093,101584.4,0.185
07/05/2023,17:00,16,448.615,506.194,244.294,19.867,60.045,1016.164,37.319,260.276,101616.4,0.184
07/05/2023,18:00,17,323.144,108.539,271.551,19.162,60.042,1016.596,27.925,272.362,101659.6,0.192
07/05/2023,19:00,18,196.439,59.391,178.988,19.164,60.043,1017.014,18.59,283.498,101701.4,0.189
07/05/2023,20:00,19,180.272,269.083,116.711,18.978,60.044,1017.361,9.673,294.416,101736.1,0.217
07/05/2023,21:00,20,108.804,342.192,34.293,18.68,60.043,1017.485,1.508,305.64,101748.5,0.261
07/05/2023,22:00,21,7.51,0.0,5.89,17.789,60.041,1018.027,-5.547,317.545,101802.7,0.363
07/05/2023,23:00,22,0.0,0.0,0.0,16.605,60.04,1019.0,-11.102,330.341,101900.0,0.222
07/05/2023,00:00,23,0.0,0.0,0.0,15.07,60.041,1019.25,-14.766,344.033,101925.0,0.222
07/06/2023,01:00,0,0.0,1.88,0.0,14.561,60.041,1019.513,-16.221,217.173,101951.3,0.222
07/06/2023,02:00,1,0.0,0.0,0.0,14.615,60.04,1019.784,-15.339,12.553,101978.4,0.222
07/06/2023,03:00,2,0.0,0.705,0.0,14.399,60.043,1019.792,-12.164,26.52,101979.2,0.222
07/06/2023,04:00,3,0.0,0.0,0.0,13.721,60.04,1019.858,-7.066,39.449,101985.8,0.222
07/06/2023,05:00,4,0.0,0.623,0.0,13.132,60.04,1019.956,-0.331,51.587,101995.6,0.222
07/06/2023,06:00,5,7.754,0.844,7.099,12.491,60.041,1020.15,7.527,62.862,102015.0,0.467
07/06/2023,07:00,6,34.004,0.997,27.306,13.202,60.042,1020.467,16.358,73.911,102046.7,0.179
07/06/2023,08:00,7,59.634,521.057,48.43,15.105,60.044,1020.763,25.618,84.946,102076.3,0.22
07/06/2023,09:00,8,353.538,663.825,59.635,16.747,60.047,1021.153,35.034,96.737,102115.3,0.159
07/06/2023,10:00,9,540.741,743.278,66.869,18.125,60.047,1021.509,44.187,110.292,102150.9,0.184
07/06/2023,11:00,10,687.729,799.366,68.65,18.79,60.044,1021.642,52.442,127.138,102164.2,0.188
07/06/2023,12:00,11,799.707,805.542,102.03,20.937,60.049,1021.675,58.729,149.145,102167.5,0.181
07/06/2023,13:00,12,746.03,675.496,206.329,21.724,60.045,1021.574,61.518,176.484,102157.4,0.174
07/06/2023,14:00,13,714.725,508.053,290.699,22.707,60.048,1021.588,59.784,204.601,102158.8,0.178
07/06/2023,15:00,14,745.237,547.598,295.13,23.844,60.048,1021.47,54.193,228.029,102147.0,0.178
07/06/2023,16:00,15,631.953,553.319,255.915,24.098,60.044,1021.208,46.291,245.96,102120.8,0.179
07/06/2023,17:00,16,473.249,535.18,214.276,23.25,60.042,1021.075,37.281,260.147,102107.5,0.183
07/06/2023,18:00,17,456.681,520.84,168.576,23.949,60.045,1021.037,27.879,272.254,102103.7,0.188
07/06/2023,19:00,18,424.155,625.415,107.373,23.894,60.047,1020.792,18.541,283.398,102079.2,0.218
07/06/2023,20:00,19,231.181,464.77,54.305,23.746,60.042,1020.887,9.619,294.322,102088.7,0.244
07/06/2023,21:00,20,100.759,292.427,27.389,23.276,60.041,1021.151,1.447,305.552,102115.1,0.258
07/06/2023,22:00,21,17.012,113.813,6.248,22.062,60.042,1021.359,-5.618,317.464,102135.9,0.344
07/06/2023,23:00,22,0.0,0.0,0.0,20.988,60.041,1021.943,-11.183,330.27,102194.3,0.222
07/06/2023,00:00,23,0.0,0.0,0.0,19.759,60.04,1022.382,-14.856,343.955,102238.2,0.222
07/07/2023,01:00,0,0.0,0.0,0.0,18.38,60.04,1022.687,-16.322,220.227,102268.7,0.222
07/07/2023,02:00,1,0.0,0.0,0.0,16.902,60.041,1022.835,-15.438,12.57,102283.5,0.222
07/07/2023,03:00,2,0.0,0.0,0.0,15.658,60.041,1022.805,-12.308,26.393,102280.5,0.222
07/07/2023,04:00,3,0.0,0.0,0.0,14.912,60.04,1022.752,-7.153,39.504,102275.2,0.222
07/07/2023,05:00,4,0.0,0.0,0.0,14.217,60.04,1022.753,-0.438,51.608,102275.3,0.222
07/07/2023,06:00,5,6.609,0.0,4.436,13.636,60.04,1022.992,7.492,62.985,102299.2,0.483
07/07/2023,07:00,6,30.637,0.0,21.477,14.46,60.041,1023.19,16.189,73.87,102319.0,0.189
07/07/2023,08:00,7,55.818,580.132,40.385,16.821,60.045,1023.341,25.438,84.898,102334.1,0.24
07/07/2023,09:00,8,362.036,691.83,50.86,18.935,60.048,1023.408,34.932,96.788,102340.8,0.161
07/07/2023,10:00,9,545.698,762.948,56.766,21.369,60.046,1023.6,44.083,110.343,102360.0,0.188
07/07/2023,11:00,10,687.147,803.844,62.062,23.508,60.048,1023.653,52.335,127.178,102365.3,0.192
07/07/2023,12:00,11,797.649,830.357,64.926,25.53,60.048,1023.481,58.619,149.146,102348.1,0.186
07/07/2023,13:00,12,873.177,835.84,69.661,26.903,60.045,1023.194,61.413,176.414,102319.4,0.18
07/07/2023,14:00,13,903.276,835.763,71.832,27.687,60.045,1022.771,59.695,204.471,102277.1,0.178
07/07/2023,15:00,14,883.475,826.001,71.277,28.823,60.044,1022.345,54.122,227.884,102234.5,0.178
07/07/2023,16:00,15,821.336,811.23,71.076,29.364,60.071,1022.108,46.233,245.823,102210.8,0.182
07/07/2023,17:00,16,715.543,778.217,69.618,30.488,60.043,1021.477,37.228,260.023,102147.7,0.191
07/07/2023,18:00,17,575.075,716.897,72.169,30.923,60.044,1021.119,27.828,272.141,102111.9,0.203
07/07/2023,19:00,18,407.559,611.691,68.726,30.669,59.381,1020.598,18.487,283.294,102059.8,0.22
07/07/2023,20:00,19,221.972,384.94,65.94,29.761,60.042,1020.232,9.56,294.225,102023.2,0.241
07/07/2023,21:00,20,72.724,127.566,29.632,28.835,60.042,1020.079,1.38,305.462,102007.9,0.239
07/07/2023,22:00,21,9.035,17.033,4.144,27.191,60.04,1019.926,-5.695,317.381,101992.6,0.392
07/07/2023,23:00,22,0.0,0.0,0.0,25.181,60.041,1019.984,-11.271,330.197,101998.4,0.222
07/07/2023,00:00,23,0.0,0.0,0.0,23.477,60.04,1020.157,-14.954,343.896,102015.7,0.222
07/08/2023,01:00,0,0.0,0.0,0.0,22.586,60.04,1020.198,-16.428,226.186,102019.8,0.222
07/08/2023,02:00,1,0.0,0.0,0.0,21.906,60.04,1020.145,-15.538,12.623,102014.5,0.222
07/08/2023,03:00,2,0.0,0.0,0.0,20.728,60.04,1019.826,-12.406,26.441,101982.6,0.222
07/08/2023,04:00,3,0.0,0.0,0.0,20.215,60.04,1019.695,-7.278,39.496,101969.5,0.222
07/08/2023,05:00,4,0.0,0.0,0.0,19.614,60.04,1019.362,-0.583,51.582,101936.2,0.222
07/08/2023,06:00,5,8.407,0.0,4.914,19.164,60.04,1019.428,7.391,63.032,101942.8,0.416
07/08/2023,07:00,6,33.786,0.0,23.243,19.255,60.04,1019.647,16.149,73.996,101964.7,0.191
07/08/2023,08:00,7,85.963,285.866,78.086,21.032,60.042,1019.776,25.463,85.106,101977.6,0.198
07/08/2023,09:00,8,277.839,404.091,105.796,22.372,60.045,1019.829,34.827,96.845,101982.9,0.161
07/08/2023,10:00,9,522.108,528.598,176.075,25.001,60.046,1020.039,43.975,110.401,102003.9,0.185
07/08/2023,11:00,10,673.921,645.382,157.876,26.839,60.042,1020.063,52.223,127.224,102006.3,0.19
07/08/2023,12:00,11,764.22,744.206,99.144,28.954,60.043,1019.991,58.504,149.153,101999.1,0.185
07/08/2023,13:00,12,843.248,773.698,91.652,30.687,60.042,1019.562,61.302,176.348,101956.2,0.18
07/08/2023,14:00,13,873.418,781.352,90.63,31.787,60.042,1019.341,59.599,204.341,101934.1,0.177
07/08/2023,15:00,14,852.232,766.297,104.161,32.621,60.044,1019.102,54.045,227.735,101910.2,0.177
07/08/2023,16:00,15,798.551,749.988,109.536,33.297,60.051,1018.869,46.168,245.682,101886.9,0.181
07/08/2023,17:00,16,467.196,311.235,263.087,33.848,58.442,1018.655,37.17,259.895,101865.5,0.186
07/08/2023,18:00,17,233.754,29.391,230.617,33.64,60.041,1018.634,27.77,272.025,101863.4,0.187
07/08/2023,19:00,18,147.797,58.639,134.776,32.656,60.04,1018.576,18.428,283.187,101857.6,0.197
07/08/2023,20:00,19,162.541,86.866,134.421,29.622,60.04,1018.904,9.476,294.15,101890.4,0.204
07/08/2023,21:00,20,111.941,153.441,75.352,27.455,60.04,1019.31,1.306,305.37,101931.0,0.243
07/08/2023,22:00,21,14.707,57.176,8.524,26.285,60.04,1020.057,-5.778,317.297,102005.7,0.308
07/08/2023,23:00,22,0.0,0.0,0.0,24.441,60.04,1020.78,-11.353,330.087,102078.0,0.222
07/08/2023,00:00,23,0.0,0.0,0.0,23.811,60.04,1021.004,-15.058,343.838,102100.4,0.222
07/09/2023,01:00,0,0.0,0.0,0.0,23.455,60.04,1021.084,-16.538,227.172,102108.4,0.222
07/09/2023,02:00,1,0.0,0.0,0.0,22.956,60.041,1021.352,-15.668,12.529,102135.2,0.222
07/09/2023,03:00,2,0.0,0.0,0.0,22.262,60.04,1021.255,-12.546,26.378,102125.5,0.222
07/09/2023,04:00,3,0.0,0.0,0.0,21.595,60.04,1021.246,-7.396,39.513,102124.6,0.222
07/09/2023,05:00,4,0.0,0.0,0.0,21.085,60.04,1021.402,-0.665,51.665,102140.2,0.222
07/09/2023,06:00,5,7.729,0.0,5.616,20.531,60.04,1021.663,7.27,63.064,102166.3,0.496
07/09/2023,07:00,6,39.617,0.0,32.93,20.79,60.041,1021.972,15.991,73.989,102197.2,0.197
07/09/2023,08:00,7,83.873,341.125,78.474,22.403,60.043,1021.91,25.303,85.102,102191.0,0.189
07/09/2023,09:00,8,315.452,444.998,120.787,24.245,60.042,1021.96,34.718,96.909,102196.0,0.15
07/09/2023,10:00,9,473.232,526.802,146.569,26.986,60.043,1021.899,43.863,110.466,102189.9,0.19
07/09/2023,11:00,10,621.709,622.161,148.95,29.001,58.736,1021.667,52.106,127.278,102166.7,0.193
07/09/2023,12:00,11,734.058,668.562,153.175,31.114,58.139,1021.365,58.383,149.166,102136.5,0.187
07/09/2023,13:00,12,806.449,679.016,161.921,33.23,59.378,1020.947,61.184,176.286,102094.7,0.182
07/09/2023,14:00,13,751.856,478.557,286.288,34.413,59.715,1020.349,59.497,204.211,102034.9,0.181
07/09/2023,15:00,14,356.049,118.49,326.757,34.276,60.042,1019.888,53.961,227.584,101988.8,0.186
07/09/2023,16:00,15,176.633,13.93,178.455,33.631,58.155,1019.188,46.098,245.537,101918.8,0.182
07/09/2023,17:00,16,38.065,0.0,28.92,30.22,58.85,1020.316,37.106,259.763,102031.6,0.149
07/09/2023,18:00,17,73.855,0.0,64.484,25.078,60.04,1022.713,27.707,271.905,102271.3,0.175
07/09/2023,19:00,18,98.797,0.0,93.13,24.485,60.04,1021.631,18.362,283.077,102163.1,0.198
07/09/2023,20:00,19,109.33,29.951,102.889,25.366,60.04,1021.033,9.423,294.023,102103.3,0.208
07/09/2023,21:00,20,94.136,94.895,80.953,26.405,60.041,1020.797,1.284,305.19,102079.7,0.221
07/09/2023,22:00,21,11.864,10.1,11.324,25.488,60.041,1021.001,-5.862,317.202,102100.1,0.325
07/09/2023,23:00,22,0.0,0.0,0.0,24.096,60.04,1021.512,-11.48,330.092,102151.2,0.222
07/09/2023,00:00,23,0.0,0.0,0.0,23.286,60.04,1022.037,-15.156,343.714,102203.7,0.222
07/10/2023,01:00,0,0.0,0.0,0.0,22.771,60.041,1022.308,-16.66,226.107,102230.8,0.222
07/10/2023,02:00,1,0.0,0.0,0.0,22.329,60.041,1022.392,-15.792,12.513,102239.2,0.222
07/10/2023,03:00,2,0.0,0.0,0.0,22.032,60.043,1022.543,-12.65,26.445,102254.3,0.222
07/10/2023,04:00,3,0.0,0.0,0.0,21.663,60.041,1022.617,-7.529,39.514,102261.7,0.222
07/10/2023,05:00,4,0.0,0.0,0.0,21.165,60.04,1022.988,-0.656,51.909,102298.8,0.222
07/10/2023,06:00,5,3.413,0.0,0.953,20.354,60.041,1023.199,7.153,63.111,102319.9,0.118
07/10/2023,07:00,6,13.576,0.0,10.398,20.101,60.041,1023.651,15.761,73.908,102365.1,0.205
07/10/2023,08:00,7,33.424,0.0,25.853,19.897,60.042,1024.161,25.19,85.166,102416.1,0.188
07/10/2023,09:00,8,254.104,327.902,168.336,21.064,60.042,1024.552,34.605,96.979,102455.2,0.181
07/10/2023,10:00,9,379.011,249.582,296.127,21.7,60.044,1024.875,43.748,110.538,102487.5,0.186
07/10/2023,11:00,10,463.723,302.284,330.099,22.408,60.045,1025.087,51.985,127.339,102508.7,0.186
07/10/2023,12:00,11,653.044,573.233,262.709,23.866,60.045,1024.972,58.256,149.187,102497.2,0.183
07/10/2023,13:00,12,688.707,565.99,230.077,24.819,60.044,1024.842,61.06,176.228,102484.2,0.176
07/10/2023,14:00,13,603.804,603.157,225.421,25.658,60.043,1024.572,59.388,204.082,102457.2,0.174
07/10/2023,15:00,14,774.148,738.748,196.474,26.448,60.042,1024.396,53.871,227.43,102439.6,0.175
07/10/2023,16:00,15,741.363,668.989,165.292,26.652,60.043,1023.966,46.021,245.389,102396.6,0.181
07/10/2023,17:00,16,671.562,661.013,151.95,27.338,60.042,1023.815,37.035,259.628,102381.5,0.19
07/10/2023,18:00,17,538.615,630.582,134.082,27.561,60.042,1023.376,27.639,271.782,102337.6,0.199
07/10/2023,19:00,18,399.666,557.334,101.265,27.634,60.041,1022.947,18.29,282.964,102294.7,0.223
07/10/2023,20:00,19,225.941,388.973,73.018,27.427,60.042,1022.516,9.345,293.918,102251.6,0.24
07/10/2023,21:00,20,74.291,87.868,47.264,26.436,60.04,1022.406,1.14,305.178,102240.6,0.249
07/10/2023,22:00,21,11.196,17.616,7.655,25.938,60.041,1022.297,-5.964,317.123,102229.7,0.395
07/10/2023,23:00,22,0.0,0.0,0.0,24.699,60.04,1022.21,-11.573,329.974,102221.0,0.222
07/10/2023,00:00,23,0.0,0.0,0.0,22.834,60.04,1021.923,-15.287,343.721,102192.3,0.222
07/11/2023,01:00,0,0.0,0.0,0.0,21.696,60.04,1021.71,-16.785,226.07,102171.0,0.222
07/11/2023,02:00,1,0.0,0.0,0.0,20.738,60.04,1021.399,-15.922,12.499,102139.9,0.222
07/11/2023,03:00,2,0.0,0.0,0.0,19.817,60.04,1021.011,-12.768,26.488,102101.1,0.222
07/11/2023,04:00,3,0.0,0.0,0.0,19.016,60.04,1020.541,-7.649,39.561,102054.1,0.222
07/11/2023,05:00,4,0.0,0.0,0.0,18.482,59.756,1020.165,-0.91,51.743,102016.5,0.222
07/11/2023,06:00,5,6.3,0.0,3.575,18.239,59.609,1019.748,7.032,63.163,101974.8,0.455
07/11/2023,07:00,6,29.74,0.0,22.27,18.449,59.758,1019.467,15.91,74.288,101946.7,0.188
07/11/2023,08:00,7,66.394,430.065,59.899,19.897,60.044,1019.079,25.126,85.299,101907.9,0.206
07/11/2023,09:00,8,333.058,543.457,92.036,21.455,60.045,1018.576,34.49,97.059,101857.6,0.143
07/11/2023,10:00,9,489.527,579.944,132.907,23.67,60.043,1018.182,43.628,110.617,101818.2,0.189
07/11/2023,11:00,10,660.886,685.275,142.619,26.499,60.045,1017.621,51.859,127.408,101762.1,0.195
07/11/2023,12:00,11,757.708,730.753,123.245,28.602,60.049,1016.923,58.124,149.215,101692.3,0.188
07/11/2023,13:00,12,831.688,756.96,114.085,29.882,60.044,1016.207,60.93,176.174,101620.7,0.181
07/11/2023,14:00,13,856.884,758.9,108.19,30.843,60.041,1015.389,59.272,203.952,101538.9,0.178
07/11/2023,15:00,14,852.247,775.643,94.219,31.853,60.04,1014.517,53.774,227.273,101451.7,0.179
07/11/2023,16:00,15,790.992,760.385,91.259,33.15,60.042,1013.744,45.938,245.237,101374.4,0.183
07/11/2023,17:00,16,695.113,735.411,89.26,33.491,60.041,1013.199,36.977,259.463,101319.9,0.191
07/11/2023,18:00,17,556.566,665.909,93.216,33.63,60.042,1012.611,27.564,271.655,101261.1,0.204
07/11/2023,19:00,18,291.214,485.202,150.322,33.159,60.04,1012.017,18.213,282.847,101201.7,0.201
07/11/2023,20:00,19,99.364,196.391,85.989,32.044,60.04,1011.317,9.262,293.811,101131.7,0.204
07/11/2023,21:00,20,104.038,172.614,70.259,31.421,60.04,1010.388,1.046,305.082,101038.8,0.227
07/11/2023,22:00,21,14.124,32.638,9.995,29.769,60.04,1010.304,-6.067,317.034,101030.4,0.302
07/11/2023,23:00,22,0.0,0.0,0.0,26.705,59.713,1010.375,-11.686,329.898,101037.5,0.222
07/11/2023,00:00,23,0.0,0.0,0.0,25.614,60.04,1010.519,-15.411,343.664,101051.9,0.222
07/12/2023,01:00,0,0.0,0.0,0.0,24.678,60.04,1010.729,-16.914,227.082,101072.9,0.222
07/12/2023,02:00,1,0.0,0.0,0.0,22.6,60.04,1011.756,-16.058,12.487,101175.6,0.222
07/12/2023,03:00,2,0.0,0.0,0.0,21.222,60.04,1012.325,-12.929,26.422,101232.5,0.222
07/12/2023,04:00,3,0.0,0.0,0.0,21.113,59.363,1012.537,-7.755,39.644,101253.7,0.222
07/12/2023,05:00,4,0.0,0.0,0.0,19.421,60.04,1012.888,-1.04,51.788,101288.8,0.222
07/12/2023,06:00,5,1.935,0.0,0.0,18.97,60.04,1013.765,6.907,63.221,101376.5,0.869
07/12/2023,07:00,6,19.751,0.0,20.338,18.284,60.04,1013.976,15.604,74.134,101397.6,0.33
07/12/2023,08:00,7,65.118,0.0,64.256,17.87,60.041,1014.576,25.058,85.438,101457.6,0.216
07/12/2023,09:00,8,233.6,438.233,144.904,19.033,59.403,1015.121,34.368,97.139,101512.1,0.18
07/12/2023,10:00,9,259.124,494.92,175.521,19.565,60.042,1015.47,43.504,110.703,101547.0,0.195
07/12/2023,11:00,10,540.348,586.016,226.327,20.87,60.044,1015.561,51.728,127.484,101556.1,0.191
07/12/2023,12:00,11,750.039,682.363,236.164,22.019,60.044,1015.752,57.987,149.249,101575.2,0.188
07/12/2023,13:00,12,678.839,626.302,242.235,22.616,60.045,1015.944,60.793,176.125,101594.4,0.182
07/12/2023,14:00,13,789.351,679.27,277.365,23.846,60.042,1016.007,59.15,203.824,101600.7,0.183
07/12/2023,15:00,14,827.832,705.082,251.513,24.266,60.044,1015.906,53.671,227.115,101590.6,0.184
07/12/2023,16:00,15,722.984,652.616,220.942,24.775,60.042,1015.676,45.848,245.082,101567.6,0.183
07/12/2023,17:00,16,560.517,427.762,266.248,25.249,60.041,1015.804,36.877,259.346,101580.4,0.192
07/12/2023,18:00,17,465.896,457.163,208.383,24.893,60.04,1015.691,27.483,271.525,101569.1,0.199
07/12/2023,19:00,18,268.471,271.694,151.026,24.743,60.042,1015.635,18.129,282.728,101563.5,0.207
07/12/2023,20:00,19,152.935,93.474,128.882,24.231,60.04,1015.755,9.172,293.7,101575.5,0.213
07/12/2023,21:00,20,69.174,93.622,58.864,23.421,60.04,1015.911,0.95,304.977,101591.1,0.221
07/12/2023,22:00,21,12.381,22.832,8.842,22.573,60.041,1016.141,-6.206,317.003,101614.1,0.388
07/12/2023,23:00,22,0.0,0.0,0.0,21.652,60.04,1016.853,-11.806,329.822,101685.3,0.222
07/12/2023,00:00,23,0.0,0.0,0.0,20.615,60.04,1017.524,-15.534,343.58,101752.4,0.222
07/13/2023,01:00,0,0.0,0.0,0.0,19.517,60.04,1018.12,-17.055,225.274,101812.0,0.222
07/13/2023,02:00,1,0.0,0.0,0.0,18.491,60.04,1018.547,-16.2,12.478,101854.7,0.222
07/13/2023,03:00,2,0.0,0.0,0.0,17.467,60.04,1018.808,-13.059,26.479,101880.8,0.222
07/13/2023,04:00,3,0.0,0.0,0.0,16.934,60.04,1018.741,-7.981,39.499,101874.1,0.222
07/13/2023,05:00,4,0.0,0.0,0.0,16.111,60.04,1018.839,-1.174,51.838,101883.9,0.222
07/13/2023,06:00,5,6.331,0.0,4.42,15.566,60.04,1019.081,6.815,63.332,101908.1,0.529
07/13/2023,07:00,6,33.014,0.0,27.18,16.082,60.041,1019.383,15.467,74.192,101938.3,0.205
07/13/2023,08:00,7,87.348,458.54,86.718,16.932,60.042,1019.629,24.831,85.394,101962.9,0.215
07/13/2023,09:00,8,277.206,270.668,166.517,17.449,60.046,1020.085,34.244,97.228,102008.5,0.16
07/13/2023,10:00,9,472.543,245.609,369.275,18.414,60.044,1020.462,43.377,110.796,102046.2,0.189
07/13/2023,11:00,10,474.538,35.158,477.254,18.991,60.046,1020.486,51.594,127.568,102048.6,0.193
07/13/2023,12:00,11,663.036,256.038,473.287,20.599,60.049,1020.507,57.844,149.29,102050.7,0.192
07/13/2023,13:00,12,540.465,119.153,479.339,21.279,60.043,1020.618,60.65,176.08,102061.8,0.184
07/13/2023,14:00,13,250.311,13.937,260.622,21.678,60.044,1020.725,59.021,203.696,102072.5,0.189
07/13/2023,15:00,14,366.449,337.21,324.152,21.812,60.042,1020.768,53.561,226.955,102076.8,0.19
07/13/2023,16:00,15,700.588,506.035,332.053,22.878,60.044,1020.736,45.753,244.924,102073.6,0.19
07/13/2023,17:00,16,562.702,361.024,312.534,23.649,60.044,1020.532,36.789,259.201,102053.2,0.194
07/13/2023,18:00,17,409.66,360.383,255.186,23.658,60.042,1020.505,27.397,271.392,102050.5,0.196
07/13/2023,19:00,18,119.474,0.0,120.221,21.234,60.04,1020.665,18.04,282.605,102066.5,0.196
07/13/2023,20:00,19,127.868,111.422,120.772,20.71,60.04,1021.013,9.094,293.566,102101.3,0.214
07/13/2023,21:00,20,49.984,62.665,37.382,20.719,60.042,1021.203,0.845,304.873,102120.3,0.255
07/13/2023,22:00,21,11.324,15.502,9.231,20.506,60.04,1021.485,-6.291,316.851,102148.5,0.405
07/13/2023,23:00,22,0.0,0.0,0.0,20.466,60.043,1021.834,-11.933,329.745,102183.4,0.222
07/13/2023,00:00,23,0.0,0.0,0.0,19.379,60.041,1021.908,-15.678,343.549,102190.8,0.222
07/14/2023,01:00,0,0.0,0.0,0.0,18.121,60.041,1021.876,-17.198,222.971,102187.6,0.222
07/14/2023,02:00,1,0.0,0.0,0.0,17.26,60.04,1021.609,-16.347,12.472,102160.9,0.222
07/14/2023,03:00,2,0.0,0.0,0.0,17.111,60.042,1021.238,-13.206,26.497,102123.8,0.222
07/14/2023,04:00,3,0.0,0.0,0.0,16.702,60.042,1021.155,-8.064,39.665,102115.5,0.222
07/14/2023,05:00,4,0.0,0.0,0.0,16.098,60.04,1021.044,-1.409,51.74,102104.4,0.222
07/14/2023,06:00,5,4.79,0.0,2.923,15.452,60.04,1020.888,6.61,63.306,102088.8,0.487
07/14/2023,07:00,6,29.664,0.0,25.023,15.593,60.042,1020.719,15.424,74.373,102071.9,0.194
07/14/2023,08:00,7,75.932,415.229,79.44,17.344,60.042,1020.553,24.657,85.425,102055.3,0.215
07/14/2023,09:00,8,331.049,401.751,172.935,19.547,60.048,1020.354,34.117,97.324,102035.4,0.153
07/14/2023,10:00,9,434.797,338.408,240.077,21.036,60.046,1019.888,43.245,110.896,101988.8,0.189
07/14/2023,11:00,10,469.105,189.163,357.642,21.891,60.046,1019.393,51.455,127.659,101939.3,0.191
07/14/2023,12:00,11,364.087,40.072,363.829,22.643,60.044,1018.995,57.696,149.338,101899.5,0.187
07/14/2023,13:00,12,431.633,86.769,422.255,24.088,60.042,1018.221,60.502,176.04,101822.1,0.189
07/14/2023,14:00,13,743.735,448.563,378.221,25.454,60.044,1017.205,58.885,203.57,101720.5,0.183
07/14/2023,15:00,14,673.673,300.622,459.332,25.839,60.043,1016.38,53.444,226.793,101638.0,0.186
07/14/2023,16:00,15,688.772,409.284,358.643,26.759,60.048,1015.469,45.651,244.763,101546.9,0.189
07/14/2023,17:00,16,553.399,442.31,283.739,27.379,60.043,1014.671,36.695,259.052,101467.1,0.191
07/14/2023,18:00,17,396.423,208.018,326.024,27.537,60.042,1013.448,27.304,271.256,101344.8,0.198
07/14/2023,19:00,18,335.435,456.05,150.733,28.044,60.041,1012.315,17.945,282.48,101231.5,0.213
07/14/2023,20:00,19,226.558,480.695,59.794,28.495,60.043,1011.542,8.975,293.472,101154.2,0.235
07/14/2023,21:00,20,97.761,331.443,35.741,28.085,60.04,1011.358,0.761,304.729,101135.8,0.245
07/14/2023,22:00,21,8.946,0.0,8.695,26.779,60.04,1011.281,-6.412,316.758,101128.1,0.336
07/14/2023,23:00,22,0.0,0.0,0.0,25.022,60.042,1010.954,-12.066,329.668,101095.4,0.222
07/14/2023,00:00,23,0.0,0.0,0.0,23.846,60.042,1010.614,-15.822,343.493,101061.4,0.222
07/15/2023,01:00,0,0.0,0.0,0.0,23.17,60.04,1010.535,-17.35,227.178,101053.5,0.222
07/15/2023,02:00,1,0.0,0.0,0.0,22.792,60.041,1010.415,-16.501,12.469,101041.5,0.222
07/15/2023,03:00,2,0.0,0.0,0.0,22.034,60.04,1010.134,-13.329,26.616,101013.4,0.222
07/15/2023,04:00,3,0.0,0.0,0.0,21.476,60.043,1009.958,-8.213,39.708,100995.8,0.222
07/15/2023,05:00,4,0.0,0.0,0.0,21.075,60.04,1009.661,-1.538,51.823,100966.1,0.222
07/15/2023,06:00,5,6.072,0.0,2.774,20.787,60.04,1009.65,6.507,63.424,100965.0,0.424
07/15/2023,07:00,6,31.056,0.0,23.485,20.93,60.042,1009.669,15.3,74.469,100966.9,0.195
07/15/2023,08:00,7,53.993,532.557,51.809,23.072,60.044,1009.735,24.57,85.571,100973.5,0.238
07/15/2023,09:00,8,286.014,437.265,177.317,25.154,60.044,1009.786,33.986,97.426,100978.6,0.159
07/15/2023,10:00,9,77.38,0.0,76.665,24.425,60.041,1010.069,43.11,111.003,101006.9,0.189
07/15/2023,11:00,10,37.152,0.0,34.16,21.432,60.04,1011.141,51.311,127.757,101114.1,0.207
07/15/2023,12:00,11,38.488,0.0,32.644,19.422,60.04,1011.724,57.543,149.393,101172.4,0.177
07/15/2023,13:00,12,63.827,0.0,59.818,19.388,60.04,1011.23,60.347,176.005,101123.0,0.178
07/15/2023,14:00,13,242.831,151.85,248.91,20.423,60.042,1010.912,58.743,203.445,101091.2,0.191
07/15/2023,15:00,14,171.108,48.265,174.177,21.543,60.042,1010.831,53.321,226.629,101083.1,0.187
07/15/2023,16:00,15,195.576,215.777,202.416,22.186,60.042,1010.4,45.543,244.599,101040.0,0.19
07/15/2023,17:00,16,261.277,71.728,263.975,23.975,60.045,1010.612,36.594,258.9,101061.2,0.197
07/15/2023,18:00,17,357.694,188.74,303.308,25.028,60.044,1010.113,27.206,271.117,101011.3,0.201
07/15/2023,19:00,18,280.302,256.803,198.973,25.864,60.044,1009.843,17.844,282.353,100984.3,0.192
07/15/2023,20:00,19,97.894,137.64,85.358,25.075,60.044,1009.923,8.868,293.354,100992.3,0.191
07/15/2023,21:00,20,18.768,0.0,21.768,23.958,60.045,1010.924,0.618,304.661,101092.4,0.189
07/15/2023,22:00,21,4.029,0.0,0.0,21.966,60.041,1011.251,-6.573,316.724,101125.1,0.25
07/15/2023,23:00,22,0.0,0.0,0.0,21.158,60.04,1011.015,-12.205,329.59,101101.5,0.222
07/15/2023,00:00,23,0.0,0.0,0.0,21.653,60.041,1011.982,-15.971,343.437,101198.2,0.222
07/16/2023,01:00,0,0.0,0.0,0.0,21.447,60.042,1012.418,-17.506,230.496,101241.8,0.222
07/16/2023,02:00,1,0.0,0.0,0.0,21.122,60.041,1013.092,-16.661,12.469,101309.2,0.222
07/16/2023,03:00,2,0.0,0.0,0.0,20.378,60.041,1013.852,-13.517,26.546,101385.2,0.222
07/16/2023,04:00,3,0.0,0.0,0.0,19.129,60.042,1014.051,-8.365,39.756,101405.1,0.222
07/16/2023,05:00,4,0.0,0.0,0.0,18.514,60.041,1014.61,-1.601,52.018,101461.0,0.222
07/16/2023,06:00,5,5.426,0.0,2.785,17.949,60.041,1015.441,6.398,63.54,101544.1,0.502
07/16/2023,07:00,6,28.547,0.0,22.531,18.209,60.044,1015.935,15.258,74.671,101593.5,0.197
07/16/2023,08:00,7,54.664,507.579,56.901,18.79,60.043,1016.638,24.441,85.675,101663.8,0.229
07/16/2023,09:00,8,345.139,644.003,73.334,19.279,60.044,1016.947,33.852,97.535,101694.7,0.138
07/16/2023,10:00,9,521.894,731.816,91.092,20.03,60.043,1017.133,42.972,111.116,101713.3,0.186
07/16/2023,11:00,10,665.88,768.633,114.896,21.092,60.042,1017.255,51.164,127.862,101725.5,0.195
07/16/2023,12:00,11,583.263,535.885,223.366,21.661,60.047,1017.501,57.385,149.454,101750.1,0.184
07/16/2023,13:00,12,561.588,409.467,331.085,22.395,60.042,1017.598,60.186,175.974,101759.8,0.184
07/16/2023,14:00,13,474.799,358.521,392.075,23.033,60.045,1017.77,58.595,203.321,101777.0,0.186
07/16/2023,15:00,14,363.343,229.994,341.308,23.461,60.042,1017.852,53.192,226.465,101785.2,0.187
07/16/2023,16:00,15,575.442,430.66,366.444,24.068,60.045,1018.088,45.429,244.433,101808.8,0.188
07/16/2023,17:00,16,463.991,324.129,347.609,24.396,60.043,1018.094,36.488,258.745,101809.4,0.189
07/16/2023,18:00,17,344.328,185.369,305.332,24.486,60.043,1017.969,27.101,270.975,101796.9,0.193
07/16/2023,19:00,18,275.703,245.058,225.61,24.339,60.041,1017.839,17.737,282.222,101783.9,0.197
07/16/2023,20:00,19,86.846,43.89,83.814,23.74,60.041,1017.77,8.754,293.235,101777.0,0.197
07/16/2023,21:00,20,51.334,0.0,46.678,23.271,60.041,1018.034,0.495,304.552,101803.4,0.212
07/16/2023,22:00,21,8.067,0.0,4.884,22.527,60.041,1018.402,-6.642,316.502,101840.2,0.427
07/16/2023,23:00,22,0.0,0.0,0.0,21.53,60.04,1018.796,-12.351,329.511,101879.6,0.222
07/16/2023,00:00,23,0.0,0.0,0.0,20.966,60.041,1018.944,-16.125,343.373,101894.4,0.222
07/17/2023,01:00,0,0.0,0.0,0.0,20.448,60.041,1019.079,-17.67,231.882,101907.9,0.222
07/17/2023,02:00,1,0.0,0.0,0.0,19.083,60.04,1019.071,-16.837,12.4,101907.1,0.222
07/17/2023,03:00,2,0.0,0.0,0.0,19.065,60.042,1019.452,-13.651,26.671,101945.2,0.222
07/17/2023,04:00,3,0.0,0.0,0.0,18.389,60.042,1020.101,-8.587,39.679,102010.1,0.222
07/17/2023,05:00,4,0.0,0.0,0.0,17.929,60.044,1020.374,-1.751,52.094,102037.4,0.222
07/17/2023,06:00,5,4.115,0.0,2.097,17.41,60.041,1020.457,6.223,63.585,102045.7,0.47
07/17/2023,07:00,6,40.308,0.0,37.415,17.42,60.042,1020.861,15.018,74.644,102086.1,0.214
07/17/2023,08:00,7,86.267,308.285,95.554,18.058,60.045,1021.425,24.304,85.78,102142.5,0.207
07/17/2023,09:00,8,251.058,321.983,131.049,18.156,60.042,1022.053,33.715,97.649,102205.3,0.171
07/17/2023,10:00,9,508.29,720.071,86.579,19.748,60.042,1022.332,42.829,111.237,102233.2,0.184
07/17/2023,11:00,10,648.138,719.514,143.827,20.427,60.043,1022.455,51.012,127.974,102245.5,0.193
07/17/2023,12:00,11,649.399,616.055,227.659,21.652,60.044,1022.529,57.222,149.522,102252.9,0.184
07/17/2023,13:00,12,594.338,524.433,300.354,22.152,60.047,1022.465,60.019,175.949,102246.5,0.183
07/17/2023,14:00,13,645.971,396.772,395.804,23.241,60.046,1022.447,58.44,203.199,102244.7,0.184
07/17/2023,15:00,14,679.881,453.217,394.295,23.399,60.044,1022.121,53.056,226.299,102212.1,0.185
07/17/2023,16:00,15,646.196,454.175,403.115,23.877,60.042,1021.989,45.308,244.265,102198.9,0.187
07/17/2023,17:00,16,471.313,422.197,258.973,24.244,60.042,1021.771,36.376,258.588,102177.1,0.184
07/17/2023,18:00,17,291.186,562.278,173.697,22.536,60.043,1021.989,26.991,270.831,102198.9,0.196
07/17/2023,19:00,18,157.055,345.706,123.854,22.41,60.041,1022.389,17.623,282.09,102238.9,0.193
07/17/2023,20:00,19,76.536,104.08,72.816,18.227,60.041,1023.482,8.635,293.113,102348.2,0.206
07/17/2023,21:00,20,105.705,270.639,57.686,18.919,60.04,1024.008,0.288,304.559,102400.8,0.26
07/17/2023,22:00,21,15.704,113.963,8.459,18.747,60.04,1024.386,-6.803,316.448,102438.6,0.323
07/17/2023,23:00,22,0.0,0.0,0.0,18.252,60.041,1024.965,-12.503,329.433,102496.5,0.222
07/17/2023,00:00,23,0.0,0.0,0.0,16.939,60.041,1025.195,-16.277,343.248,102519.5,0.222
07/18/2023,01:00,0,0.0,0.0,0.0,16.101,60.041,1025.282,-17.845,229.842,102528.2,0.222
07/18/2023,02:00,1,0.0,0.0,0.0,15.305,60.04,1025.478,-16.976,12.632,102547.8,0.222
07/18/2023,03:00,2,0.0,0.0,0.0,14.597,60.041,1025.406,-13.848,26.609,102540.6,0.222
07/18/2023,04:00,3,0.0,0.0,0.0,14.002,60.04,1025.039,-8.685,39.865,102503.9,0.222
07/18/2023,05:00,4,0.0,0.0,0.0,13.484,60.04,1024.73,-1.907,52.163,102473.0,0.222
07/18/2023,06:00,5,3.378,0.0,2.614,12.995,60.04,1024.647,6.075,63.674,102464.7,0.614
07/18/2023,07:00,6,25.256,0.23,20.868,13.416,60.041,1024.556,14.882,74.753,102455.6,0.211
07/18/2023,08:00,7,50.284,525.675,52.468,15.005,60.042,1024.449,24.164,85.891,102444.9,0.244
07/18/2023,09:00,8,303.016,514.525,107.426,17.069,60.046,1024.45,33.574,97.77,102445.0,0.151
07/18/2023,10:00,9,343.248,242.152,216.458,18.394,60.042,1024.148,42.684,111.364,102414.8,0.177
07/18/2023,11:00,10,509.982,297.718,327.455,21.324,60.049,1023.82,50.856,128.093,102382.0,0.193
07/18/2023,12:00,11,563.254,142.111,481.341,22.722,60.049,1023.21,57.054,149.597,102321.0,0.19
07/18/2023,13:00,12,505.026,167.172,422.281,23.592,60.043,1022.795,59.846,175.927,102279.5,0.189
07/18/2023,14:00,13,643.48,321.056,405.332,24.835,60.044,1021.894,58.278,203.078,102189.4,0.185
07/18/2023,15:00,14,729.814,602.97,316.043,25.009,60.047,1021.399,52.914,226.133,102139.9,0.184
07/18/2023,16:00,15,663.849,559.359,250.623,25.82,60.044,1020.58,45.181,244.094,102058.0,0.18
07/18/2023,17:00,16,518.253,555.247,182.581,26.091,60.042,1019.635,36.258,258.428,101963.5,0.183
07/18/2023,18:00,17,416.311,500.656,184.903,26.391,60.041,1019.191,26.875,270.684,101919.1,0.197
07/18/2023,19:00,18,385.053,559.426,103.705,26.698,60.043,1018.352,17.505,281.954,101835.2,0.221
07/18/2023,20:00,19,219.498,415.41,76.127,26.376,60.044,1017.745,8.509,292.989,101774.5,0.243
07/18/2023,21:00,20,82.726,234.741,31.362,25.48,60.04,1017.42,0.231,304.329,101742.0,0.248
07/18/2023,22:00,21,6.366,0.0,4.928,23.645,60.04,1017.492,-6.961,316.372,101749.2,0.366
07/18/2023,23:00,22,0.0,0.0,0.0,22.482,60.04,1017.886,-12.661,329.354,101788.6,0.222
07/18/2023,00:00,23,0.0,0.0,0.0,21.552,60.04,1017.893,-16.458,343.274,101789.3,0.222
