Albedo Measurements;;;;
;;;;
Site:;TH Köln Bibdach;;;
Location:;Latitude: 50.935° , Longitude: 6.992°;;;
Date:;23.09.2021 - 06.10.2021;;;
;;;;
date;time;GHI;DHI;DNI
23.09.2021;00:00:00;0;0;
23.09.2021;00:01:00;0;0;
23.09.2021;00:02:00;0;0;
23.09.2021;00:03:00;0;0;
23.09.2021;00:04:00;0;0;
23.09.2021;00:05:00;0;0;
23.09.2021;00:06:00;0;0;
23.09.2021;00:07:00;0;0;
23.09.2021;00:08:00;0;0;
23.09.2021;00:09:00;0;0;
23.09.2021;00:10:00;0;0;
23.09.2021;00:11:00;0;0;
23.09.2021;00:12:00;0;0;
23.09.2021;00:13:00;0;0;
23.09.2021;00:14:00;0;0;
23.09.2021;00:15:00;0;0;
23.09.2021;00:16:00;0;0;
23.09.2021;00:17:00;0;0;
23.09.2021;00:18:00;0;0;
23.09.2021;00:19:00;0;0;
23.09.2021;00:20:00;0;0;
23.09.2021;00:21:00;0;0;
23.09.2021;00:22:00;0;0;
23.09.2021;00:23:00;0;0;
23.09.2021;00:24:00;0;0;
23.09.2021;00:25:00;0;0;
23.09.2021;00:26:00;0;0;
23.09.2021;00:27:00;0;0;
23.09.2021;00:28:00;0;0;
23.09.2021;00:29:00;0;0;
23.09.2021;00:30:00;0;0;
23.09.2021;00:31:00;0;0;
23.09.2021;00:32:00;0;0;
23.09.2021;00:33:00;0;0;
23.09.2021;00:34:00;0;0;
23.09.2021;00:35:00;0;0;
23.09.2021;00:36:00;0;0;
23.09.2021;00:37:00;0;0;
23.09.2021;00:38:00;0;0;
23.09.2021;00:39:00;0;0;
23.09.2021;00:40:00;0;0;
23.09.2021;00:41:00;0;0;
23.09.2021;00:42:00;0;0;
23.09.2021;00:43:00;0;0;
23.09.2021;00:44:00;0;0;
23.09.2021;00:45:00;0;0;
23.09.2021;00:46:00;0;0;
23.09.2021;00:47:00;0;0;
23.09.2021;00:48:00;0;0;
23.09.2021;00:49:00;0;0;
23.09.2021;00:50:00;0;0;
23.09.2021;00:51:00;0;0;
23.09.2021;00:52:00;0;0;
23.09.2021;00:53:00;0;0;
23.09.2021;00:54:00;0;0;
23.09.2021;00:55:00;0;0;
23.09.2021;00:56:00;0;0;
23.09.2021;00:57:00;0;0;
23.09.2021;00:58:00;0;0;
23.09.2021;00:59:00;0;0;
23.09.2021;01:00:00;0;0;
23.09.2021;01:01:00;0;0;
23.09.2021;01:02:00;0;0;
23.09.2021;01:03:00;0;0;
23.09.2021;01:04:00;0;0;
23.09.2021;01:05:00;0;0;
23.09.2021;01:06:00;0;0;
23.09.2021;01:07:00;0;0;
23.09.2021;01:08:00;0;0;
23.09.2021;01:09:00;0;0;
23.09.2021;01:10:00;0;0;
23.09.2021;01:11:00;0;0;
23.09.2021;01:12:00;0;0;
23.09.2021;01:13:00;0;0;
23.09.2021;01:14:00;0;0;
23.09.2021;01:15:00;0;0;
23.09.2021;01:16:00;0;0;
23.09.2021;01:17:00;0;0;
23.09.2021;01:18:00;0;0;
23.09.2021;01:19:00;0;0;
23.09.2021;01:20:00;0;0;
23.09.2021;01:21:00;0;0;
23.09.2021;01:22:00;0;0;
23.09.2021;01:23:00;0;0;
23.09.2021;01:24:00;0;0;
23.09.2021;01:25:00;0;0;
23.09.2021;01:26:00;0;0;
23.09.2021;01:27:00;0;0;
23.09.2021;01:28:00;0;0;
23.09.2021;01:29:00;0;0;
23.09.2021;01:30:00;0;0;
23.09.2021;01:31:00;0;0;
23.09.2021;01:32:00;0;0;
23.09.2021;01:33:00;0;0;
23.09.2021;01:34:00;0;0;
23.09.2021;01:35:00;0;0;
23.09.2021;01:36:00;0;0;
23.09.2021;01:37:00;0;0;
23.09.2021;01:38:00;0;0;
23.09.2021;01:39:00;0;0;
23.09.2021;01:40:00;0;0;
23.09.2021;01:41:00;0;0;
23.09.2021;01:42:00;0;0;
23.09.2021;01:43:00;0;0;
23.09.2021;01:44:00;0;0;
23.09.2021;01:45:00;0;0;
23.09.2021;01:46:00;0;0;
23.09.2021;01:47:00;0;0;
23.09.2021;01:48:00;0;0;
23.09.2021;01:49:00;0;0;
23.09.2021;01:50:00;0;0;
23.09.2021;01:51:00;0;0;
23.09.2021;01:52:00;0;0;
23.09.2021;01:53:00;0;0;
23.09.2021;01:54:00;0;0;
23.09.2021;01:55:00;0;0;
23.09.2021;01:56:00;0;0;
23.09.2021;01:57:00;0;0;
23.09.2021;01:58:00;0;0;
23.09.2021;01:59:00;0;0;
23.09.2021;02:00:00;0;0;
23.09.2021;02:01:00;0;0;
23.09.2021;02:02:00;0;0;
23.09.2021;02:03:00;0;0;
23.09.2021;02:04:00;0;0;
23.09.2021;02:05:00;0;0;
23.09.2021;02:06:00;0;0;
23.09.2021;02:07:00;0;0;
23.09.2021;02:08:00;0;0;
23.09.2021;02:09:00;0;0;
23.09.2021;02:10:00;0;0;
23.09.2021;02:11:00;0;0;
23.09.2021;02:12:00;0;0;
23.09.2021;02:13:00;0;0;
23.09.2021;02:14:00;0;0;
23.09.2021;02:15:00;0;0;
23.09.2021;02:16:00;0;0;
23.09.2021;02:17:00;0;0;
23.09.2021;02:18:00;0;0;
23.09.2021;02:19:00;0;0;
23.09.2021;02:20:00;0;0;
23.09.2021;02:21:00;0;0;
23.09.2021;02:22:00;0;0;
23.09.2021;02:23:00;0;0;
23.09.2021;02:24:00;0;0;
23.09.2021;02:25:00;0;0;
23.09.2021;02:26:00;0;0;
23.09.2021;02:27:00;0;0;
23.09.2021;02:28:00;0;0;
23.09.2021;02:29:00;0;0;
23.09.2021;02:30:00;0;0;
23.09.2021;02:31:00;0;0;
23.09.2021;02:32:00;0;0;
23.09.2021;02:33:00;0;0;
23.09.2021;02:34:00;0;0;
23.09.2021;02:35:00;0;0;
23.09.2021;02:36:00;0;0;
23.09.2021;02:37:00;0;0;
23.09.2021;02:38:00;0;0;
23.09.2021;02:39:00;0;0;
23.09.2021;02:40:00;0;0;
23.09.2021;02:41:00;0;0;
23.09.2021;02:42:00;0;0;
23.09.2021;02:43:00;0;0;
23.09.2021;02:44:00;0;0;
23.09.2021;02:45:00;0;0;
23.09.2021;02:46:00;0;0;
23.09.2021;02:47:00;0;0;
23.09.2021;02:48:00;0;0;
23.09.2021;02:49:00;0;0;
23.09.2021;02:50:00;0;0;
23.09.2021;02:51:00;0;0;
23.09.2021;02:52:00;0;0;
23.09.2021;02:53:00;0;0;
23.09.2021;02:54:00;0;0;
23.09.2021;02:55:00;0;0;
23.09.2021;02:56:00;0;0;
23.09.2021;02:57:00;0;0;
23.09.2021;02:58:00;0;0;
23.09.2021;02:59:00;0;0;
23.09.2021;03:00:00;0;0;
23.09.2021;03:01:00;0;0;
23.09.2021;03:02:00;0;0;
23.09.2021;03:03:00;0;0;
23.09.2021;03:04:00;0;0;
23.09.2021;03:05:00;0;0;
23.09.2021;03:06:00;0;0;
23.09.2021;03:07:00;0;0;
23.09.2021;03:08:00;0;0;
23.09.2021;03:09:00;0;0;
23.09.2021;03:10:00;0;0;
23.09.2021;03:11:00;0;0;
23.09.2021;03:12:00;0;0;
23.09.2021;03:13:00;0;0;
23.09.2021;03:14:00;0;0;
23.09.2021;03:15:00;0;0;
23.09.2021;03:16:00;0;0;
23.09.2021;03:17:00;0;0;
23.09.2021;03:18:00;0;0;
23.09.2021;03:19:00;0;0;
23.09.2021;03:20:00;0;0;
23.09.2021;03:21:00;0;0;
23.09.2021;03:22:00;0;0;
23.09.2021;03:23:00;0;0;
23.09.2021;03:24:00;0;0;
23.09.2021;03:25:00;0;0;
23.09.2021;03:26:00;0;0;
23.09.2021;03:27:00;0;0;
23.09.2021;03:28:00;0;0;
23.09.2021;03:29:00;0;0;
23.09.2021;03:30:00;0;0;
23.09.2021;03:31:00;0;0;
23.09.2021;03:32:00;0;0;
23.09.2021;03:33:00;0;0;
23.09.2021;03:34:00;0;0;
23.09.2021;03:35:00;0;0;
23.09.2021;03:36:00;0;0;
23.09.2021;03:37:00;0;0;
23.09.2021;03:38:00;0;0;
23.09.2021;03:39:00;0;0;
23.09.2021;03:40:00;0;0;
23.09.2021;03:41:00;0;0;
23.09.2021;03:42:00;0;0;
23.09.2021;03:43:00;0;0;
23.09.2021;03:44:00;0;0;
23.09.2021;03:45:00;0;0;
23.09.2021;03:46:00;0;0;
23.09.2021;03:47:00;0;0;
23.09.2021;03:48:00;0;0;
23.09.2021;03:49:00;0;0;
23.09.2021;03:50:00;0;0;
23.09.2021;03:51:00;0;0;
23.09.2021;03:52:00;0;0;
23.09.2021;03:53:00;0;0;
23.09.2021;03:54:00;0;0;
23.09.2021;03:55:00;0;0;
23.09.2021;03:56:00;0;0;
23.09.2021;03:57:00;0;0;
23.09.2021;03:58:00;0;0;
23.09.2021;03:59:00;0;0;
23.09.2021;04:00:00;0;0;
23.09.2021;04:01:00;0;0;
23.09.2021;04:02:00;0;0;
23.09.2021;04:03:00;0;0;
23.09.2021;04:04:00;0;0;
23.09.2021;04:05:00;0;0;
23.09.2021;04:06:00;0;0;
23.09.2021;04:07:00;0;0;
23.09.2021;04:08:00;0;0;
23.09.2021;04:09:00;0;0;
23.09.2021;04:10:00;0;0;
23.09.2021;04:11:00;0;0;
23.09.2021;04:12:00;0;0;
23.09.2021;04:13:00;0;0;
23.09.2021;04:14:00;0;0;
23.09.2021;04:15:00;0;0;
23.09.2021;04:16:00;0;0;
23.09.2021;04:17:00;0;0;
23.09.2021;04:18:00;0;0;
23.09.2021;04:19:00;0;0;
23.09.2021;04:20:00;0;0;
23.09.2021;04:21:00;0;0;
23.09.2021;04:22:00;0;0;
23.09.2021;04:23:00;0;0;
23.09.2021;04:24:00;0;0;
23.09.2021;04:25:00;0;0;
23.09.2021;04:26:00;0;0;
23.09.2021;04:27:00;0;0;
23.09.2021;04:28:00;0;0;
23.09.2021;04:29:00;0;0;
23.09.2021;04:30:00;0;0;
23.09.2021;04:31:00;0;0;
23.09.2021;04:32:00;0;0;
23.09.2021;04:33:00;0;0;
23.09.2021;04:34:00;0;0;
23.09.2021;04:35:00;0;0;
23.09.2021;04:36:00;0;0;
23.09.2021;04:37:00;0;0;
23.09.2021;04:38:00;0;0;
23.09.2021;04:39:00;0;0;
23.09.2021;04:40:00;0;0;
23.09.2021;04:41:00;0;0;
23.09.2021;04:42:00;0;0;
23.09.2021;04:43:00;0;0;
23.09.2021;04:44:00;0;0;
23.09.2021;04:45:00;0;0;
23.09.2021;04:46:00;0;0;
23.09.2021;04:47:00;0;0;
23.09.2021;04:48:00;0;0;
23.09.2021;04:49:00;0;0;
23.09.2021;04:50:00;0;0;
23.09.2021;04:51:00;0;0;
23.09.2021;04:52:00;0;0;
23.09.2021;04:53:00;0;0;
23.09.2021;04:54:00;0;0;
23.09.2021;04:55:00;0;0;
23.09.2021;04:56:00;0;0;
23.09.2021;04:57:00;0;0;
23.09.2021;04:58:00;0;0;
23.09.2021;04:59:00;0;0;
23.09.2021;05:00:00;0;0;
23.09.2021;05:01:00;0;0;
23.09.2021;05:02:00;0;0;
23.09.2021;05:03:00;0;0;
23.09.2021;05:04:00;0;0;
23.09.2021;05:05:00;0;0;
23.09.2021;05:06:00;0;0;
23.09.2021;05:07:00;0;0;
23.09.2021;05:08:00;0;0;
23.09.2021;05:09:00;0;0;
23.09.2021;05:10:00;0;0;
23.09.2021;05:11:00;0;0;
23.09.2021;05:12:00;0;0;
23.09.2021;05:13:00;0;0;
23.09.2021;05:14:00;0;0;
23.09.2021;05:15:00;0;0;
23.09.2021;05:16:00;0;0;
23.09.2021;05:17:00;0;0;
23.09.2021;05:18:00;0;0;
23.09.2021;05:19:00;0;0;
23.09.2021;05:20:00;0;0;
23.09.2021;05:21:00;0;0;
23.09.2021;05:22:00;0;0;
23.09.2021;05:23:00;0;0;
23.09.2021;05:24:00;0;0;
23.09.2021;05:25:00;0;0;
23.09.2021;05:26:00;0;0;
23.09.2021;05:27:00;0;0;
23.09.2021;05:28:00;0;0;
23.09.2021;05:29:00;0;0;
23.09.2021;05:30:00;0;0;
23.09.2021;05:31:00;0;0;
23.09.2021;05:32:00;0;0;
23.09.2021;05:33:00;0;0;
23.09.2021;05:34:00;0;0;
23.09.2021;05:35:00;0;0;
23.09.2021;05:36:00;0;0;
23.09.2021;05:37:00;0;0;
23.09.2021;05:38:00;0;0;
23.09.2021;05:39:00;0;0;
23.09.2021;05:40:00;0;0;
23.09.2021;05:41:00;0;0;
23.09.2021;05:42:00;0;0;
23.09.2021;05:43:00;0;0;
23.09.2021;05:44:00;0;0;
23.09.2021;05:45:00;0;0;
23.09.2021;05:46:00;0;0;
23.09.2021;05:47:00;0;0;
23.09.2021;05:48:00;0;0;
23.09.2021;05:49:00;0;0;
23.09.2021;05:50:00;0;0;
23.09.2021;05:51:00;0;0;
23.09.2021;05:52:00;0;0;
23.09.2021;05:53:00;0;0;
23.09.2021;05:54:00;0;0;
23.09.2021;05:55:00;0;0;
23.09.2021;05:56:00;0;0;
23.09.2021;05:57:00;0;0;
23.09.2021;05:58:00;0;0;
23.09.2021;05:59:00;0;0;
23.09.2021;06:00:00;0;0;
23.09.2021;06:01:00;0;0;
23.09.2021;06:02:00;0;0;
23.09.2021;06:03:00;0;0;
23.09.2021;06:04:00;0;0;
23.09.2021;06:05:00;0;0;
23.09.2021;06:06:00;0;0;
23.09.2021;06:07:00;0;0;
23.09.2021;06:08:00;0;0;
23.09.2021;06:09:00;0;0;
23.09.2021;06:10:00;0;0;
23.09.2021;06:11:00;0;0;
23.09.2021;06:12:00;0;0;
23.09.2021;06:13:00;0;0;
23.09.2021;06:14:00;0;0;
23.09.2021;06:15:00;0;0;
23.09.2021;06:16:00;0;0;
23.09.2021;06:17:00;0;0;
23.09.2021;06:18:00;0;0;
23.09.2021;06:19:00;0;0;
23.09.2021;06:20:00;0;0;
23.09.2021;06:21:00;0;0;
23.09.2021;06:22:00;0;0;
23.09.2021;06:23:00;0;0;
23.09.2021;06:24:00;0;0;
23.09.2021;06:25:00;0;0;
23.09.2021;06:26:00;0;0;
23.09.2021;06:27:00;0;0;
23.09.2021;06:28:00;0;0;
23.09.2021;06:29:00;0;0;
23.09.2021;06:30:00;0;0;
23.09.2021;06:31:00;0;0;
23.09.2021;06:32:00;0;0;
23.09.2021;06:33:00;0;0;
23.09.2021;06:34:00;0;0;
23.09.2021;06:35:00;0;0;
23.09.2021;06:36:00;0;0;
23.09.2021;06:37:00;0;0;
23.09.2021;06:38:00;0;0;
23.09.2021;06:39:00;0;0;
23.09.2021;06:40:00;0;0;
23.09.2021;06:41:00;0;0;
23.09.2021;06:42:00;0;0;
23.09.2021;06:43:00;0;0;
23.09.2021;06:44:00;0;0;
23.09.2021;06:45:00;0;0;
23.09.2021;06:46:00;0;0;
23.09.2021;06:47:00;0;0;
23.09.2021;06:48:00;0;0;
23.09.2021;06:49:00;0;0;
23.09.2021;06:50:00;0;0;
23.09.2021;06:51:00;0;0;
23.09.2021;06:52:00;0;0;
23.09.2021;06:53:00;0;0;
23.09.2021;06:54:00;0;0;
23.09.2021;06:55:00;0;0;
23.09.2021;06:56:00;0;0;
23.09.2021;06:57:00;0;0;
23.09.2021;06:58:00;0;0;
23.09.2021;06:59:00;0;0;
23.09.2021;07:00:00;0;0;
23.09.2021;07:01:00;0;0;
23.09.2021;07:02:00;0;0;
23.09.2021;07:03:00;0;0;
23.09.2021;07:04:00;0;0;
23.09.2021;07:05:00;0;0;
23.09.2021;07:06:00;0;0;
23.09.2021;07:07:00;0;0.002;
23.09.2021;07:08:00;0;0.0035;
23.09.2021;07:09:00;0;0.005;
23.09.2021;07:10:00;0.855675984;0.007;
23.09.2021;07:11:00;0.950751093;0.0085;
23.09.2021;07:12:00;0.950751093;0.0095;
23.09.2021;07:13:00;0.950751093;0.0095;
23.09.2021;07:14:00;0.950751093;0.0105;
23.09.2021;07:15:00;0.950751093;0.012;
23.09.2021;07:16:00;0.950751093;0.0145;
23.09.2021;07:17:00;1.045826203;0.0175;
23.09.2021;07:18:00;1.045826203;0.0205;
23.09.2021;07:19:00;1.140901312;0.024;
23.09.2021;07:20:00;1.235976421;0.0275;
23.09.2021;07:21:00;1.331051531;0.031;
23.09.2021;07:22:00;1.331051531;0.035;
23.09.2021;07:23:00;1.42612664;0.039;
23.09.2021;07:24:00;1.616276859;0.0435;
23.09.2021;07:25:00;1.711351968;0.0485;
23.09.2021;07:26:00;1.806427077;0.0545;
23.09.2021;07:27:00;1.996577296;0.06;
23.09.2021;07:28:00;2.091652405;0.066;
23.09.2021;07:29:00;2.186727515;0.0725;
23.09.2021;07:30:00;2.376877733;0.08;
23.09.2021;07:31:00;2.567027952;0.0875;
23.09.2021;07:32:00;2.757178171;0.0955;
23.09.2021;07:33:00;2.947328389;0.1035;
23.09.2021;07:34:00;3.137478608;0.1135;
23.09.2021;07:35:00;3.327628827;0.1245;
23.09.2021;07:36:00;3.517779045;0.134;
23.09.2021;07:37:00;3.707929264;0.142;
23.09.2021;07:38:00;3.898079483;0.1485;
23.09.2021;07:39:00;3.993154592;0.1565;
23.09.2021;07:40:00;4.183304811;0.1645;
23.09.2021;07:41:00;4.27837992;0.17;
23.09.2021;07:42:00;4.373455029;0.175;
23.09.2021;07:43:00;4.468530139;0.1815;
23.09.2021;07:44:00;4.658680357;0.188;
23.09.2021;07:45:00;4.753755467;0.193;
23.09.2021;07:46:00;4.753755467;0.1935;
23.09.2021;07:47:00;4.658680357;0.196;
23.09.2021;07:48:00;4.753755467;0.2005;
23.09.2021;07:49:00;4.753755467;0.2045;
23.09.2021;07:50:00;4.848830576;0.2075;
23.09.2021;07:51:00;4.848830576;0.21;
23.09.2021;07:52:00;4.848830576;0.2125;
23.09.2021;07:53:00;4.848830576;0.216;
23.09.2021;07:54:00;4.943905685;0.2205;
23.09.2021;07:55:00;4.943905685;0.2265;
23.09.2021;07:56:00;4.943905685;0.2335;
23.09.2021;07:57:00;4.943905685;0.24;
23.09.2021;07:58:00;5.038980795;0.2415;
23.09.2021;07:59:00;5.134055904;0.2485;
23.09.2021;08:00:00;5.609431451;0.2625;
23.09.2021;08:01:00;5.989731888;0.277;
23.09.2021;08:02:00;5.989731888;0.29;
23.09.2021;08:03:00;5.894656779;0.303;
23.09.2021;08:04:00;5.989731888;0.313;
23.09.2021;08:05:00;6.179882107;0.3145;
23.09.2021;08:06:00;6.274957216;0.312;
23.09.2021;08:07:00;6.179882107;0.303;
23.09.2021;08:08:00;6.274957216;0.3025;
23.09.2021;08:09:00;6.655257654;0.3055;
23.09.2021;08:10:00;6.940482982;0.303;
23.09.2021;08:11:00;7.035558091;0.3055;
23.09.2021;08:12:00;7.035558091;0.309;
23.09.2021;08:13:00;7.1306332;0.313;
23.09.2021;08:14:00;7.415858528;0.3165;
23.09.2021;08:15:00;8.271534512;0.321;
23.09.2021;08:16:00;9.412435824;0.3265;
23.09.2021;08:17:00;10.36318692;0.331;
23.09.2021;08:18:00;10.83856246;0.3355;
23.09.2021;08:19:00;11.02871268;0.34;
23.09.2021;08:20:00;11.02871268;0.3435;
23.09.2021;08:21:00;11.12378779;0.3465;
23.09.2021;08:22:00;11.12378779;0.3495;
23.09.2021;08:23:00;11.12378779;0.3525;
23.09.2021;08:24:00;11.2188629;0.356;
23.09.2021;08:25:00;11.2188629;0.3595;
23.09.2021;08:26:00;11.2188629;0.363;
23.09.2021;08:27:00;11.2188629;0.3665;
23.09.2021;08:28:00;11.2188629;0.37;
23.09.2021;08:29:00;11.31393801;0.3735;
23.09.2021;08:30:00;11.31393801;0.377;
23.09.2021;08:31:00;11.31393801;0.381;
23.09.2021;08:32:00;11.50408823;0.3855;
23.09.2021;08:33:00;11.50408823;0.39;
23.09.2021;08:34:00;11.69423845;0.395;
23.09.2021;08:35:00;11.78931356;0.3995;
23.09.2021;08:36:00;11.88438867;0.405;
23.09.2021;08:37:00;11.97946378;0.4105;
23.09.2021;08:38:00;12.07453889;0.4155;
23.09.2021;08:39:00;12.2646891;0.421;
23.09.2021;08:40:00;12.45483932;0.4265;
23.09.2021;08:41:00;12.64498954;0.432;
23.09.2021;08:42:00;12.83513976;0.438;
23.09.2021;08:43:00;13.02528998;0.4435;
23.09.2021;08:44:00;13.2154402;0.4485;
23.09.2021;08:45:00;13.40559042;0.454;
23.09.2021;08:46:00;13.59574064;0.46;
23.09.2021;08:47:00;13.88096596;0.466;
23.09.2021;08:48:00;14.45141662;0.472;
23.09.2021;08:49:00;15.21201749;0.479;
23.09.2021;08:50:00;15.97261837;0.4865;
23.09.2021;08:51:00;16.63814413;0.4915;
23.09.2021;08:52:00;17.3036699;0.5;
23.09.2021;08:53:00;17.96919566;0.507;
23.09.2021;08:54:00;18.44457121;0.514;
23.09.2021;08:55:00;18.63472143;0.5205;
23.09.2021;08:56:00;18.53964632;0.5285;
23.09.2021;08:57:00;18.91994676;0.5375;
23.09.2021;08:58:00;19.11009698;0.5445;
23.09.2021;08:59:00;19.49039741;0.552;
23.09.2021;09:00:00;20.15592318;0.56;
23.09.2021;09:01:00;21.01159916;0.568;
23.09.2021;09:02:00;21.67712493;0.5755;
23.09.2021;09:03:00;21.96235026;0.5815;
23.09.2021;09:04:00;23.19832668;0.589;
23.09.2021;09:05:00;24.33922799;0.596;
23.09.2021;09:06:00;25.00475376;0.6015;
23.09.2021;09:07:00;25.67027952;0.6065;
23.09.2021;09:08:00;26.4308804;0.6115;
23.09.2021;09:09:00;26.90625594;0.617;
23.09.2021;09:10:00;27.4767066;0.621;
23.09.2021;09:11:00;27.38163149;0.6225;
23.09.2021;09:12:00;27.00133105;0.6235;
23.09.2021;09:13:00;26.90625594;0.6265;
23.09.2021;09:14:00;28.5225328;0.633;
23.09.2021;09:15:00;29.47328389;0.637;
23.09.2021;09:16:00;30.04373455;0.6365;
23.09.2021;09:17:00;30.80433542;0.635;
23.09.2021;09:18:00;30.89941053;0.632;
23.09.2021;09:19:00;30.89941053;0.629;
23.09.2021;09:20:00;30.04373455;0.6265;
23.09.2021;09:21:00;30.32895988;0.6295;
23.09.2021;09:22:00;32.42061228;0.639;
23.09.2021;09:23:00;33.94181403;0.6465;
23.09.2021;09:24:00;34.98764024;0.653;
23.09.2021;09:25:00;36.88914242;0.661;
23.09.2021;09:26:00;38.22019395;0.666;
23.09.2021;09:27:00;38.6955695;0.6685;
23.09.2021;09:28:00;39.55124548;0.672;
23.09.2021;09:29:00;40.50199658;0.6765;
23.09.2021;09:30:00;41.64289789;0.681;
23.09.2021;09:31:00;43.25917475;0.6855;
23.09.2021;09:32:00;44.59022628;0.6905;
23.09.2021;09:33:00;45.8262027;0.6975;
23.09.2021;09:34:00;47.53755467;0.706;
23.09.2021;09:35:00;49.05875642;0.715;
23.09.2021;09:36:00;50.29473284;0.723;
23.09.2021;09:37:00;49.05875642;0.727;
23.09.2021;09:38:00;48.20308043;0.7355;
23.09.2021;09:39:00;49.15383153;0.745;
23.09.2021;09:40:00;51.43563415;0.757;
23.09.2021;09:41:00;54.9534132;0.769;
23.09.2021;09:42:00;57.71059137;0.781;
23.09.2021;09:43:00;59.23179312;0.7915;
23.09.2021;09:44:00;60.37269443;0.8025;
23.09.2021;09:45:00;56.47461495;0.8095;
23.09.2021;09:46:00;60.0874691;0.8225;
23.09.2021;09:47:00;59.80224377;0.83;
23.09.2021;09:48:00;61.32344552;0.8355;
23.09.2021;09:49:00;59.80224377;0.8425;
23.09.2021;09:50:00;63.98554858;0.8575;
23.09.2021;09:51:00;66.83780186;0.8695;
23.09.2021;09:52:00;63.89047347;0.871;
23.09.2021;09:53:00;60.94314508;0.872;
23.09.2021;09:54:00;60.56284465;0.877;
23.09.2021;09:55:00;62.65449705;0.886;
23.09.2021;09:56:00;66.1722761;0.8955;
23.09.2021;09:57:00;68.16885339;0.904;
23.09.2021;09:58:00;70.45065602;0.911;
23.09.2021;09:59:00;71.02110667;0.914;
23.09.2021;10:00:00;69.88020536;0.917;
23.09.2021;10:01:00;71.97185777;0.9205;
23.09.2021;10:02:00;71.11618178;0.919;
23.09.2021;10:03:00;69.78513025;0.9235;
23.09.2021;10:04:00;71.11618178;0.933;
23.09.2021;10:05:00;68.16885339;0.9395;
23.09.2021;10:06:00;66.36242632;0.9415;
23.09.2021;10:07:00;68.16885339;0.9415;
23.09.2021;10:08:00;68.2639285;0.9375;
23.09.2021;10:09:00;69.69005514;0.934;
23.09.2021;10:10:00;73.01768397;0.937;
23.09.2021;10:11:00;73.11275908;0.938;
23.09.2021;10:12:00;76.44038791;0.946;
23.09.2021;10:13:00;79.57786651;0.951;
23.09.2021;10:14:00;82.33504469;0.9585;
23.09.2021;10:15:00;89.27552767;0.966;
23.09.2021;10:16:00;92.50808138;0.971;
23.09.2021;10:17:00;91.6524054;0.9705;
23.09.2021;10:18:00;90.79672942;0.971;
23.09.2021;10:19:00;90.98687963;0.9725;
23.09.2021;10:20:00;91.17702985;0.976;
23.09.2021;10:21:00;92.60315649;0.9815;
23.09.2021;10:22:00;94.31450846;0.99;
23.09.2021;10:23:00;97.7372124;1;
23.09.2021;10:24:00;99.73378969;1.009;
23.09.2021;10:25:00;102.6811181;1.019;
23.09.2021;10:26:00;105.0579958;1.029;
23.09.2021;10:27:00;105.8185967;1.038;
23.09.2021;10:28:00;106.959498;1.048;
23.09.2021;10:29:00;107.1496482;1.059;
23.09.2021;10:30:00;108.2905495;1.0705;
23.09.2021;10:31:00;111.0477277;1.0825;
23.09.2021;10:32:00;110.9526526;1.092;
23.09.2021;10:33:00;110.2871268;1.102;
23.09.2021;10:34:00;110.5723522;1.113;
23.09.2021;10:35:00;111.8083286;1.1235;
23.09.2021;10:36:00;112.8541548;1.136;
23.09.2021;10:37:00;112.3787792;1.148;
23.09.2021;10:38:00;114.5655068;1.1585;
23.09.2021;10:39:00;115.8965583;1.1655;
23.09.2021;10:40:00;116.0867085;1.17;
23.09.2021;10:41:00;118.5586613;1.175;
23.09.2021;10:42:00;119.8897129;1.1745;
23.09.2021;10:43:00;116.9423845;1.1675;
23.09.2021;10:44:00;108.3856246;1.157;
23.09.2021;10:45:00;113.5196805;1.15;
23.09.2021;10:46:00;110.0019015;1.143;
23.09.2021;10:47:00;112.3787792;1.1335;
23.09.2021;10:48:00;100.9697661;1.118;
23.09.2021;10:49:00;104.8678456;1.1275;
23.09.2021;10:50:00;118.5586613;1.139;
23.09.2021;10:51:00;124.9286937;1.138;
23.09.2021;10:52:00;127.7809469;1.1275;
23.09.2021;10:53:00;122.2665906;1.1065;
23.09.2021;10:54:00;109.7166762;1.0855;
23.09.2021;10:55:00;120.5552386;1.085;
23.09.2021;10:56:00;131.8691766;1.078;
23.09.2021;10:57:00;131.1085758;1.056;
23.09.2021;10:58:00;118.1783609;1.0145;
23.09.2021;10:59:00;86.5183495;0.961;
23.09.2021;11:00:00;63.03479749;0.9315;
23.09.2021;11:01:00;62.55942194;0.936;
23.09.2021;11:02:00;77.86651455;0.97;
23.09.2021;11:03:00;110.5723522;1.0155;
23.09.2021;11:04:00;133.5805286;1.039;
23.09.2021;11:05:00;135.1017304;1.037;
23.09.2021;11:06:00;137.8589085;1.0335;
23.09.2021;11:07:00;139.9505609;1.0305;
23.09.2021;11:08:00;142.2323636;1.027;
23.09.2021;11:09:00;145.5599924;1.0205;
23.09.2021;11:10:00;147.4614946;1.0115;
23.09.2021;11:11:00;148.1270203;1.003;
23.09.2021;11:12:00;144.7043164;0.9885;
23.09.2021;11:13:00;128.9218483;0.962;
23.09.2021;11:14:00;112.8541548;0.9395;
23.09.2021;11:15:00;114.6605819;0.934;
23.09.2021;11:16:00;118.8438867;0.934;
23.09.2021;11:17:00;118.9389618;0.932;
23.09.2021;11:18:00;111.332953;0.92;
23.09.2021;11:19:00;103.0614185;0.916;
23.09.2021;11:20:00;110.0969766;0.9285;
23.09.2021;11:21:00;124.358243;0.94;
23.09.2021;11:22:00;132.5347024;0.9445;
23.09.2021;11:23:00;143.9437155;0.9515;
23.09.2021;11:24:00;148.1270203;0.951;
23.09.2021;11:25:00;149.9334474;0.9495;
23.09.2021;11:26:00;151.3595741;0.95;
23.09.2021;11:27:00;152.3103252;0.948;
23.09.2021;11:28:00;154.0216771;0.948;
23.09.2021;11:29:00;154.782278;0.951;
23.09.2021;11:30:00;155.1625784;0.9545;
23.09.2021;11:31:00;155.4478038;0.9595;
23.09.2021;11:32:00;157.349306;0.9675;
23.09.2021;11:33:00;156.6837802;0.973;
23.09.2021;11:34:00;157.349306;0.974;
23.09.2021;11:35:00;159.0606579;0.9775;
23.09.2021;11:36:00;159.3458832;0.9835;
23.09.2021;11:37:00;159.8212588;0.991;
23.09.2021;11:38:00;159.8212588;1;
23.09.2021;11:39:00;160.4867846;1.0095;
23.09.2021;11:40:00;159.3458832;1.0235;
23.09.2021;11:41:00;158.5852824;1.0355;
23.09.2021;11:42:00;156.3985549;1.044;
23.09.2021;11:43:00;154.8773531;1.0545;
23.09.2021;11:44:00;154.4970527;1.0645;
23.09.2021;11:45:00;154.5921278;1.0735;
23.09.2021;11:46:00;155.9231793;1.083;
23.09.2021;11:47:00;156.5887051;1.0895;
23.09.2021;11:48:00;155.7330291;1.0895;
23.09.2021;11:49:00;152.7857007;1.098;
23.09.2021;11:50:00;157.0640806;1.1085;
23.09.2021;11:51:00;156.7788553;1.1135;
23.09.2021;11:52:00;156.6837802;1.1165;
23.09.2021;11:53:00;157.0640806;1.1185;
23.09.2021;11:54:00;155.1625784;1.1215;
23.09.2021;11:55:00;158.300057;1.127;
23.09.2021;11:56:00;159.2508081;1.129;
23.09.2021;11:57:00;157.2542308;1.127;
23.09.2021;11:58:00;154.4970527;1.127;
23.09.2021;11:59:00;154.782278;1.1295;
23.09.2021;12:00:00;156.49363;1.133;
23.09.2021;12:01:00;157.5394562;1.1375;
23.09.2021;12:02:00;159.2508081;1.1405;
23.09.2021;12:03:00;159.155733;1.1385;
23.09.2021;12:04:00;150.9792736;1.141;
23.09.2021;12:05:00;154.4019776;1.155;
23.09.2021;12:06:00;163.7193383;1.1505;
23.09.2021;12:07:00;165.1454649;1.1395;
23.09.2021;12:08:00;163.6242632;1.135;
23.09.2021;12:09:00;161.0572352;1.134;
23.09.2021;12:10:00;162.3882867;1.1325;
23.09.2021;12:11:00;162.578437;1.13;
23.09.2021;12:12:00;160.011409;1.128;
23.09.2021;12:13:00;158.6803575;1.1315;
23.09.2021;12:14:00;155.637954;1.1345;
23.09.2021;12:15:00;157.6345313;1.1385;
23.09.2021;12:16:00;161.3424605;1.1435;
23.09.2021;12:17:00;164.5750143;1.1465;
23.09.2021;12:18:00;168.7583191;1.1475;
23.09.2021;12:19:00;169.8992204;1.1475;
23.09.2021;12:20:00;169.2336946;1.146;
23.09.2021;12:21:00;170.9450466;1.1475;
23.09.2021;12:22:00;171.2302719;1.154;
23.09.2021;12:23:00;169.7090702;1.1605;
23.09.2021;12:24:00;171.325347;1.165;
23.09.2021;12:25:00;170.7548964;1.168;
23.09.2021;12:26:00;170.9450466;1.1715;
23.09.2021;12:27:00;171.325347;1.1785;
23.09.2021;12:28:00;170.6598213;1.1825;
23.09.2021;12:29:00;169.1386195;1.1835;
23.09.2021;12:30:00;169.6139951;1.1855;
23.09.2021;12:31:00;169.3287697;1.194;
23.09.2021;12:32:00;168.3780186;1.199;
23.09.2021;12:33:00;166.2863662;1.201;
23.09.2021;12:34:00;164.7651645;1.2065;
23.09.2021;12:35:00;168.2829435;1.2105;
23.09.2021;12:36:00;171.6105724;1.221;
23.09.2021;12:37:00;173.7022248;1.2315;
23.09.2021;12:38:00;177.1249287;1.2245;
23.09.2021;12:39:00;174.9382012;1.217;
23.09.2021;12:40:00;172.7514737;1.214;
23.09.2021;12:41:00;175.3185016;1.215;
23.09.2021;12:42:00;177.410154;1.218;
23.09.2021;12:43:00;175.7938772;1.217;
23.09.2021;12:44:00;175.2234265;1.2195;
23.09.2021;12:45:00;175.6037269;1.218;
23.09.2021;12:46:00;172.8465488;1.213;
23.09.2021;12:47:00;172.4662483;1.218;
23.09.2021;12:48:00;176.4594029;1.226;
23.09.2021;12:49:00;176.2692527;1.2275;
23.09.2021;12:50:00;180.5476326;1.2305;
23.09.2021;12:51:00;183.0195855;1.2385;
23.09.2021;12:52:00;182.639285;1.251;
23.09.2021;12:53:00;180.7377828;1.2635;
23.09.2021;12:54:00;182.8294353;1.2735;
23.09.2021;12:55:00;183.6851112;1.283;
23.09.2021;12:56:00;180.832858;1.2935;
23.09.2021;12:57:00;181.9737593;1.309;
23.09.2021;12:58:00;190.8157444;1.3305;
23.09.2021;12:59:00;194.2384484;1.349;
23.09.2021;13:00:00;193.1926222;1.3615;
23.09.2021;13:01:00;190.5305191;1.373;
23.09.2021;13:02:00;187.5831907;1.386;
23.09.2021;13:03:00;186.6324396;1.4035;
23.09.2021;13:04:00;186.917665;1.4165;
23.09.2021;13:05:00;187.2979654;1.4255;
23.09.2021;13:06:00;191.5763453;1.4325;
23.09.2021;13:07:00;186.061989;1.433;
23.09.2021;13:08:00;185.7767636;1.4385;
23.09.2021;13:09:00;194.0482982;1.447;
23.09.2021;13:10:00;179.7870318;1.437;
23.09.2021;13:11:00;177.5052291;1.438;
23.09.2021;13:12:00;189.8649933;1.451;
23.09.2021;13:13:00;189.8649933;1.454;
23.09.2021;13:14:00;192.8123217;1.459;
23.09.2021;13:15:00;195.7596501;1.4645;
23.09.2021;13:16:00;196.3301008;1.469;
23.09.2021;13:17:00;198.6119034;1.4755;
23.09.2021;13:18:00;198.6119034;1.4835;
23.09.2021;13:19:00;194.5236737;1.491;
23.09.2021;13:20:00;184.6358623;1.5025;
23.09.2021;13:21:00;195.3793497;1.5215;
23.09.2021;13:22:00;202.605058;1.5395;
23.09.2021;13:23:00;203.9361095;1.5545;
23.09.2021;13:24:00;204.7917855;1.5715;
23.09.2021;13:25:00;202.4149078;1.5915;
23.09.2021;13:26:00;203.1755087;1.6155;
23.09.2021;13:27:00;201.3690816;1.6385;
23.09.2021;13:28:00;197.4710021;1.6565;
23.09.2021;13:29:00;200.7035558;1.676;
23.09.2021;13:30:00;197.375927;1.689;
23.09.2021;13:31:00;194.7138239;1.7005;
23.09.2021;13:32:00;202.3198327;1.7145;
23.09.2021;13:33:00;204.9819357;1.722;
23.09.2021;13:34:00;205.6474615;1.728;
23.09.2021;13:35:00;206.3129873;1.736;
23.09.2021;13:36:00;207.6440388;1.741;
23.09.2021;13:37:00;206.978513;1.745;
23.09.2021;13:38:00;205.1720859;1.749;
23.09.2021;13:39:00;207.834189;1.7555;
23.09.2021;13:40:00;210.401217;1.76;
23.09.2021;13:41:00;211.3519681;1.7575;
23.09.2021;13:42:00;211.2568929;1.7495;
23.09.2021;13:43:00;202.2247576;1.736;
23.09.2021;13:44:00;170.5647461;1.711;
23.09.2021;13:45:00;131.298726;1.691;
23.09.2021;13:46:00;136.2426317;1.689;
23.09.2021;13:47:00;130.9184256;1.6815;
23.09.2021;13:48:00;118.7488116;1.673;
23.09.2021;13:49:00;120.0798631;1.6695;
23.09.2021;13:50:00;117.5128351;1.6665;
23.09.2021;13:51:00;107.815174;1.662;
23.09.2021;13:52:00;98.21258794;1.6635;
23.09.2021;13:53:00;108.7659251;1.6715;
23.09.2021;13:54:00;113.1393801;1.6815;
23.09.2021;13:55:00;125.0237688;1.6935;
23.09.2021;13:56:00;126.6400456;1.703;
23.09.2021;13:57:00;120.3650884;1.71;
23.09.2021;13:58:00;124.9286937;1.716;
23.09.2021;13:59:00;127.3055714;1.719;
23.09.2021;14:00:00;132.5347024;1.719;
23.09.2021;14:01:00;124.358243;1.712;
23.09.2021;14:02:00;112.8541548;1.7025;
23.09.2021;14:03:00;118.7488116;1.7045;
23.09.2021;14:04:00;127.8760221;1.705;
23.09.2021;14:05:00;131.3938011;1.7005;
23.09.2021;14:06:00;133.2953033;1.6945;
23.09.2021;14:07:00;133.2002282;1.6885;
23.09.2021;14:08:00;132.0593269;1.6855;
23.09.2021;14:09:00;143.5634151;1.6915;
23.09.2021;14:10:00;152.1201749;1.695;
23.09.2021;14:11:00;149.9334474;1.693;
23.09.2021;14:12:00;155.637954;1.691;
23.09.2021;14:13:00;145.0846168;1.6805;
23.09.2021;14:14:00;136.3377068;1.6725;
23.09.2021;14:15:00;136.6229321;1.6665;
23.09.2021;14:16:00;128.3513976;1.654;
23.09.2021;14:17:00;118.7488116;1.643;
23.09.2021;14:18:00;119.984788;1.6375;
23.09.2021;14:19:00;120.2700133;1.6265;
23.09.2021;14:20:00;113.899981;1.6095;
23.09.2021;14:21:00;102.0155923;1.589;
23.09.2021;14:22:00;85.18729797;1.575;
23.09.2021;14:23:00;87.08880015;1.575;
23.09.2021;14:24:00;117.6079102;1.5885;
23.09.2021;14:25:00;150.2186728;1.6;
23.09.2021;14:26:00;160.9621601;1.591;
23.09.2021;14:27:00;174.1776003;1.582;
23.09.2021;14:28:00;187.1078152;1.5725;
23.09.2021;14:29:00;187.3930405;1.559;
23.09.2021;14:30:00;187.5831907;1.55;
23.09.2021;14:31:00;190.7206693;1.5435;
23.09.2021;14:32:00;189.1043925;1.5345;
23.09.2021;14:33:00;182.9245104;1.519;
23.09.2021;14:34:00;176.2692527;1.502;
23.09.2021;14:35:00;167.9026431;1.484;
23.09.2021;14:36:00;142.4225138;1.453;
23.09.2021;14:37:00;129.2070736;1.4315;
23.09.2021;14:38:00;129.6824491;1.429;
23.09.2021;14:39:00;128.0661723;1.4195;
23.09.2021;14:40:00;119.7946378;1.3975;
23.09.2021;14:41:00;105.7235216;1.379;
23.09.2021;14:42:00;94.98003423;1.371;
23.09.2021;14:43:00;98.87811371;1.376;
23.09.2021;14:44:00;106.6742727;1.384;
23.09.2021;14:45:00;126.8301959;1.3995;
23.09.2021;14:46:00;149.3629968;1.417;
23.09.2021;14:47:00;164.8602396;1.4245;
23.09.2021;14:48:00;169.8041453;1.418;
23.09.2021;14:49:00;169.8041453;1.409;
23.09.2021;14:50:00;171.5154972;1.398;
23.09.2021;14:51:00;168.4730937;1.3835;
23.09.2021;14:52:00;163.8144134;1.366;
23.09.2021;14:53:00;149.3629968;1.342;
23.09.2021;14:54:00;139.4751854;1.3195;
23.09.2021;14:55:00;135.9574064;1.306;
23.09.2021;14:56:00;138.6195094;1.2955;
23.09.2021;14:57:00;132.7248526;1.285;
23.09.2021;14:58:00;127.4006465;1.273;
23.09.2021;14:59:00;123.6927172;1.261;
23.09.2021;15:00:00;121.7912151;1.254;
23.09.2021;15:01:00;122.3616657;1.2495;
23.09.2021;15:02:00;120.0798631;1.2435;
23.09.2021;15:03:00;116.6571592;1.2335;
23.09.2021;15:04:00;116.7522343;1.229;
23.09.2021;15:05:00;117.5128351;1.232;
23.09.2021;15:06:00;112.2837041;1.2295;
23.09.2021;15:07:00;99.8288648;1.2255;
23.09.2021;15:08:00;91.74748051;1.2285;
23.09.2021;15:09:00;97.7372124;1.244;
23.09.2021;15:10:00;104.6776954;1.267;
23.09.2021;15:11:00;120.4601635;1.2955;
23.09.2021;15:12:00;127.5907967;1.318;
23.09.2021;15:13:00;127.3055714;1.3335;
23.09.2021;15:14:00;130.7282753;1.347;
23.09.2021;15:15:00;136.7180072;1.363;
23.09.2021;15:16:00;140.5210116;1.3765;
23.09.2021;15:17:00;133.9608291;1.3805;
23.09.2021;15:18:00;113.1393801;1.3765;
23.09.2021;15:19:00;100.1140901;1.379;
23.09.2021;15:20:00;92.03270584;1.386;
23.09.2021;15:21:00;93.45883248;1.3985;
23.09.2021;15:22:00;90.13120365;1.407;
23.09.2021;15:23:00;103.441719;1.4335;
23.09.2021;15:24:00;133.4854535;1.48;
23.09.2021;15:25:00;143.8486404;1.508;
23.09.2021;15:26:00;136.4327819;1.5115;
23.09.2021;15:27:00;143.0880396;1.521;
23.09.2021;15:28:00;149.9334474;1.531;
23.09.2021;15:29:00;147.7467199;1.5365;
23.09.2021;15:30:00;147.0811941;1.5425;
23.09.2021;15:31:00;149.2679217;1.5455;
23.09.2021;15:32:00;148.8876212;1.5415;
23.09.2021;15:33:00;150.6940483;1.541;
23.09.2021;15:34:00;147.841795;1.538;
23.09.2021;15:35:00;156.8739304;1.548;
23.09.2021;15:36:00;165.8109907;1.5585;
23.09.2021;15:37:00;158.1099068;1.55;
23.09.2021;15:38:00;148.0319452;1.5365;
23.09.2021;15:39:00;145.2747671;1.529;
23.09.2021;15:40:00;145.7501426;1.529;
23.09.2021;15:41:00;142.612664;1.526;
23.09.2021;15:42:00;146.7008937;1.524;
23.09.2021;15:43:00;144.7993915;1.5215;
23.09.2021;15:44:00;150.6940483;1.5215;
23.09.2021;15:45:00;147.5565697;1.5175;
23.09.2021;15:46:00;147.6516448;1.513;
23.09.2021;15:47:00;144.2289409;1.506;
23.09.2021;15:48:00;148.8876212;1.5055;
23.09.2021;15:49:00;154.2118273;1.5005;
23.09.2021;15:50:00;154.6872029;1.493;
23.09.2021;15:51:00;155.1625784;1.4865;
23.09.2021;15:52:00;154.6872029;1.4815;
23.09.2021;15:53:00;154.4970527;1.481;
23.09.2021;15:54:00;157.2542308;1.484;
23.09.2021;15:55:00;157.349306;1.486;
23.09.2021;15:56:00;153.8315269;1.492;
23.09.2021;15:57:00;146.0353679;1.4935;
23.09.2021;15:58:00;138.1441339;1.499;
23.09.2021;15:59:00;135.1017304;1.51;
23.09.2021;16:00:00;129.9676745;1.5215;
23.09.2021;16:01:00;126.6400456;1.531;
23.09.2021;16:02:00;124.0730177;1.536;
23.09.2021;16:03:00;121.2207644;1.547;
23.09.2021;16:04:00;125.3089941;1.571;
23.09.2021;16:05:00;128.6366229;1.5985;
23.09.2021;16:06:00;126.1646701;1.6195;
23.09.2021;16:07:00;126.1646701;1.647;
23.09.2021;16:08:00;137.1933828;1.6875;
23.09.2021;16:09:00;133.8657539;1.706;
23.09.2021;16:10:00;122.646891;1.7155;
23.09.2021;16:11:00;129.7775242;1.74;
23.09.2021;16:12:00;128.5415478;1.7635;
23.09.2021;16:13:00;129.3972238;1.7805;
23.09.2021;16:14:00;128.8267732;1.794;
23.09.2021;16:15:00;132.4396273;1.805;
23.09.2021;16:16:00;127.9710972;1.806;
23.09.2021;16:17:00;125.7843697;1.803;
23.09.2021;16:18:00;125.3089941;1.8;
23.09.2021;16:19:00;119.7946378;1.798;
23.09.2021;16:20:00;117.6079102;1.7985;
23.09.2021;16:21:00;117.41776;1.7945;
23.09.2021;16:22:00;111.8083286;1.786;
23.09.2021;16:23:00;115.7064081;1.79;
23.09.2021;16:24:00;113.8049059;1.7825;
23.09.2021;16:25:00;108.3856246;1.7715;
23.09.2021;16:26:00;108.1003993;1.7655;
23.09.2021;16:27:00;108.4806998;1.759;
23.09.2021;16:28:00;112.2837041;1.753;
23.09.2021;16:29:00;113.5196805;1.7445;
23.09.2021;16:30:00;114.9458072;1.741;
23.09.2021;16:31:00;113.899981;1.733;
23.09.2021;16:32:00;110.2871268;1.722;
23.09.2021;16:33:00;109.8117513;1.713;
23.09.2021;16:34:00;109.7166762;1.7065;
23.09.2021;16:35:00;110.5723522;1.7;
23.09.2021;16:36:00;110.1920517;1.697;
23.09.2021;16:37:00;107.0545731;1.6925;
23.09.2021;16:38:00;103.9170945;1.6905;
23.09.2021;16:39:00;102.586043;1.6955;
23.09.2021;16:40:00;100.6845408;1.703;
23.09.2021;16:41:00;99.06826393;1.71;
23.09.2021;16:42:00;95.17018445;1.7085;
23.09.2021;16:43:00;88.80015212;1.7035;
23.09.2021;16:44:00;88.70507701;1.7105;
23.09.2021;16:45:00;95.17018445;1.727;
23.09.2021;16:46:00;96.21601065;1.7385;
23.09.2021;16:47:00;92.41300627;1.7445;
23.09.2021;16:48:00;91.84255562;1.7515;
23.09.2021;16:49:00;88.70507701;1.756;
23.09.2021;16:50:00;91.46225518;1.7675;
23.09.2021;16:51:00;89.18045256;1.7745;
23.09.2021;16:52:00;86.23312417;1.7735;
23.09.2021;16:53:00;83.66609622;1.7745;
23.09.2021;16:54:00;85.18729797;1.78;
23.09.2021;16:55:00;83.76117133;1.7825;
23.09.2021;16:56:00;81.09906826;1.7825;
23.09.2021;16:57:00;83.19072067;1.789;
23.09.2021;16:58:00;83.38087089;1.796;
23.09.2021;16:59:00;85.94789884;1.8045;
23.09.2021;17:00:00;87.65925081;1.8115;
23.09.2021;17:01:00;84.5217722;1.807;
23.09.2021;17:02:00;82.23996958;1.7955;
23.09.2021;17:03:00;79.67294162;1.7815;
23.09.2021;17:04:00;77.391139;1.7705;
23.09.2021;17:05:00;77.01083856;1.763;
23.09.2021;17:06:00;79.67294162;1.7585;
23.09.2021;17:07:00;81.95474425;1.7535;
23.09.2021;17:08:00;80.81384294;1.7435;
23.09.2021;17:09:00;75.58471192;1.7305;
23.09.2021;17:10:00;73.49305952;1.7335;
23.09.2021;17:11:00;72.16200799;1.7415;
23.09.2021;17:12:00;68.83437916;1.7305;
23.09.2021;17:13:00;66.36242632;1.7065;
23.09.2021;17:14:00;65.50675033;1.674;
23.09.2021;17:15:00;61.03822019;1.632;
23.09.2021;17:16:00;54.28788743;1.583;
23.09.2021;17:17:00;49.9144324;1.5395;
23.09.2021;17:18:00;48.48830576;1.504;
23.09.2021;17:19:00;47.82278;1.4465;
23.09.2021;17:20:00;42.68872409;1.3615;
23.09.2021;17:21:00;38.12511884;1.2765;
23.09.2021;17:22:00;35.46301578;1.197;
23.09.2021;17:23:00;32.89598783;1.122;
23.09.2021;17:24:00;30.5191101;1.05;
23.09.2021;17:25:00;28.5225328;0.986;
23.09.2021;17:26:00;26.90625594;0.937;
23.09.2021;17:27:00;25.67027952;0.9005;
23.09.2021;17:28:00;24.90967865;0.874;
23.09.2021;17:29:00;24.62445332;0.86;
23.09.2021;17:30:00;24.14907777;0.8465;
23.09.2021;17:31:00;23.67370222;0.833;
23.09.2021;17:32:00;23.95892755;0.836;
23.09.2021;17:33:00;23.95892755;0.832;
23.09.2021;17:34:00;23.57862712;0.817;
23.09.2021;17:35:00;23.95892755;0.803;
23.09.2021;17:36:00;23.95892755;0.7855;
23.09.2021;17:37:00;24.33922799;0.764;
23.09.2021;17:38:00;22.24757558;0.746;
23.09.2021;17:39:00;21.48697471;0.7385;
23.09.2021;17:40:00;21.58204982;0.7405;
23.09.2021;17:41:00;21.3918996;0.7385;
23.09.2021;17:42:00;21.20174938;0.7275;
23.09.2021;17:43:00;20.63129873;0.7125;
23.09.2021;17:44:00;20.25099829;0.702;
23.09.2021;17:45:00;20.72637384;0.7165;
23.09.2021;17:46:00;21.96235026;0.7515;
23.09.2021;17:47:00;23.10325157;0.784;
23.09.2021;17:48:00;23.29340179;0.784;
23.09.2021;17:49:00;21.86727515;0.7365;
23.09.2021;17:50:00;19.96577296;0.6775;
23.09.2021;17:51:00;19.3002472;0.658;
23.09.2021;17:52:00;18.82487165;0.6415;
23.09.2021;17:53:00;17.3036699;0.5945;
23.09.2021;17:54:00;16.06769348;0.5575;
23.09.2021;17:55:00;15.97261837;0.5575;
23.09.2021;17:56:00;16.82829435;0.5865;
23.09.2021;17:57:00;17.87412056;0.6125;
23.09.2021;17:58:00;17.96919566;0.613;
23.09.2021;17:59:00;17.11351968;0.586;
23.09.2021;18:00:00;15.97261837;0.5475;
23.09.2021;18:01:00;14.83171706;0.5085;
23.09.2021;18:02:00;13.2154402;0.453;
23.09.2021;18:03:00;11.59916334;0.401;
23.09.2021;18:04:00;10.74348736;0.3735;
23.09.2021;18:05:00;10.26811181;0.3575;
23.09.2021;18:06:00;9.697661152;0.336;
23.09.2021;18:07:00;8.841985168;0.3055;
23.09.2021;18:08:00;7.986309184;0.28;
23.09.2021;18:09:00;7.510933638;0.2665;
23.09.2021;18:10:00;7.320783419;0.2605;
23.09.2021;18:11:00;7.1306332;0.256;
23.09.2021;18:12:00;6.845407872;0.2465;
23.09.2021;18:13:00;6.655257654;0.238;
23.09.2021;18:14:00;6.655257654;0.2365;
23.09.2021;18:15:00;6.465107435;0.231;
23.09.2021;18:16:00;6.179882107;0.2215;
23.09.2021;18:17:00;5.894656779;0.211;
23.09.2021;18:18:00;5.609431451;0.2;
23.09.2021;18:19:00;5.419281232;0.193;
23.09.2021;18:20:00;5.229131014;0.188;
23.09.2021;18:21:00;5.038980795;0.1825;
23.09.2021;18:22:00;4.943905685;0.179;
23.09.2021;18:23:00;5.038980795;0.1795;
23.09.2021;18:24:00;5.134055904;0.1815;
23.09.2021;18:25:00;5.038980795;0.178;
23.09.2021;18:26:00;4.943905685;0.1745;
23.09.2021;18:27:00;5.038980795;0.179;
23.09.2021;18:28:00;5.324206123;0.189;
23.09.2021;18:29:00;5.989731888;0.21;
23.09.2021;18:30:00;7.415858528;0.2545;
23.09.2021;18:31:00;9.507510934;0.3185;
23.09.2021;18:32:00;11.50408823;0.3805;
23.09.2021;18:33:00;12.64498954;0.414;
23.09.2021;18:34:00;12.74006465;0.4145;
23.09.2021;18:35:00;12.2646891;0.4;
23.09.2021;18:36:00;11.78931356;0.389;
23.09.2021;18:37:00;11.69423845;0.3895;
23.09.2021;18:38:00;12.2646891;0.4045;
23.09.2021;18:39:00;13.12036509;0.4265;
23.09.2021;18:40:00;13.78589085;0.4455;
23.09.2021;18:41:00;13.97604107;0.4475;
23.09.2021;18:42:00;13.50066553;0.4295;
23.09.2021;18:43:00;12.93021487;0.4125;
23.09.2021;18:44:00;12.2646891;0.396;
23.09.2021;18:45:00;10.93363757;0.36;
23.09.2021;18:46:00;9.697661152;0.3245;
23.09.2021;18:47:00;9.127210496;0.3085;
23.09.2021;18:48:00;9.032135387;0.3005;
23.09.2021;18:49:00;8.55675984;0.29;
23.09.2021;18:50:00;7.986309184;0.27;
23.09.2021;18:51:00;7.1306332;0.248;
23.09.2021;18:52:00;6.750332763;0.2315;
23.09.2021;18:53:00;6.370032326;0.2175;
23.09.2021;18:54:00;6.084806998;0.205;
23.09.2021;18:55:00;5.70450656;0.1945;
23.09.2021;18:56:00;5.324206123;0.182;
23.09.2021;18:57:00;4.753755467;0.1625;
23.09.2021;18:58:00;3.993154592;0.1395;
23.09.2021;18:59:00;3.232553717;0.1175;
23.09.2021;19:00:00;2.567027952;0.0955;
23.09.2021;19:01:00;2.091652405;0.0785;
23.09.2021;19:02:00;1.806427077;0.0665;
23.09.2021;19:03:00;1.42612664;0.0565;
23.09.2021;19:04:00;1.331051531;0.0495;
23.09.2021;19:05:00;1.235976421;0.044;
23.09.2021;19:06:00;1.045826203;0.037;
23.09.2021;19:07:00;0.855675984;0.03;
23.09.2021;19:08:00;0.665525765;0.0245;
23.09.2021;19:09:00;0.570450656;0.02;
23.09.2021;19:10:00;0.475375547;0.0165;
23.09.2021;19:11:00;0.380300437;0.014;
23.09.2021;19:12:00;0.380300437;0.012;
23.09.2021;19:13:00;0.380300437;0.01;
23.09.2021;19:14:00;0.285225328;0.0085;
23.09.2021;19:15:00;0.190150219;0.0075;
23.09.2021;19:16:00;0.190150219;0.006;
23.09.2021;19:17:00;0.190150219;0.004;
23.09.2021;19:18:00;0.190150219;0.0025;
23.09.2021;19:19:00;0.190150219;0.0015;
23.09.2021;19:20:00;0;0.0005;
23.09.2021;19:21:00;0;0;
23.09.2021;19:22:00;0;0;
23.09.2021;19:23:00;0;0;
23.09.2021;19:24:00;0;0;
23.09.2021;19:25:00;0;0;
23.09.2021;19:26:00;0;0;
23.09.2021;19:27:00;0;0;
23.09.2021;19:28:00;0;0;
23.09.2021;19:29:00;0;0;
23.09.2021;19:30:00;0;0;
23.09.2021;19:31:00;0;0;
23.09.2021;19:32:00;0;0;
23.09.2021;19:33:00;0;0;
23.09.2021;19:34:00;0;0;
23.09.2021;19:35:00;0;0;
23.09.2021;19:36:00;0;0;
23.09.2021;19:37:00;0;0;
23.09.2021;19:38:00;0;0;
23.09.2021;19:39:00;0;0;
23.09.2021;19:40:00;0;0;
23.09.2021;19:41:00;0;0;
23.09.2021;19:42:00;0;0;
23.09.2021;19:43:00;0;0;
23.09.2021;19:44:00;0;0;
23.09.2021;19:45:00;0;0;
23.09.2021;19:46:00;0;0;
23.09.2021;19:47:00;0;0;
23.09.2021;19:48:00;0;0;
23.09.2021;19:49:00;0;0;
23.09.2021;19:50:00;0;0;
23.09.2021;19:51:00;0;0;
23.09.2021;19:52:00;0;0;
23.09.2021;19:53:00;0;0;
23.09.2021;19:54:00;0;0;
23.09.2021;19:55:00;0;0;
23.09.2021;19:56:00;0;0;
23.09.2021;19:57:00;0;0;
23.09.2021;19:58:00;0;0;
23.09.2021;19:59:00;0;0;
23.09.2021;20:00:00;0;0;
23.09.2021;20:01:00;0;0;
23.09.2021;20:02:00;0;0;
23.09.2021;20:03:00;0;0;
23.09.2021;20:04:00;0;0;
23.09.2021;20:05:00;0;0;
23.09.2021;20:06:00;0;0;
23.09.2021;20:07:00;0;0;
23.09.2021;20:08:00;0;0;
23.09.2021;20:09:00;0;0;
23.09.2021;20:10:00;0;0;
23.09.2021;20:11:00;0;0;
23.09.2021;20:12:00;0;0;
23.09.2021;20:13:00;0;0;
23.09.2021;20:14:00;0;0;
23.09.2021;20:15:00;0;0;
23.09.2021;20:16:00;0;0;
23.09.2021;20:17:00;0;0;
23.09.2021;20:18:00;0;0;
23.09.2021;20:19:00;0;0;
23.09.2021;20:20:00;0;0;
23.09.2021;20:21:00;0;0;
23.09.2021;20:22:00;0;0;
23.09.2021;20:23:00;0;0;
23.09.2021;20:24:00;0;0;
23.09.2021;20:25:00;0;0;
23.09.2021;20:26:00;0;0;
23.09.2021;20:27:00;0;0;
23.09.2021;20:28:00;0;0;
23.09.2021;20:29:00;0;0;
23.09.2021;20:30:00;0;0;
23.09.2021;20:31:00;0;0;
23.09.2021;20:32:00;0;0;
23.09.2021;20:33:00;0;0;
23.09.2021;20:34:00;0;0;
23.09.2021;20:35:00;0;0;
23.09.2021;20:36:00;0;0;
23.09.2021;20:37:00;0;0;
23.09.2021;20:38:00;0;0;
23.09.2021;20:39:00;0;0;
23.09.2021;20:40:00;0;0;
23.09.2021;20:41:00;0;0;
23.09.2021;20:42:00;0;0;
23.09.2021;20:43:00;0;0;
23.09.2021;20:44:00;0;0;
23.09.2021;20:45:00;0;0;
23.09.2021;20:46:00;0;0;
23.09.2021;20:47:00;0;0;
23.09.2021;20:48:00;0;0;
23.09.2021;20:49:00;0;0;
23.09.2021;20:50:00;0;0;
23.09.2021;20:51:00;0;0;
23.09.2021;20:52:00;0;0;
23.09.2021;20:53:00;0;0;
23.09.2021;20:54:00;0;0;
23.09.2021;20:55:00;0;0;
23.09.2021;20:56:00;0;0;
23.09.2021;20:57:00;0;0;
23.09.2021;20:58:00;0;0;
23.09.2021;20:59:00;0;0;
23.09.2021;21:00:00;0;0;
23.09.2021;21:01:00;0;0;
23.09.2021;21:02:00;0;0;
23.09.2021;21:03:00;0;0;
23.09.2021;21:04:00;0;0;
23.09.2021;21:05:00;0;0;
23.09.2021;21:06:00;0;0;
23.09.2021;21:07:00;0;0;
23.09.2021;21:08:00;0;0;
23.09.2021;21:09:00;0;0;
23.09.2021;21:10:00;0;0;
23.09.2021;21:11:00;0;0;
23.09.2021;21:12:00;0;0;
23.09.2021;21:13:00;0;0;
23.09.2021;21:14:00;0;0;
23.09.2021;21:15:00;0;0;
23.09.2021;21:16:00;0;0;
23.09.2021;21:17:00;0;0;
23.09.2021;21:18:00;0;0;
23.09.2021;21:19:00;0;0;
23.09.2021;21:20:00;0;0;
23.09.2021;21:21:00;0;0;
23.09.2021;21:22:00;0;0;
23.09.2021;21:23:00;0;0;
23.09.2021;21:24:00;0;0;
23.09.2021;21:25:00;0;0;
23.09.2021;21:26:00;0;0;
23.09.2021;21:27:00;0;0;
23.09.2021;21:28:00;0;0;
23.09.2021;21:29:00;0;0;
23.09.2021;21:30:00;0;0;
23.09.2021;21:31:00;0;0;
23.09.2021;21:32:00;0;0;
23.09.2021;21:33:00;0;0;
23.09.2021;21:34:00;0;0;
23.09.2021;21:35:00;0;0;
23.09.2021;21:36:00;0;0;
23.09.2021;21:37:00;0;0;
23.09.2021;21:38:00;0;0;
23.09.2021;21:39:00;0;0;
23.09.2021;21:40:00;0;0;
23.09.2021;21:41:00;0;0;
23.09.2021;21:42:00;0;0;
23.09.2021;21:43:00;0;0;
23.09.2021;21:44:00;0;0;
23.09.2021;21:45:00;0;0;
23.09.2021;21:46:00;0;0;
23.09.2021;21:47:00;0;0;
23.09.2021;21:48:00;0;0;
23.09.2021;21:49:00;0;0;
23.09.2021;21:50:00;0;0;
23.09.2021;21:51:00;0;0;
23.09.2021;21:52:00;0;0;
23.09.2021;21:53:00;0;0;
23.09.2021;21:54:00;0;0;
23.09.2021;21:55:00;0;0;
23.09.2021;21:56:00;0;0;
23.09.2021;21:57:00;0;0;
23.09.2021;21:58:00;0;0;
23.09.2021;21:59:00;0;0;
23.09.2021;22:00:00;0;0;
23.09.2021;22:01:00;0;0;
23.09.2021;22:02:00;0;0;
23.09.2021;22:03:00;0;0;
23.09.2021;22:04:00;0;0;
23.09.2021;22:05:00;0;0;
23.09.2021;22:06:00;0;0;
23.09.2021;22:07:00;0;0;
23.09.2021;22:08:00;0;0;
23.09.2021;22:09:00;0;0;
23.09.2021;22:10:00;0;0;
23.09.2021;22:11:00;0;0;
23.09.2021;22:12:00;0;0;
23.09.2021;22:13:00;0;0;
23.09.2021;22:14:00;0;0;
23.09.2021;22:15:00;0;0;
23.09.2021;22:16:00;0;0;
23.09.2021;22:17:00;0;0;
23.09.2021;22:18:00;0;0;
23.09.2021;22:19:00;0;0;
23.09.2021;22:20:00;0;0;
23.09.2021;22:21:00;0;0;
23.09.2021;22:22:00;0;0;
23.09.2021;22:23:00;0;0;
23.09.2021;22:24:00;0;0;
23.09.2021;22:25:00;0;0;
23.09.2021;22:26:00;0;0;
23.09.2021;22:27:00;0;0;
23.09.2021;22:28:00;0;0;
23.09.2021;22:29:00;0;0;
23.09.2021;22:30:00;0;0;
23.09.2021;22:31:00;0;0;
23.09.2021;22:32:00;0;0;
23.09.2021;22:33:00;0;0;
23.09.2021;22:34:00;0;0;
23.09.2021;22:35:00;0;0;
23.09.2021;22:36:00;0;0;
23.09.2021;22:37:00;0;0;
23.09.2021;22:38:00;0;0;
23.09.2021;22:39:00;0;0;
23.09.2021;22:40:00;0;0;
23.09.2021;22:41:00;0;0;
23.09.2021;22:42:00;0;0;
23.09.2021;22:43:00;0;0;
23.09.2021;22:44:00;0;0;
23.09.2021;22:45:00;0;0;
23.09.2021;22:46:00;0;0;
23.09.2021;22:47:00;0;0;
23.09.2021;22:48:00;0;0;
23.09.2021;22:49:00;0;0;
23.09.2021;22:50:00;0;0;
23.09.2021;22:51:00;0;0;
23.09.2021;22:52:00;0;0;
23.09.2021;22:53:00;0;0;
23.09.2021;22:54:00;0;0;
23.09.2021;22:55:00;0;0;
23.09.2021;22:56:00;0;0;
23.09.2021;22:57:00;0;0;
23.09.2021;22:58:00;0;0;
23.09.2021;22:59:00;0;0;
23.09.2021;23:00:00;0;0;
23.09.2021;23:01:00;0;0;
23.09.2021;23:02:00;0;0;
23.09.2021;23:03:00;0;0;
23.09.2021;23:04:00;0;0;
23.09.2021;23:05:00;0;0;
23.09.2021;23:06:00;0;0;
23.09.2021;23:07:00;0;0;
23.09.2021;23:08:00;0;0;
23.09.2021;23:09:00;0;0;
23.09.2021;23:10:00;0;0;
23.09.2021;23:11:00;0;0;
23.09.2021;23:12:00;0;0;
23.09.2021;23:13:00;0;0;
23.09.2021;23:14:00;0;0;
23.09.2021;23:15:00;0;0;
23.09.2021;23:16:00;0;0;
23.09.2021;23:17:00;0;0;
23.09.2021;23:18:00;0;0;
23.09.2021;23:19:00;0;0;
23.09.2021;23:20:00;0;0;
23.09.2021;23:21:00;0;0;
23.09.2021;23:22:00;0;0;
23.09.2021;23:23:00;0;0;
23.09.2021;23:24:00;0;0;
23.09.2021;23:25:00;0;0;
23.09.2021;23:26:00;0;0;
23.09.2021;23:27:00;0;0;
23.09.2021;23:28:00;0;0;
23.09.2021;23:29:00;0;0;
23.09.2021;23:30:00;0;0;
23.09.2021;23:31:00;0;0;
23.09.2021;23:32:00;0;0;
23.09.2021;23:33:00;0;0;
23.09.2021;23:34:00;0;0;
23.09.2021;23:35:00;0;0;
23.09.2021;23:36:00;0;0;
23.09.2021;23:37:00;0;0;
23.09.2021;23:38:00;0;0;
23.09.2021;23:39:00;0;0;
23.09.2021;23:40:00;0;0;
23.09.2021;23:41:00;0;0;
23.09.2021;23:42:00;0;0;
23.09.2021;23:43:00;0;0;
23.09.2021;23:44:00;0;0;
23.09.2021;23:45:00;0;0;
23.09.2021;23:46:00;0;0;
23.09.2021;23:47:00;0;0;
23.09.2021;23:48:00;0;0;
23.09.2021;23:49:00;0;0;
23.09.2021;23:50:00;0;0;
23.09.2021;23:51:00;0;0;
23.09.2021;23:52:00;0;0;
23.09.2021;23:53:00;0;0;
23.09.2021;23:54:00;0;0;
23.09.2021;23:55:00;0;0;
23.09.2021;23:56:00;0;0;
23.09.2021;23:57:00;0;0;
23.09.2021;23:58:00;0;0;
23.09.2021;23:59:00;0;0;
24.09.2021;00:00:00;0;0;
24.09.2021;00:01:00;0;0;
24.09.2021;00:02:00;0;0;
24.09.2021;00:03:00;0;0;
24.09.2021;00:04:00;0;0;
24.09.2021;00:05:00;0;0;
24.09.2021;00:06:00;0;0;
24.09.2021;00:07:00;0;0;
24.09.2021;00:08:00;0;0;
24.09.2021;00:09:00;0;0;
24.09.2021;00:10:00;0;0;
24.09.2021;00:11:00;0;0;
24.09.2021;00:12:00;0;0;
24.09.2021;00:13:00;0;0;
24.09.2021;00:14:00;0;0;
24.09.2021;00:15:00;0;0;
24.09.2021;00:16:00;0;0;
24.09.2021;00:17:00;0;0;
24.09.2021;00:18:00;0;0;
24.09.2021;00:19:00;0;0;
24.09.2021;00:20:00;0;0;
24.09.2021;00:21:00;0;0;
24.09.2021;00:22:00;0;0;
24.09.2021;00:23:00;0;0;
24.09.2021;00:24:00;0;0;
24.09.2021;00:25:00;0;0;
24.09.2021;00:26:00;0;0;
24.09.2021;00:27:00;0;0;
24.09.2021;00:28:00;0;0;
24.09.2021;00:29:00;0;0;
24.09.2021;00:30:00;0;0;
24.09.2021;00:31:00;0;0;
24.09.2021;00:32:00;0;0;
24.09.2021;00:33:00;0;0;
24.09.2021;00:34:00;0;0;
24.09.2021;00:35:00;0;0;
24.09.2021;00:36:00;0;0;
24.09.2021;00:37:00;0;0;
24.09.2021;00:38:00;0;0;
24.09.2021;00:39:00;0;0;
24.09.2021;00:40:00;0;0;
24.09.2021;00:41:00;0;0;
24.09.2021;00:42:00;0;0;
24.09.2021;00:43:00;0;0;
24.09.2021;00:44:00;0;0;
24.09.2021;00:45:00;0;0;
24.09.2021;00:46:00;0;0;
24.09.2021;00:47:00;0;0;
24.09.2021;00:48:00;0;0;
24.09.2021;00:49:00;0;0;
24.09.2021;00:50:00;0;0;
24.09.2021;00:51:00;0;0;
24.09.2021;00:52:00;0;0;
24.09.2021;00:53:00;0;0;
24.09.2021;00:54:00;0;0;
24.09.2021;00:55:00;0;0;
24.09.2021;00:56:00;0;0;
24.09.2021;00:57:00;0;0;
24.09.2021;00:58:00;0;0;
24.09.2021;00:59:00;0;0;
24.09.2021;01:00:00;0;0;
24.09.2021;01:01:00;0;0;
24.09.2021;01:02:00;0;0;
24.09.2021;01:03:00;0;0;
24.09.2021;01:04:00;0;0;
24.09.2021;01:05:00;0;0;
24.09.2021;01:06:00;0;0;
24.09.2021;01:07:00;0;0;
24.09.2021;01:08:00;0;0;
24.09.2021;01:09:00;0;0;
24.09.2021;01:10:00;0;0;
24.09.2021;01:11:00;0;0;
24.09.2021;01:12:00;0;0;
24.09.2021;01:13:00;0;0;
24.09.2021;01:14:00;0;0;
24.09.2021;01:15:00;0;0;
24.09.2021;01:16:00;0;0;
24.09.2021;01:17:00;0;0;
24.09.2021;01:18:00;0;0;
24.09.2021;01:19:00;0;0;
24.09.2021;01:20:00;0;0;
24.09.2021;01:21:00;0;0;
24.09.2021;01:22:00;0;0;
24.09.2021;01:23:00;0;0;
24.09.2021;01:24:00;0;0;
24.09.2021;01:25:00;0;0;
24.09.2021;01:26:00;0;0;
24.09.2021;01:27:00;0;0;
24.09.2021;01:28:00;0;0;
24.09.2021;01:29:00;0;0;
24.09.2021;01:30:00;0;0;
24.09.2021;01:31:00;0;0;
24.09.2021;01:32:00;0;0;
24.09.2021;01:33:00;0;0;
24.09.2021;01:34:00;0;0;
24.09.2021;01:35:00;0;0;
24.09.2021;01:36:00;0;0;
24.09.2021;01:37:00;0;0;
24.09.2021;01:38:00;0;0;
24.09.2021;01:39:00;0;0;
24.09.2021;01:40:00;0;0;
24.09.2021;01:41:00;0;0;
24.09.2021;01:42:00;0;0;
24.09.2021;01:43:00;0;0;
24.09.2021;01:44:00;0;0;
24.09.2021;01:45:00;0;0;
24.09.2021;01:46:00;0;0;
24.09.2021;01:47:00;0;0;
24.09.2021;01:48:00;0;0;
24.09.2021;01:49:00;0;0;
24.09.2021;01:50:00;0;0;
24.09.2021;01:51:00;0;0;
24.09.2021;01:52:00;0;0;
24.09.2021;01:53:00;0;0;
24.09.2021;01:54:00;0;0;
24.09.2021;01:55:00;0;0;
24.09.2021;01:56:00;0;0;
24.09.2021;01:57:00;0;0;
24.09.2021;01:58:00;0;0;
24.09.2021;01:59:00;0;0;
24.09.2021;02:00:00;0;0;
24.09.2021;02:01:00;0;0;
24.09.2021;02:02:00;0;0;
24.09.2021;02:03:00;0;0;
24.09.2021;02:04:00;0;0;
24.09.2021;02:05:00;0;0;
24.09.2021;02:06:00;0;0;
24.09.2021;02:07:00;0;0;
24.09.2021;02:08:00;0;0;
24.09.2021;02:09:00;0;0;
24.09.2021;02:10:00;0;0;
24.09.2021;02:11:00;0;0;
24.09.2021;02:12:00;0;0;
24.09.2021;02:13:00;0;0;
24.09.2021;02:14:00;0;0;
24.09.2021;02:15:00;0;0;
24.09.2021;02:16:00;0;0;
24.09.2021;02:17:00;0;0;
24.09.2021;02:18:00;0;0;
24.09.2021;02:19:00;0;0;
24.09.2021;02:20:00;0;0;
24.09.2021;02:21:00;0;0;
24.09.2021;02:22:00;0;0;
24.09.2021;02:23:00;0;0;
24.09.2021;02:24:00;0;0;
24.09.2021;02:25:00;0;0;
24.09.2021;02:26:00;0;0;
24.09.2021;02:27:00;0;0;
24.09.2021;02:28:00;0;0;
24.09.2021;02:29:00;0;0;
24.09.2021;02:30:00;0;0;
24.09.2021;02:31:00;0;0;
24.09.2021;02:32:00;0;0;
24.09.2021;02:33:00;0;0;
24.09.2021;02:34:00;0;0;
24.09.2021;02:35:00;0;0;
24.09.2021;02:36:00;0;0;
24.09.2021;02:37:00;0;0;
24.09.2021;02:38:00;0;0;
24.09.2021;02:39:00;0;0;
24.09.2021;02:40:00;0;0;
24.09.2021;02:41:00;0;0;
24.09.2021;02:42:00;0;0;
24.09.2021;02:43:00;0;0;
24.09.2021;02:44:00;0;0;
24.09.2021;02:45:00;0;0;
24.09.2021;02:46:00;0;0;
24.09.2021;02:47:00;0;0;
24.09.2021;02:48:00;0;0;
24.09.2021;02:49:00;0;0;
24.09.2021;02:50:00;0;0;
24.09.2021;02:51:00;0;0;
24.09.2021;02:52:00;0;0;
24.09.2021;02:53:00;0;0;
24.09.2021;02:54:00;0;0;
24.09.2021;02:55:00;0;0;
24.09.2021;02:56:00;0;0;
24.09.2021;02:57:00;0;0;
24.09.2021;02:58:00;0;0;
24.09.2021;02:59:00;0;0;
24.09.2021;03:00:00;0;0;
24.09.2021;03:01:00;0;0;
24.09.2021;03:02:00;0;0;
24.09.2021;03:03:00;0;0;
24.09.2021;03:04:00;0;0;
24.09.2021;03:05:00;0;0;
24.09.2021;03:06:00;0;0;
24.09.2021;03:07:00;0;0;
24.09.2021;03:08:00;0;0;
24.09.2021;03:09:00;0;0;
24.09.2021;03:10:00;0;0;
24.09.2021;03:11:00;0;0;
24.09.2021;03:12:00;0;0;
24.09.2021;03:13:00;0;0;
24.09.2021;03:14:00;0;0;
24.09.2021;03:15:00;0;0;
24.09.2021;03:16:00;0;0;
24.09.2021;03:17:00;0;0;
24.09.2021;03:18:00;0;0;
24.09.2021;03:19:00;0;0;
24.09.2021;03:20:00;0;0;
24.09.2021;03:21:00;0;0;
24.09.2021;03:22:00;0;0;
24.09.2021;03:23:00;0;0;
24.09.2021;03:24:00;0;0;
24.09.2021;03:25:00;0;0;
24.09.2021;03:26:00;0;0;
24.09.2021;03:27:00;0;0;
24.09.2021;03:28:00;0;0;
24.09.2021;03:29:00;0;0;
24.09.2021;03:30:00;0;0;
24.09.2021;03:31:00;0;0;
24.09.2021;03:32:00;0;0;
24.09.2021;03:33:00;0;0;
24.09.2021;03:34:00;0;0;
24.09.2021;03:35:00;0;0;
24.09.2021;03:36:00;0;0;
24.09.2021;03:37:00;0;0;
24.09.2021;03:38:00;0;0;
24.09.2021;03:39:00;0;0;
24.09.2021;03:40:00;0;0;
24.09.2021;03:41:00;0;0;
24.09.2021;03:42:00;0;0;
24.09.2021;03:43:00;0;0;
24.09.2021;03:44:00;0;0;
24.09.2021;03:45:00;0;0;
24.09.2021;03:46:00;0;0;
24.09.2021;03:47:00;0;0;
24.09.2021;03:48:00;0;0;
24.09.2021;03:49:00;0;0;
24.09.2021;03:50:00;0;0;
24.09.2021;03:51:00;0;0;
24.09.2021;03:52:00;0;0;
24.09.2021;03:53:00;0;0;
24.09.2021;03:54:00;0;0;
24.09.2021;03:55:00;0;0;
24.09.2021;03:56:00;0;0;
24.09.2021;03:57:00;0;0;
24.09.2021;03:58:00;0;0;
24.09.2021;03:59:00;0;0;
24.09.2021;04:00:00;0;0;
24.09.2021;04:01:00;0;0;
24.09.2021;04:02:00;0;0;
24.09.2021;04:03:00;0;0;
24.09.2021;04:04:00;0;0;
24.09.2021;04:05:00;0;0;
24.09.2021;04:06:00;0;0;
24.09.2021;04:07:00;0;0;
24.09.2021;04:08:00;0;0;
24.09.2021;04:09:00;0;0;
24.09.2021;04:10:00;0;0;
24.09.2021;04:11:00;0;0;
24.09.2021;04:12:00;0;0;
24.09.2021;04:13:00;0;0;
24.09.2021;04:14:00;0;0;
24.09.2021;04:15:00;0;0;
24.09.2021;04:16:00;0;0;
24.09.2021;04:17:00;0;0;
24.09.2021;04:18:00;0;0;
24.09.2021;04:19:00;0;0;
24.09.2021;04:20:00;0;0;
24.09.2021;04:21:00;0;0;
24.09.2021;04:22:00;0;0;
24.09.2021;04:23:00;0;0;
24.09.2021;04:24:00;0;0;
24.09.2021;04:25:00;0;0;
24.09.2021;04:26:00;0;0;
24.09.2021;04:27:00;0;0;
24.09.2021;04:28:00;0;0;
24.09.2021;04:29:00;0;0;
24.09.2021;04:30:00;0;0;
24.09.2021;04:31:00;0;0;
24.09.2021;04:32:00;0;0;
24.09.2021;04:33:00;0;0;
24.09.2021;04:34:00;0;0;
24.09.2021;04:35:00;0;0;
24.09.2021;04:36:00;0;0;
24.09.2021;04:37:00;0;0;
24.09.2021;04:38:00;0;0;
24.09.2021;04:39:00;0;0;
24.09.2021;04:40:00;0;0;
24.09.2021;04:41:00;0;0;
24.09.2021;04:42:00;0;0;
24.09.2021;04:43:00;0;0;
24.09.2021;04:44:00;0;0;
24.09.2021;04:45:00;0;0;
24.09.2021;04:46:00;0;0;
24.09.2021;04:47:00;0;0;
24.09.2021;04:48:00;0;0;
24.09.2021;04:49:00;0;0;
24.09.2021;04:50:00;0;0;
24.09.2021;04:51:00;0;0;
24.09.2021;04:52:00;0;0;
24.09.2021;04:53:00;0;0;
24.09.2021;04:54:00;0;0;
24.09.2021;04:55:00;0;0;
24.09.2021;04:56:00;0;0;
24.09.2021;04:57:00;0;0;
24.09.2021;04:58:00;0;0;
24.09.2021;04:59:00;0;0;
24.09.2021;05:00:00;0;0;
24.09.2021;05:01:00;0;0;
24.09.2021;05:02:00;0;0;
24.09.2021;05:03:00;0;0;
24.09.2021;05:04:00;0;0;
24.09.2021;05:05:00;0;0;
24.09.2021;05:06:00;0;0;
24.09.2021;05:07:00;0;0;
24.09.2021;05:08:00;0;0;
24.09.2021;05:09:00;0;0;
24.09.2021;05:10:00;0;0;
24.09.2021;05:11:00;0;0;
24.09.2021;05:12:00;0;0;
24.09.2021;05:13:00;0;0;
24.09.2021;05:14:00;0;0;
24.09.2021;05:15:00;0;0;
24.09.2021;05:16:00;0;0;
24.09.2021;05:17:00;0;0;
24.09.2021;05:18:00;0;0;
24.09.2021;05:19:00;0;0;
24.09.2021;05:20:00;0;0;
24.09.2021;05:21:00;0;0;
24.09.2021;05:22:00;0;0;
24.09.2021;05:23:00;0;0;
24.09.2021;05:24:00;0;0;
24.09.2021;05:25:00;0;0;
24.09.2021;05:26:00;0;0;
24.09.2021;05:27:00;0;0;
24.09.2021;05:28:00;0;0;
24.09.2021;05:29:00;0;0;
24.09.2021;05:30:00;0;0;
24.09.2021;05:31:00;0;0;
24.09.2021;05:32:00;0;0;
24.09.2021;05:33:00;0;0;
24.09.2021;05:34:00;0;0;
24.09.2021;05:35:00;0;0;
24.09.2021;05:36:00;0;0;
24.09.2021;05:37:00;0;0;
24.09.2021;05:38:00;0;0;
24.09.2021;05:39:00;0;0;
24.09.2021;05:40:00;0;0;
24.09.2021;05:41:00;0;0;
24.09.2021;05:42:00;0;0;
24.09.2021;05:43:00;0;0;
24.09.2021;05:44:00;0;0;
24.09.2021;05:45:00;0;0;
24.09.2021;05:46:00;0;0;
24.09.2021;05:47:00;0;0;
24.09.2021;05:48:00;0;0;
24.09.2021;05:49:00;0;0;
24.09.2021;05:50:00;0;0;
24.09.2021;05:51:00;0;0;
24.09.2021;05:52:00;0;0;
24.09.2021;05:53:00;0;0;
24.09.2021;05:54:00;0;0;
24.09.2021;05:55:00;0;0;
24.09.2021;05:56:00;0;0;
24.09.2021;05:57:00;0;0;
24.09.2021;05:58:00;0;0;
24.09.2021;05:59:00;0;0;
24.09.2021;06:00:00;0;0;
24.09.2021;06:01:00;0;0;
24.09.2021;06:02:00;0;0;
24.09.2021;06:03:00;0;0;
24.09.2021;06:04:00;0;0;
24.09.2021;06:05:00;0;0;
24.09.2021;06:06:00;0;0;
24.09.2021;06:07:00;0;0;
24.09.2021;06:08:00;0;0;
24.09.2021;06:09:00;0;0;
24.09.2021;06:10:00;0;0;
24.09.2021;06:11:00;0;0;
24.09.2021;06:12:00;0;0;
24.09.2021;06:13:00;0;0;
24.09.2021;06:14:00;0;0;
24.09.2021;06:15:00;0;0;
24.09.2021;06:16:00;0;0;
24.09.2021;06:17:00;0;0;
24.09.2021;06:18:00;0;0;
24.09.2021;06:19:00;0;0;
24.09.2021;06:20:00;0;0;
24.09.2021;06:21:00;0;0;
24.09.2021;06:22:00;0;0;
24.09.2021;06:23:00;0;0;
24.09.2021;06:24:00;0;0;
24.09.2021;06:25:00;0;0;
24.09.2021;06:26:00;0;0;
24.09.2021;06:27:00;0;0;
24.09.2021;06:28:00;0;0;
24.09.2021;06:29:00;0;0;
24.09.2021;06:30:00;0;0;
24.09.2021;06:31:00;0;0;
24.09.2021;06:32:00;0;0;
24.09.2021;06:33:00;0;0;
24.09.2021;06:34:00;0;0;
24.09.2021;06:35:00;0;0;
24.09.2021;06:36:00;0;0;
24.09.2021;06:37:00;0;0;
24.09.2021;06:38:00;0;0;
24.09.2021;06:39:00;0;0;
24.09.2021;06:40:00;0;0;
24.09.2021;06:41:00;0;0;
24.09.2021;06:42:00;0;0;
24.09.2021;06:43:00;0;0;
24.09.2021;06:44:00;0;0;
24.09.2021;06:45:00;0;0;
24.09.2021;06:46:00;0;0;
24.09.2021;06:47:00;0;0;
24.09.2021;06:48:00;0;0;
24.09.2021;06:49:00;0;0;
24.09.2021;06:50:00;0;0;
24.09.2021;06:51:00;0;0;
24.09.2021;06:52:00;0;0;
24.09.2021;06:53:00;0;0;
24.09.2021;06:54:00;0;0;
24.09.2021;06:55:00;0;0;
24.09.2021;06:56:00;0;0;
24.09.2021;06:57:00;0;0;
24.09.2021;06:58:00;0;0;
24.09.2021;06:59:00;0;0;
24.09.2021;07:00:00;0;0;
24.09.2021;07:01:00;0;0;
24.09.2021;07:02:00;0;0;
24.09.2021;07:03:00;0;0;
24.09.2021;07:04:00;0;0;
24.09.2021;07:05:00;0;0;
24.09.2021;07:06:00;0;0;
24.09.2021;07:07:00;0;0;
24.09.2021;07:08:00;0;0;
24.09.2021;07:09:00;0;0;
24.09.2021;07:10:00;0;0;
24.09.2021;07:11:00;0;0;
24.09.2021;07:12:00;0;0;
24.09.2021;07:13:00;0;0;
24.09.2021;07:14:00;0;0;
24.09.2021;07:15:00;0.037083048;0;
24.09.2021;07:16:00;0.111249144;0.053316272;
24.09.2021;07:17:00;0.222498288;0.159948816;
24.09.2021;07:18:00;0.333747432;0.213265089;
24.09.2021;07:19:00;0.444996576;0.373213905;
24.09.2021;07:20:00;0.593328768;0.479846449;
24.09.2021;07:21:00;0.778744008;0.693111538;
24.09.2021;07:22:00;1.001242296;0.959692898;
24.09.2021;07:23:00;1.186657536;1.119641715;
24.09.2021;07:24:00;1.223740584;1.172957987;
24.09.2021;07:25:00;1.372072776;1.279590531;
24.09.2021;07:26:00;1.594571064;1.546171892;
24.09.2021;07:27:00;1.8541524;1.866069524;
24.09.2021;07:28:00;2.187899832;2.132650885;
24.09.2021;07:29:00;2.447481168;2.399232246;
24.09.2021;07:30:00;2.744145552;2.719129878;
24.09.2021;07:31:00;2.96664384;2.985711239;
24.09.2021;07:32:00;3.189142128;3.198976328;
24.09.2021;07:33:00;3.52288956;3.51887396;
24.09.2021;07:34:00;3.967886136;3.945404137;
24.09.2021;07:35:00;4.338716616;4.318618042;
24.09.2021;07:36:00;4.487048808;4.478566859;
24.09.2021;07:37:00;4.487048808;4.478566859;
24.09.2021;07:38:00;4.524131856;4.531883131;
24.09.2021;07:39:00;4.783713192;4.798464491;
24.09.2021;07:40:00;5.154543672;5.171678396;
24.09.2021;07:41:00;5.339958912;5.331627213;
24.09.2021;07:42:00;5.525374152;5.544892301;
24.09.2021;07:43:00;5.859121584;5.918106206;
24.09.2021;07:44:00;6.081619872;6.078055022;
24.09.2021;07:45:00;6.30411816;6.344636383;
24.09.2021;07:46:00;6.637865591;6.664534016;
24.09.2021;07:47:00;7.008696071;7.037747921;
24.09.2021;07:48:00;7.602024839;7.570910642;
24.09.2021;07:49:00;7.861606175;7.890808275;
24.09.2021;07:50:00;7.935772271;7.944124547;
24.09.2021;07:51:00;8.158270559;8.157389635;
24.09.2021;07:52:00;8.269519703;8.26402218;
24.09.2021;07:53:00;8.677433231;8.743868629;
24.09.2021;07:54:00;9.270761999;9.27703135;
24.09.2021;07:55:00;10.04950601;10.02345916;
24.09.2021;07:56:00;11.01366526;11.03646833;
24.09.2021;07:57:00;12.01490755;12.10279377;
24.09.2021;07:58:00;12.83073461;12.84922158;
24.09.2021;07:59:00;13.38698033;13.3823843;
24.09.2021;08:00:00;13.94322605;14.02217957;
24.09.2021;08:01:00;14.49947177;14.60865856;
24.09.2021;08:02:00;15.20404968;15.3017701;
24.09.2021;08:03:00;16.27945807;16.47472809;
24.09.2021;08:04:00;17.35486646;17.54105353;
24.09.2021;08:05:00;18.13361047;18.28748134;
24.09.2021;08:06:00;18.94943753;19.14054169;
24.09.2021;08:07:00;20.09901201;20.31349968;
24.09.2021;08:08:00;21.54525089;21.8063553;
24.09.2021;08:09:00;23.39940329;23.67242482;
24.09.2021;08:10:00;24.84564216;25.11196417;
24.09.2021;08:11:00;25.80980141;26.12497334;
24.09.2021;08:12:00;26.8110437;27.08466624;
24.09.2021;08:13:00;26.55146237;26.92471742;
24.09.2021;08:14:00;26.69979456;27.13798251;
24.09.2021;08:15:00;28.14603343;28.6841544;
24.09.2021;08:16:00;30.37101631;30.87012156;
24.09.2021;08:17:00;30.92726203;31.40328428;
24.09.2021;08:18:00;29.5922723;30.07037748;
24.09.2021;08:19:00;28.59103001;29.05736831;
24.09.2021;08:20:00;29.62935535;30.28364257;
24.09.2021;08:21:00;31.63183994;32.25634464;
24.09.2021;08:22:00;31.96558737;32.46960972;
24.09.2021;08:23:00;30.40809936;30.92343783;
24.09.2021;08:24:00;28.59103001;29.21731713;
24.09.2021;08:25:00;28.6651961;29.37726594;
24.09.2021;08:26:00;30.33393326;31.13670292;
24.09.2021;08:27:00;31.5205908;32.30966091;
24.09.2021;08:28:00;33.44890929;34.28236298;
24.09.2021;08:29:00;35.67389217;36.52164641;
24.09.2021;08:30:00;37.12013105;37.90786948;
24.09.2021;08:31:00;39.56761221;40.52036682;
24.09.2021;08:32:00;43.64674749;44.5724035;
24.09.2021;08:33:00;48.91254031;49.90403071;
24.09.2021;08:34:00;55.03124323;56.14203455;
24.09.2021;08:35:00;64.11658999;65.25911708;
24.09.2021;08:36:00;73.20193675;74.10961826;
24.09.2021;08:37:00;75.20442134;75.60247388;
24.09.2021;08:38:00;67.45406431;67.3384517;
24.09.2021;08:39:00;55.92123638;55.76882064;
24.09.2021;08:40:00;50.02503175;50.06397953;
24.09.2021;08:41:00;49.17212164;49.37086799;
24.09.2021;08:42:00;48.35629459;48.46449136;
24.09.2021;08:43:00;48.09671325;48.30454255;
24.09.2021;08:44:00;52.06459939;52.24994668;
24.09.2021;08:45:00;57.29330916;57.36830881;
24.09.2021;08:46:00;59.70370728;59.92748987;
24.09.2021;08:47:00;55.80998724;56.035402;
24.09.2021;08:48:00;51.50835367;52.0366816;
24.09.2021;08:49:00;55.29082456;56.40861591;
24.09.2021;08:50:00;65.26616448;66.59202389;
24.09.2021;08:51:00;73.0906876;74.32288334;
24.09.2021;08:52:00;79.54313795;80.720836;
24.09.2021;08:53:00;82.80644618;83.81317978;
24.09.2021;08:54:00;82.39853265;83.38664961;
24.09.2021;08:55:00;81.13770902;82.0537428;
24.09.2021;08:56:00;74.20317904;75.01599488;
24.09.2021;08:57:00;66.00782543;66.96523779;
24.09.2021;08:58:00;63.48617817;64.40605673;
24.09.2021;08:59:00;61.85452406;62.69993602;
24.09.2021;09:00:00;65.41449667;66.48539134;
24.09.2021;09:01:00;73.31318589;74.48283216;
24.09.2021;09:02:00;74.12901295;74.85604607;
24.09.2021;09:03:00;73.38735199;74.42951589;
24.09.2021;09:04:00;77.68898555;78.85476647;
24.09.2021;09:05:00;76.27982973;77.30859458;
24.09.2021;09:06:00;65.89657629;67.01855406;
24.09.2021;09:07:00;60.63078348;62.48667093;
24.09.2021;09:08:00;68.38114051;70.75069311;
24.09.2021;09:09:00;79.17230747;81.46726381;
24.09.2021;09:10:00;85.62475783;87.5986351;
24.09.2021;09:11:00;87.77557461;89.25143954;
24.09.2021;09:12:00;88.850983;90.05118362;
24.09.2021;09:13:00;97.89924671;98.74173598;
24.09.2021;09:14:00;105.056275;106.1526978;
24.09.2021;09:15:00;109.691656;111.3243762;
24.09.2021;09:16:00;116.1070233;117.7223289;
24.09.2021;09:17:00;132.3493983;126.8394114;
24.09.2021;09:18:00;162.4608333;142.834293;
24.09.2021;09:19:00;180.8911081;157.1763702;
24.09.2021;09:20:00;179.4448693;159.4689699;
24.09.2021;09:21:00;203.9196809;155.2036682;
24.09.2021;09:22:00;172.4361732;153.7641288;
24.09.2021;09:23:00;152.6338256;152.6444871;
24.09.2021;09:24:00;145.5509634;145.6600554;
24.09.2021;09:25:00;165.9837228;153.2842824;
24.09.2021;09:26:00;233.1040397;163.5210066;
24.09.2021;09:27:00;290.7681793;161.9215184;
24.09.2021;09:28:00;253.5367992;149.7654084;
24.09.2021;09:29:00;197.022234;140.4883771;
24.09.2021;09:30:00;169.3211972;145.180209;
24.09.2021;09:31:00;217.0099969;152.0046918;
24.09.2021;09:32:00;231.5094686;154.9904031;
24.09.2021;09:33:00;218.7158171;160.6952442;
24.09.2021;09:34:00;256.3551108;163.787588;
24.09.2021;09:35:00;226.0211775;157.336319;
24.09.2021;09:36:00;225.7245132;155.5235658;
24.09.2021;09:37:00;200.5080405;155.2569844;
24.09.2021;09:38:00;202.1396946;152.2712732;
24.09.2021;09:39:00;153.6721509;152.0580081;
24.09.2021;09:40:00;234.4019464;150.8317338;
24.09.2021;09:41:00;147.590531;147.1529111;
24.09.2021;09:42:00;150.1492613;151.1516315;
24.09.2021;09:43:00;171.7686783;165.2804436;
24.09.2021;09:44:00;208.7033941;181.6485391;
24.09.2021;09:45:00;262.7704781;187.1934314;
24.09.2021;09:46:00;178.5548761;179.5692045;
24.09.2021;09:47:00;161.9787537;162.5079974;
24.09.2021;09:48:00;237.4427563;156.6432075;
24.09.2021;09:49:00;233.8086176;168.3194711;
24.09.2021;09:50:00;176.2557271;177.0100235;
24.09.2021;09:51:00;187.7885551;189.859245;
24.09.2021;09:52:00;209.0742246;205.8008104;
24.09.2021;09:53:00;209.7046364;206.4406057;
24.09.2021;09:54:00;194.7601681;194.7643421;
24.09.2021;09:55:00;234.9952752;193.9112817;
24.09.2021;09:56:00;225.0570183;191.3521007;
24.09.2021;09:57:00;183.6352537;184.4743016;
24.09.2021;09:58:00;273.1537315;189.3260823;
24.09.2021;09:59:00;200.6563727;199.6161228;
24.09.2021;10:00:00;216.4908342;199.7227554;
24.09.2021;10:01:00;193.5735105;181.7551717;
24.09.2021;10:02:00;173.7711629;175.5171678;
24.09.2021;10:03:00;196.5772374;184.5276178;
24.09.2021;10:04:00;185.9344027;186.8202175;
24.09.2021;10:05:00;172.6957545;173.6510983;
24.09.2021;10:06:00;156.2679643;157.4429516;
24.09.2021;10:07:00;149.6671817;151.4182128;
24.09.2021;10:08:00;150.7055071;153.3375986;
24.09.2021;10:09:00;158.2704489;161.0684581;
24.09.2021;10:10:00;144.6609702;145.9799531;
24.09.2021;10:11:00;121.4840652;122.7340584;
24.09.2021;10:12:00;113.9562065;115.8029431;
24.09.2021;10:13:00;109.9512373;111.5376413;
24.09.2021;10:14:00;102.2379633;103.8067818;
24.09.2021;10:15:00;100.6804753;102.3672425;
24.09.2021;10:16:00;96.74967222;98.26188953;
24.09.2021;10:17:00;91.33554722;92.98357859;
24.09.2021;10:18:00;89.37014567;91.06419279;
24.09.2021;10:19:00;85.84725611;87.33205374;
24.09.2021;10:20:00;80.80396159;82.16037535;
24.09.2021;10:21:00;80.80396159;82.37364044;
24.09.2021;10:22:00;82.02770217;83.86649605;
24.09.2021;10:23:00;88.73973386;90.95756025;
24.09.2021;10:24:00;96.49009089;98.52847089;
24.09.2021;10:25:00;92.81886914;94.1032203;
24.09.2021;10:26:00;80.80396159;81.78716144;
24.09.2021;10:27:00;74.24026209;75.70910642;
24.09.2021;10:28:00;75.98316535;77.36191086;
24.09.2021;10:29:00;71.19945215;72.45681382;
24.09.2021;10:30:00;68.49238965;70.16421412;
24.09.2021;10:31:00;79.50605491;81.78716144;
24.09.2021;10:32:00;93.67177924;95.91597356;
24.09.2021;10:33:00;94.30219106;95.91597356;
24.09.2021;10:34:00;98.27007719;100.3412241;
24.09.2021;10:35:00;107.9858358;110.0447857;
24.09.2021;10:36:00;109.1354103;110.7378972;
24.09.2021;10:37:00;113.0291303;115.1631478;
24.09.2021;10:38:00;131.6077373;134.1970569;
24.09.2021;10:39:00;146.1813752;148.2725528;
24.09.2021;10:40:00;141.360579;140.1151631;
24.09.2021;10:41:00;131.9414848;130.8914481;
24.09.2021;10:42:00;125.7115327;126.6261463;
24.09.2021;10:43:00;123.6719651;124.7067605;
24.09.2021;10:44:00;132.4606474;134.0371081;
24.09.2021;10:45:00;144.2530567;146.1399019;
24.09.2021;10:46:00;158.9750268;160.3753466;
24.09.2021;10:47:00;180.2606963;177.8630838;
24.09.2021;10:48:00;189.1977109;188.8462359;
24.09.2021;10:49:00;278.5307735;207.2403498;
24.09.2021;10:50:00;230.5823924;233.4719556;
24.09.2021;10:51:00;331.9303626;267.2744722;
24.09.2021;10:52:00;436.2820597;300.3305609;
24.09.2021;10:53:00;493.3528706;303.4229047;
24.09.2021;10:54:00;349.4335613;295.1055662;
24.09.2021;10:55:00;475.8125889;295.0522499;
24.09.2021;10:56:00;370.3484003;277.9910429;
24.09.2021;10:57:00;294.5877333;269.1405417;
24.09.2021;10:58:00;268.1475201;249.7867349;
24.09.2021;10:59:00;223.7220286;224.4615057;
24.09.2021;11:00:00;312.0909319;222.6487524;
24.09.2021;11:01:00;261.3613223;225.5278311;
24.09.2021;11:02:00;229.8407315;232.6722116;
24.09.2021;11:03:00;254.167211;258.4772873;
24.09.2021;11:04:00;363.4880365;288.014502;
24.09.2021;11:05:00;541.0416703;293.292813;
24.09.2021;11:06:00;391.6340699;279.590531;
24.09.2021;11:07:00;475.960921;276.1249733;
24.09.2021;11:08:00;402.1285725;266.1015142;
24.09.2021;11:09:00;259.9150834;259.4369802;
24.09.2021;11:10:00;247.6035115;248.5071444;
24.09.2021;11:11:00;231.5836347;231.2859885;
24.09.2021;11:12:00;289.4331896;223.2352314;
24.09.2021;11:13:00;475.5159245;226.0609938;
24.09.2021;11:14:00;536.7029537;226.5408403;
24.09.2021;11:15:00;498.9894938;221.5291107;
24.09.2021;11:16:00;534.5150538;213.9582;
24.09.2021;11:17:00;457.8273106;218.0102367;
24.09.2021;11:18:00;487.7904134;226.487524;
24.09.2021;11:19:00;578.3842996;239.4433781;
24.09.2021;11:20:00;577.0122268;249.5201536;
24.09.2021;11:21:00;491.8324656;244.508424;
24.09.2021;11:22:00;434.4649903;245.9479633;
24.09.2021;11:23:00;271.6333266;241.4160802;
24.09.2021;11:24:00;436.1708105;236.670932;
24.09.2021;11:25:00;532.9946489;246.3744935;
24.09.2021;11:26:00;577.3830573;269.5670719;
24.09.2021;11:27:00;482.4504544;287.7479207;
24.09.2021;11:28:00;437.6541325;277.831094;
24.09.2021;11:29:00;430.6083533;255.491576;
24.09.2021;11:30:00;248.753086;239.4433781;
24.09.2021;11:31:00;426.3067198;235.6046065;
24.09.2021;11:32:00;443.6986693;242.0025592;
24.09.2021;11:33:00;303.635997;239.7632758;
24.09.2021;11:34:00;417.6292865;253.1456601;
24.09.2021;11:35:00;414.106397;234.0051184;
24.09.2021;11:36:00;332.227027;202.0686714;
24.09.2021;11:37:00;342.7586126;188.2064406;
24.09.2021;11:38:00;388.5190939;189.4860311;
24.09.2021;11:39:00;394.4152985;208.3599915;
24.09.2021;11:40:00;341.2752907;228.6201749;
24.09.2021;11:41:00;454.1931719;222.382171;
24.09.2021;11:42:00;372.0171375;222.7020687;
24.09.2021;11:43:00;570.1147799;238.057155;
24.09.2021;11:44:00;595.0345882;246.8010237;
24.09.2021;11:45:00;609.9419735;239.6033269;
24.09.2021;11:46:00;598.4091455;217.9036042;
24.09.2021;11:47:00;590.9925359;201.215611;
24.09.2021;11:48:00;585.5413279;197.2702069;
24.09.2021;11:49:00;591.5858647;195.6707187;
24.09.2021;11:50:00;592.7725222;198.7097462;
24.09.2021;11:51:00;438.7295409;205.6408616;
24.09.2021;11:52:00;460.9422866;206.9737684;
24.09.2021;11:53:00;603.1186926;210.2793773;
24.09.2021;11:54:00;599.2620556;204.4679036;
24.09.2021;11:55:00;584.0209229;201.4288761;
24.09.2021;11:56:00;608.013655;217.4237577;
24.09.2021;11:57:00;635.5663596;234.5382811;
24.09.2021;11:58:00;620.8443896;223.1285988;
24.09.2021;11:59:00;600.8195437;193.378119;
24.09.2021;12:00:00;588.1742243;173.6510983;
24.09.2021;12:01:00;582.9455145;172.3181915;
24.09.2021;12:02:00;545.9737157;184.4743016;
24.09.2021;12:03:00;574.7501609;198.7097462;
24.09.2021;12:04:00;542.1170787;207.7201962;
24.09.2021;12:05:00;500.5469819;202.6018341;
24.09.2021;12:06:00;576.7155625;195.8839838;
24.09.2021;12:07:00;594.5154255;191.8852634;
24.09.2021;12:08:00;403.8343927;194.6577095;
24.09.2021;12:09:00;209.8900517;191.2987844;
24.09.2021;12:10:00;379.1741658;189.859245;
24.09.2021;12:11:00;525.5409562;181.9684368;
24.09.2021;12:12:00;570.2631121;178.2362977;
24.09.2021;12:13:00;557.5807097;182.6615483;
24.09.2021;12:14:00;586.0604905;186.8202175;
24.09.2021;12:15:00;586.8021515;188.6862871;
24.09.2021;12:16:00;589.5833801;188.3663894;
24.09.2021;12:17:00;483.1921154;200.7357646;
24.09.2021;12:18:00;511.4123149;210.81254;
24.09.2021;12:19:00;364.1184483;206.8671358;
24.09.2021;12:20:00;401.2014963;227.074003;
24.09.2021;12:21:00;612.8344512;225.1013009;
24.09.2021;12:22:00;463.7605983;224.3548731;
24.09.2021;12:23:00;397.0111119;222.4354873;
24.09.2021;12:24:00;331.8932796;215.9309021;
24.09.2021;12:25:00;263.1042255;216.5706974;
24.09.2021;12:26:00;429.0137823;230.9660909;
24.09.2021;12:27:00;611.6477937;237.7905737;
24.09.2021;12:28:00;623.6256182;234.8581787;
24.09.2021;12:29:00;624.9976909;241.0428663;
24.09.2021;12:30:00;617.1731678;245.681382;
24.09.2021;12:31:00;432.3141736;238.0038388;
24.09.2021;12:32:00;440.9174407;234.6982299;
24.09.2021;12:33:00;448.7419638;234.325016;
24.09.2021;12:34:00;419.2980237;228.5668586;
24.09.2021;12:35:00;440.2870289;223.9816592;
24.09.2021;12:36:00;599.4103878;231.1260397;
24.09.2021;12:37:00;460.4231239;239.3900618;
24.09.2021;12:38:00;612.8715342;243.335466;
24.09.2021;12:39:00;412.5118259;256.7711666;
24.09.2021;12:40:00;305.1193189;272.8193645;
24.09.2021;12:41:00;367.9009192;287.6946044;
24.09.2021;12:42:00;372.0913036;303.2096396;
24.09.2021;12:43:00;464.0943457;314.5660055;
24.09.2021;12:44:00;578.4584657;320.4307955;
24.09.2021;12:45:00;489.1254031;315.4723822;
24.09.2021;12:46:00;308.1230458;307.6348902;
24.09.2021;12:47:00;532.9946489;330.5075709;
24.09.2021;12:48:00;717.3715635;360.7378972;
24.09.2021;12:49:00;681.9201696;378.8121135;
24.09.2021;12:50:00;653.3291396;385.9031776;
24.09.2021;12:51:00;604.935762;373.7470676;
24.09.2021;12:52:00;366.3063481;343.1968437;
24.09.2021;12:53:00;341.0157094;315.8455961;
24.09.2021;12:54:00;305.0080698;302.8364257;
24.09.2021;12:55:00;289.0623591;290.5203668;
24.09.2021;12:56:00;342.0169517;293.9326082;
24.09.2021;12:57:00;571.5239357;312.113457;
24.09.2021;12:58:00;529.8055067;325.0159949;
24.09.2021;12:59:00;337.2332385;298.19791;
24.09.2021;13:00:00;392.1903156;258.5839198;
24.09.2021;13:01:00;230.4711433;232.0324163;
24.09.2021;13:02:00;218.9383154;217.5837065;
24.09.2021;13:03:00;210.6687957;214.0648326;
24.09.2021;13:04:00;242.0781373;220.3561527;
24.09.2021;13:05:00;220.9037169;217.9036042;
24.09.2021;13:06:00;220.7553847;226.2742589;
24.09.2021;13:07:00;238.6294139;244.6683728;
24.09.2021;13:08:00;259.618419;266.0481979;
24.09.2021;13:09:00;272.5974858;279.3239497;
24.09.2021;13:10:00;278.12286;282.4162935;
24.09.2021;13:11:00;278.7903548;281.8831307;
24.09.2021;13:12:00;284.1303138;290.0938366;
24.09.2021;13:13:00;496.9128432;313.286415;
24.09.2021;13:14:00;588.8788022;319.5777351;
24.09.2021;13:15:00;664.1573896;299.4775005;
24.09.2021;13:16:00;565.8873124;269.780337;
24.09.2021;13:17:00;455.4539955;229.3666027;
24.09.2021;13:18:00;650.547911;197.5367882;
24.09.2021;13:19:00;638.0509238;185.8072084;
24.09.2021;13:20:00;621.8085488;186.1804223;
24.09.2021;13:21:00;453.0806804;197.9100021;
24.09.2021;13:22:00;406.6156213;214.7579441;
24.09.2021;13:23:00;371.1642274;243.4420985;
24.09.2021;13:24:00;611.0915479;275.4851781;
24.09.2021;13:25:00;525.4667901;285.0287908;
24.09.2021;13:26:00;313.0180081;278.417573;
24.09.2021;13:27:00;422.5242489;279.1106846;
24.09.2021;13:28:00;500.5840649;292.5997014;
24.09.2021;13:29:00;530.806749;306.4619322;
24.09.2021;13:30:00;415.0334732;315.0991683;
24.09.2021;13:31:00;535.7017114;333.1733845;
24.09.2021;13:32:00;590.4362902;329.2279804;
24.09.2021;13:33:00;508.0006745;312.9665174;
24.09.2021;13:34:00;304.414741;297.3981659;
24.09.2021;13:35:00;281.3120021;284.282363;
24.09.2021;13:36:00;269.1116793;270.580081;
24.09.2021;13:37:00;256.9484396;258.4772873;
24.09.2021;13:38:00;248.9385012;251.9193858;
24.09.2021;13:39:00;246.5651861;249.8400512;
24.09.2021;13:40:00;247.7889267;251.7061207;
24.09.2021;13:41:00;243.5243762;246.9076562;
24.09.2021;13:42:00;236.8123445;237.4706761;
24.09.2021;13:43:00;232.6590431;228.5668586;
24.09.2021;13:44:00;214.2287683;215.3444231;
24.09.2021;13:45:00;200.4709575;202.5485178;
24.09.2021;13:46:00;195.7984934;198.869695;
24.09.2021;13:47:00;199.321383;202.9217317;
24.09.2021;13:48:00;203.6600996;207.7735125;
24.09.2021;13:49:00;210.0013008;214.5979953;
24.09.2021;13:50:00;222.1274575;227.074003;
24.09.2021;13:51:00;237.999002;242.4824056;
24.09.2021;13:52:00;256.0213634;252.3992322;
24.09.2021;13:53:00;253.9447127;248.827042;
24.09.2021;13:54:00;233.6232024;236.9908296;
24.09.2021;13:55:00;217.7145748;220.5694178;
24.09.2021;13:56:00;199.6180474;202.2286202;
24.09.2021;13:57:00;183.3756723;185.9138409;
24.09.2021;13:58:00;171.54618;174.3442099;
24.09.2021;13:59:00;164.6858162;167.6796758;
24.09.2021;14:00:00;161.5708401;164.8005971;
24.09.2021;14:01:00;161.0887605;164.4806995;
24.09.2021;14:02:00;162.5349994;165.8669226;
24.09.2021;14:03:00;165.0937297;168.3727874;
24.09.2021;14:04:00;168.2828718;171.4118149;
24.09.2021;14:05:00;171.9540936;175.1439539;
24.09.2021;14:06:00;175.9590627;179.2493069;
24.09.2021;14:07:00;180.038198;183.3546598;
24.09.2021;14:08:00;184.3398316;187.7799104;
24.09.2021;14:09:00;188.8268804;192.2584773;
24.09.2021;14:10:00;192.5722682;195.8839838;
24.09.2021;14:11:00;194.3893376;197.2702069;
24.09.2021;14:12:00;191.9047734;194.4444444;
24.09.2021;14:13:00;185.9344027;187.9931755;
24.09.2021;14:14:00;178.9998727;180.9554276;
24.09.2021;14:15:00;175.1432357;177.2232885;
24.09.2021;14:16:00;175.1432357;177.3832374;
24.09.2021;14:17:00;178.2952948;180.6888462;
24.09.2021;14:18:00;184.0060842;186.5003199;
24.09.2021;14:19:00;191.4968599;193.8579655;
24.09.2021;14:20:00;199.8405457;202.1219876;
24.09.2021;14:21:00;207.2571553;209.3730006;
24.09.2021;14:22:00;212.3375328;213.7982512;
24.09.2021;14:23:00;213.8950208;215.3977394;
24.09.2021;14:24:00;211.1137922;212.9985071;
24.09.2021;14:25:00;205.8479994;207.5602474;
24.09.2021;14:26:00;197.6155628;199.0296438;
24.09.2021;14:27:00;185.8973196;186.9801663;
24.09.2021;14:28:00;172.2507579;173.2245681;
24.09.2021;14:29:00;159.3087742;160.3753466;
24.09.2021;14:30:00;149.88968;151.2049478;
24.09.2021;14:31:00;145.4026312;147.0995948;
24.09.2021;14:32:00;145.3655481;147.526125;
24.09.2021;14:33:00;148.6288564;151.0983152;
24.09.2021;14:34:00;153.2271543;155.8434634;
24.09.2021;14:35:00;157.8254523;160.5352954;
24.09.2021;14:36:00;162.8316638;165.4403924;
24.09.2021;14:37:00;168.5795362;170.9852847;
24.09.2021;14:38:00;174.7724052;177.4365536;
24.09.2021;14:39:00;182.1890148;185.3273619;
24.09.2021;14:40:00;192.9060157;196.2038814;
24.09.2021;14:41:00;207.2200722;210.5992749;
24.09.2021;14:42:00;219.7912255;223.0752826;
24.09.2021;14:43:00;226.0582606;229.1533376;
24.09.2021;14:44:00;227.7640808;230.806142;
24.09.2021;14:45:00;226.9482537;229.6865003;
24.09.2021;14:46:00;224.055776;226.487524;
24.09.2021;14:47:00;220.8295508;223.2352314;
24.09.2021;14:48:00;217.121246;219.5030923;
24.09.2021;14:49:00;211.4104566;213.5849861;
24.09.2021;14:50:00;205.0692554;207.2403498;
24.09.2021;14:51:00;200.3967914;202.8684154;
24.09.2021;14:52:00;200.2855422;203.2416293;
24.09.2021;14:53:00;205.2546707;208.4133077;
24.09.2021;14:54:00;214.8591801;218.3301344;
24.09.2021;14:55:00;231.76905;235.7112391;
24.09.2021;14:56:00;253.42555;257.5709106;
24.09.2021;14:57:00;268.110437;271.9663041;
24.09.2021;14:58:00;268.3329353;271.6997228;
24.09.2021;14:59:00;262.1400663;264.7686074;
24.09.2021;15:00:00;257.5417683;258.4772873;
24.09.2021;15:01:00;253.2401348;252.7724462;
24.09.2021;15:02:00;246.3056048;246.1612284;
24.09.2021;15:03:00;233.1411228;234.325016;
24.09.2021;15:04:00;213.264609;214.6513116;
24.09.2021;15:05:00;193.2026801;193.964598;
24.09.2021;15:06:00;179.2965371;177.8097675;
24.09.2021;15:07:00;176.6636407;167.7863084;
24.09.2021;15:08:00;166.6512177;166.0268714;
24.09.2021;15:09:00;172.1024258;172.1582427;
24.09.2021;15:10:00;180.001115;181.6485391;
24.09.2021;15:11:00;186.2681501;188.2597569;
24.09.2021;15:12:00;185.9344027;187.5133291;
24.09.2021;15:13:00;178.2582117;179.4092557;
24.09.2021;15:14:00;168.0232905;169.0125826;
24.09.2021;15:15:00;160.0504352;161.1750906;
24.09.2021;15:16:00;155.3408881;156.6432075;
24.09.2021;15:17:00;151.5955002;153.017701;
24.09.2021;15:18:00;148.1096937;149.6587759;
24.09.2021;15:19:00;146.2555413;147.9526552;
24.09.2021;15:20:00;145.9588769;147.8460226;
24.09.2021;15:21:00;146.7376209;148.5924504;
24.09.2021;15:22:00;147.4421988;149.2322457;
24.09.2021;15:23:00;146.7005379;148.5391341;
24.09.2021;15:24:00;146.0701261;148.1659202;
24.09.2021;15:25:00;145.4026312;147.526125;
24.09.2021;15:26:00;142.0280738;144.007251;
24.09.2021;15:27:00;137.0218623;138.9422052;
24.09.2021;15:28:00;134.0923016;136.169759;
24.09.2021;15:29:00;138.0231046;140.7549584;
24.09.2021;15:30:00;147.9242785;151.258264;
24.09.2021;15:31:00;159.3087742;162.9345276;
24.09.2021;15:32:00;167.4299617;170.9852847;
24.09.2021;15:33:00;171.1011835;174.6107912;
24.09.2021;15:34:00;169.3582802;172.4781403;
24.09.2021;15:35:00;163.2395773;166.0268714;
24.09.2021;15:36:00;157.7512862;160.4286628;
24.09.2021;15:37:00;155.8971338;158.7225421;
24.09.2021;15:38:00;156.3050473;159.1490723;
24.09.2021;15:39:00;156.045466;158.8824909;
24.09.2021;15:40:00;154.3767288;157.1763702;
24.09.2021;15:41:00;150.2605105;152.8577522;
24.09.2021;15:42:00;144.4013889;146.8330134;
24.09.2021;15:43:00;139.3210113;141.661335;
24.09.2021;15:44:00;134.9081286;137.1294519;
24.09.2021;15:45:00;129.8648341;132.1177223;
24.09.2021;15:46:00;125.7115327;128.0656856;
24.09.2021;15:47:00;123.5607159;126.0929836;
24.09.2021;15:48:00;122.7078058;125.2932395;
24.09.2021;15:49:00;122.9303041;125.4531883;
24.09.2021;15:50:00;122.5223906;124.8667093;
24.09.2021;15:51:00;119.4815806;121.5611004;
24.09.2021;15:52:00;114.8461996;116.6560034;
24.09.2021;15:53:00;111.2120609;112.8705481;
24.09.2021;15:54:00;109.3949916;111.0577948;
24.09.2021;15:55:00;108.3195832;109.8848369;
24.09.2021;15:56:00;106.3541817;107.5922372;
24.09.2021;15:57:00;103.1279565;104.233312;
24.09.2021;15:58:00;100.3096448;101.4608659;
24.09.2021;15:59:00;98.9746551;100.1812753;
24.09.2021;16:00:00;97.38008404;98.52847089;
24.09.2021;16:01:00;93.59761314;94.47643421;
24.09.2021;16:02:00;87.96098985;88.61164427;
24.09.2021;16:03:00;82.17603436;82.69353807;
24.09.2021;16:04:00;77.39232117;77.94838985;
24.09.2021;16:05:00;74.16609599;74.85604607;
24.09.2021;16:06:00;73.01652151;73.94966944;
24.09.2021;16:07:00;74.31442819;75.49584133;
24.09.2021;16:08:00;77.05857374;78.37492003;
24.09.2021;16:09:00;80.72979549;82.32032416;
24.09.2021;16:10:00;85.32809344;87.17210493;
24.09.2021;16:11:00;91.00179979;93.03689486;
24.09.2021;16:12:00;97.86216366;99.96801024;
24.09.2021;16:13:00;104.8337767;107.0057582;
24.09.2021;16:14:00;110.9895627;113.1371295;
24.09.2021;16:15:00;116.5891029;118.8419706;
24.09.2021;16:16:00;121.2244839;123.4804862;
24.09.2021;16:17:00;124.8586226;127.0526765;
24.09.2021;16:18:00;128.6040105;130.8381318;
24.09.2021;16:19:00;132.905644;135.2100661;
24.09.2021;16:20:00;136.3543675;138.515675;
24.09.2021;16:21:00;137.5781081;139.5820004;
24.09.2021;16:22:00;135.7981218;137.6626146;
24.09.2021;16:23:00;132.2010661;133.8771593;
24.09.2021;16:24:00;128.0106817;129.5585413;
24.09.2021;16:25:00;123.7461312;125.1332907;
24.09.2021;16:26:00;119.8153281;121.081254;
24.09.2021;16:27:00;115.9957741;117.1358499;
24.09.2021;16:28:00;110.9524796;111.9108552;
24.09.2021;16:29:00;104.277531;105.0863724;
24.09.2021;16:30:00;96.78675527;97.51546172;
24.09.2021;16:31:00;90.11180663;90.74429516;
24.09.2021;16:32:00;85.51350868;86.2657283;
24.09.2021;16:33:00;83.10311056;84.02644487;
24.09.2021;16:34:00;82.25020046;83.33333333;
24.09.2021;16:35:00;82.47269875;83.65323097;
24.09.2021;16:36:00;83.10311056;84.3463425;
24.09.2021;16:37:00;84.17851895;85.46598422;
24.09.2021;16:38:00;85.81017307;87.11878865;
24.09.2021;16:39:00;87.59015937;88.87822563;
24.09.2021;16:40:00;88.18348814;89.41138836;
24.09.2021;16:41:00;86.81141536;87.91853274;
24.09.2021;16:42:00;84.54934943;85.62593303;
24.09.2021;16:43:00;82.25020046;83.28001706;
24.09.2021;16:44:00;80.28479891;81.25399872;
24.09.2021;16:45:00;78.80147699;79.81445937;
24.09.2021;16:46:00;77.46648727;78.4282363;
24.09.2021;16:47:00;76.16858059;77.20196204;
24.09.2021;16:48:00;75.50108572;76.5088505;
24.09.2021;16:49:00;75.13025524;76.1356366;
24.09.2021;16:50:00;74.49984343;75.44252506;
24.09.2021;16:51:00;73.68401637;74.5894647;
24.09.2021;16:52:00;72.53444188;73.41650672;
24.09.2021;16:53:00;71.16236911;71.97696737;
24.09.2021;16:54:00;69.90154547;70.75069311;
24.09.2021;16:55:00;68.93738623;69.79100021;
24.09.2021;16:56:00;67.71364564;68.51140968;
24.09.2021;16:57:00;66.04490848;66.85860525;
24.09.2021;16:58:00;64.7470018;65.47238217;
24.09.2021;16:59:00;64.00534084;64.77927063;
24.09.2021;17:00:00;63.56034427;64.29942418;
24.09.2021;17:01:00;63.26367988;64.0861591;
24.09.2021;17:02:00;63.8199256;64.72595436;
24.09.2021;17:03:00;65.00658314;66.00554489;
24.09.2021;17:04:00;66.00782543;67.01855406;
24.09.2021;17:05:00;66.6753203;67.65834933;
24.09.2021;17:06:00;67.15739992;68.24482832;
24.09.2021;17:07:00;67.63947955;68.6713585;
24.09.2021;17:08:00;68.04739307;68.99125613;
24.09.2021;17:09:00;67.89906088;68.88462359;
24.09.2021;17:10:00;67.56531345;68.51140968;
24.09.2021;17:11:00;67.30573211;68.24482832;
24.09.2021;17:12:00;66.78656944;67.7116656;
24.09.2021;17:13:00;65.93365934;66.85860525;
24.09.2021;17:14:00;65.15491533;66.11217744;
24.09.2021;17:15:00;64.33908828;65.31243335;
24.09.2021;17:16:00;63.63451036;64.61932182;
24.09.2021;17:17:00;63.59742732;64.61932182;
24.09.2021;17:18:00;64.11658999;65.20580081;
24.09.2021;17:19:00;65.11783228;66.21880998;
24.09.2021;17:20:00;66.30448982;67.39176797;
24.09.2021;17:21:00;66.82365249;67.92493069;
24.09.2021;17:22:00;66.45282201;67.55171678;
24.09.2021;17:23:00;66.08199153;67.17850288;
24.09.2021;17:24:00;66.08199153;67.17850288;
24.09.2021;17:25:00;66.89781859;68.08487951;
24.09.2021;17:26:00;68.67780489;69.84431649;
24.09.2021;17:27:00;70.56904034;71.76370228;
24.09.2021;17:28:00;72.01527921;73.2565579;
24.09.2021;17:29:00;73.42443503;74.64278098;
24.09.2021;17:30:00;75.8719162;77.30859458;
24.09.2021;17:31:00;79.54313795;80.98741736;
24.09.2021;17:32:00;83.21435971;84.82618895;
24.09.2021;17:33:00;86.58891707;88.23843037;
24.09.2021;17:34:00;88.66556776;90.31776498;
24.09.2021;17:35:00;87.21932889;88.82490936;
24.09.2021;17:36:00;84.14143591;85.67924931;
24.09.2021;17:37:00;82.47269875;84.02644487;
24.09.2021;17:38:00;81.47145645;82.96011943;
24.09.2021;17:39:00;79.13522443;80.50757091;
24.09.2021;17:40:00;76.31691278;77.62849222;
24.09.2021;17:41:00;73.42443503;74.64278098;
24.09.2021;17:42:00;70.08696071;71.28385583;
24.09.2021;17:43:00;67.30573211;68.56472595;
24.09.2021;17:44:00;66.37865591;67.7116656;
24.09.2021;17:45:00;67.86197783;69.31115376;
24.09.2021;17:46:00;70.19820986;71.71038601;
24.09.2021;17:47:00;72.05236226;73.52313926;
24.09.2021;17:48:00;73.27610284;74.74941352;
24.09.2021;17:49:00;74.24026209;75.70910642;
24.09.2021;17:50:00;75.27858743;76.82874813;
24.09.2021;17:51:00;76.24274668;77.78844103;
24.09.2021;17:52:00;76.39107887;77.94838985;
24.09.2021;17:53:00;75.8719162;77.36191086;
24.09.2021;17:54:00;75.20442134;76.66879932;
24.09.2021;17:55:00;74.38859428;75.81573896;
24.09.2021;17:56:00;73.49860113;74.85604607;
24.09.2021;17:57:00;72.49735883;73.84303689;
24.09.2021;17:58:00;71.53319959;72.93666027;
24.09.2021;17:59:00;71.19945215;72.61676264;
24.09.2021;18:00:00;71.2365352;72.67007891;
24.09.2021;18:01:00;70.86570472;72.35018128;
24.09.2021;18:02:00;69.90154547;71.3371721;
24.09.2021;18:03:00;68.60363879;70.0042653;
24.09.2021;18:04:00;67.86197783;69.31115376;
24.09.2021;18:05:00;67.75072869;69.31115376;
24.09.2021;18:06:00;67.56531345;69.20452122;
24.09.2021;18:07:00;67.15739992;68.83130731;
24.09.2021;18:08:00;67.78781174;69.57773512;
24.09.2021;18:09:00;69.15988451;70.9639582;
24.09.2021;18:10:00;69.82737938;71.71038601;
24.09.2021;18:11:00;70.01279462;71.97696737;
24.09.2021;18:12:00;70.08696071;72.08359991;
24.09.2021;18:13:00;69.71613023;71.76370228;
24.09.2021;18:14:00;69.4565489;71.55043719;
24.09.2021;18:15:00;69.27113366;71.39048838;
24.09.2021;18:16:00;68.49238965;70.5907443;
24.09.2021;18:17:00;66.97198468;69.20452122;
24.09.2021;18:18:00;65.63699495;67.87161442;
24.09.2021;18:19:00;64.78408485;67.12518661;
24.09.2021;18:20:00;64.33908828;66.59202389;
24.09.2021;18:21:00;63.9682578;66.16549371;
24.09.2021;18:22:00;63.15243074;65.25911708;
24.09.2021;18:23:00;61.89160711;63.97952655;
24.09.2021;18:24:00;60.85328176;63.01983365;
24.09.2021;18:25:00;60.03745471;62.27340584;
24.09.2021;18:26:00;58.96204632;61.04713158;
24.09.2021;18:27:00;57.36747525;59.39432715;
24.09.2021;18:28:00;55.32790761;57.20835999;
24.09.2021;18:29:00;52.88042644;54.64917893;
24.09.2021;18:30:00;50.32169613;51.87673278;
24.09.2021;18:31:00;47.72588277;49.26423544;
24.09.2021;18:32:00;45.3525677;46.81168693;
24.09.2021;18:33:00;43.60966444;45.10556622;
24.09.2021;18:34:00;42.83092044;44.30582214;
24.09.2021;18:35:00;42.60842215;44.09255705;
24.09.2021;18:36:00;42.34884081;43.82597569;
24.09.2021;18:37:00;41.42176461;42.91959906;
24.09.2021;18:38:00;39.60469526;41.05352954;
24.09.2021;18:39:00;37.15721409;38.60098102;
24.09.2021;18:40:00;34.70973293;36.09511623;
24.09.2021;18:41:00;32.74433138;34.06909789;
24.09.2021;18:42:00;31.00142813;32.30966091;
24.09.2021;18:43:00;29.62935535;30.97675411;
24.09.2021;18:44:00;29.40685706;30.76348902;
24.09.2021;18:45:00;30.40809936;31.77649819;
24.09.2021;18:46:00;31.70600604;33.05608872;
24.09.2021;18:47:00;32.41058395;33.80251653;
24.09.2021;18:48:00;32.18808566;33.4826189;
24.09.2021;18:49:00;30.63059765;31.77649819;
24.09.2021;18:50:00;27.58978771;28.52420559;
24.09.2021;18:51:00;23.91856596;24.73875027;
24.09.2021;18:52:00;20.58109164;21.43314139;
24.09.2021;18:53:00;18.17069352;18.98059288;
24.09.2021;18:54:00;16.6132055;17.43442099;
24.09.2021;18:55:00;15.7602954;16.6346769;
24.09.2021;18:56:00;15.05571749;15.88824909;
24.09.2021;18:57:00;14.20280738;15.03518874;
24.09.2021;18:58:00;13.09031594;13.9688633;
24.09.2021;18:59:00;12.27448889;13.22243549;
24.09.2021;19:00:00;12.01490755;12.95585413;
24.09.2021;19:01:00;12.16323974;13.11580294;
24.09.2021;19:02:00;12.49698718;13.3823843;
24.09.2021;19:03:00;12.86781766;13.70228194;
24.09.2021;19:04:00;13.16448204;14.02217957;
24.09.2021;19:05:00;13.20156509;14.02217957;
24.09.2021;19:06:00;12.64531937;13.32906803;
24.09.2021;19:07:00;11.75532622;12.42269141;
24.09.2021;19:08:00;10.93949916;11.62294732;
24.09.2021;19:09:00;10.16075515;10.82320324;
24.09.2021;19:10:00;9.196595903;9.863510343;
24.09.2021;19:11:00;8.047021415;8.743868629;
24.09.2021;19:12:00;7.119945215;7.837492003;
24.09.2021;19:13:00;6.4895334;7.144380465;
24.09.2021;19:14:00;5.970370728;6.611217744;
24.09.2021;19:15:00;5.525374152;6.184687567;
24.09.2021;19:16:00;4.932045384;5.651524845;
24.09.2021;19:17:00;4.190384424;4.905097036;
24.09.2021;19:18:00;3.448723464;4.158669226;
24.09.2021;19:19:00;2.855394696;3.572190232;
24.09.2021;19:20:00;2.41039812;3.092343783;
24.09.2021;19:21:00;2.03956764;2.719129878;
24.09.2021;19:22:00;1.705820208;2.399232246;
24.09.2021;19:23:00;1.409155824;2.132650885;
24.09.2021;19:24:00;1.186657536;1.919385797;
24.09.2021;19:25:00;1.038325344;1.652804436;
24.09.2021;19:26:00;0.852910104;1.439539347;
24.09.2021;19:27:00;0.667494864;1.172957987;
24.09.2021;19:28:00;0.482079624;0.959692898;
24.09.2021;19:29:00;0.259581336;0.74642781;
24.09.2021;19:30:00;0;0.479846449;
24.09.2021;19:31:00;0;0.159948816;
24.09.2021;19:32:00;0;0;
24.09.2021;19:33:00;0;0;
24.09.2021;19:34:00;0;0;
24.09.2021;19:35:00;0;0;
24.09.2021;19:36:00;0;0;
24.09.2021;19:37:00;0;0;
24.09.2021;19:38:00;0;0;
24.09.2021;19:39:00;0;0;
24.09.2021;19:40:00;0;0;
24.09.2021;19:41:00;0;0;
24.09.2021;19:42:00;0;0;
24.09.2021;19:43:00;0;0;
24.09.2021;19:44:00;0;0;
24.09.2021;19:45:00;0;0;
24.09.2021;19:46:00;0;0;
24.09.2021;19:47:00;0;0;
24.09.2021;19:48:00;0;0;
24.09.2021;19:49:00;0;0;
24.09.2021;19:50:00;0;0;
24.09.2021;19:51:00;0;0;
24.09.2021;19:52:00;0;0;
24.09.2021;19:53:00;0;0;
24.09.2021;19:54:00;0;0;
24.09.2021;19:55:00;0;0;
24.09.2021;19:56:00;0;0;
24.09.2021;19:57:00;0;0;
24.09.2021;19:58:00;0;0;
24.09.2021;19:59:00;0;0;
24.09.2021;20:00:00;0;0;
24.09.2021;20:01:00;0;0;
24.09.2021;20:02:00;0;0;
24.09.2021;20:03:00;0;0;
24.09.2021;20:04:00;0;0;
24.09.2021;20:05:00;0;0;
24.09.2021;20:06:00;0;0;
24.09.2021;20:07:00;0;0;
24.09.2021;20:08:00;0;0;
24.09.2021;20:09:00;0;0;
24.09.2021;20:10:00;0;0;
24.09.2021;20:11:00;0;0;
24.09.2021;20:12:00;0;0;
24.09.2021;20:13:00;0;0;
24.09.2021;20:14:00;0;0;
24.09.2021;20:15:00;0;0;
24.09.2021;20:16:00;0;0;
24.09.2021;20:17:00;0;0;
24.09.2021;20:18:00;0;0;
24.09.2021;20:19:00;0;0;
24.09.2021;20:20:00;0;0;
24.09.2021;20:21:00;0;0;
24.09.2021;20:22:00;0;0;
24.09.2021;20:23:00;0;0;
24.09.2021;20:24:00;0;0;
24.09.2021;20:25:00;0;0;
24.09.2021;20:26:00;0;0;
24.09.2021;20:27:00;0;0;
24.09.2021;20:28:00;0;0;
24.09.2021;20:29:00;0;0;
24.09.2021;20:30:00;0;0;
24.09.2021;20:31:00;0;0;
24.09.2021;20:32:00;0;0;
24.09.2021;20:33:00;0;0;
24.09.2021;20:34:00;0;0;
24.09.2021;20:35:00;0;0;
24.09.2021;20:36:00;0;0;
24.09.2021;20:37:00;0;0;
24.09.2021;20:38:00;0;0;
24.09.2021;20:39:00;0;0;
24.09.2021;20:40:00;0;0;
24.09.2021;20:41:00;0;0;
24.09.2021;20:42:00;0;0;
24.09.2021;20:43:00;0;0;
24.09.2021;20:44:00;0;0;
24.09.2021;20:45:00;0;0;
24.09.2021;20:46:00;0;0;
24.09.2021;20:47:00;0;0;
24.09.2021;20:48:00;0;0;
24.09.2021;20:49:00;0;0;
24.09.2021;20:50:00;0;0;
24.09.2021;20:51:00;0;0;
24.09.2021;20:52:00;0;0;
24.09.2021;20:53:00;0;0;
24.09.2021;20:54:00;0;0;
24.09.2021;20:55:00;0;0;
24.09.2021;20:56:00;0;0;
24.09.2021;20:57:00;0;0;
24.09.2021;20:58:00;0;0;
24.09.2021;20:59:00;0;0;
24.09.2021;21:00:00;0;0;
24.09.2021;21:01:00;0;0;
24.09.2021;21:02:00;0;0;
24.09.2021;21:03:00;0;0;
24.09.2021;21:04:00;0;0;
24.09.2021;21:05:00;0;0;
24.09.2021;21:06:00;0;0;
24.09.2021;21:07:00;0;0;
24.09.2021;21:08:00;0;0;
24.09.2021;21:09:00;0;0;
24.09.2021;21:10:00;0;0;
24.09.2021;21:11:00;0;0;
24.09.2021;21:12:00;0;0;
24.09.2021;21:13:00;0;0;
24.09.2021;21:14:00;0;0;
24.09.2021;21:15:00;0;0;
24.09.2021;21:16:00;0;0;
24.09.2021;21:17:00;0;0;
24.09.2021;21:18:00;0;0;
24.09.2021;21:19:00;0;0;
24.09.2021;21:20:00;0;0;
24.09.2021;21:21:00;0;0;
24.09.2021;21:22:00;0;0;
24.09.2021;21:23:00;0;0;
24.09.2021;21:24:00;0;0;
24.09.2021;21:25:00;0;0;
24.09.2021;21:26:00;0;0;
24.09.2021;21:27:00;0;0;
24.09.2021;21:28:00;0;0;
24.09.2021;21:29:00;0;0;
24.09.2021;21:30:00;0;0;
24.09.2021;21:31:00;0;0;
24.09.2021;21:32:00;0;0;
24.09.2021;21:33:00;0;0;
24.09.2021;21:34:00;0;0;
24.09.2021;21:35:00;0;0;
24.09.2021;21:36:00;0;0;
24.09.2021;21:37:00;0;0;
24.09.2021;21:38:00;0;0;
24.09.2021;21:39:00;0;0;
24.09.2021;21:40:00;0;0;
24.09.2021;21:41:00;0;0;
24.09.2021;21:42:00;0;0;
24.09.2021;21:43:00;0;0;
24.09.2021;21:44:00;0;0;
24.09.2021;21:45:00;0;0;
24.09.2021;21:46:00;0;0;
24.09.2021;21:47:00;0;0;
24.09.2021;21:48:00;0;0;
24.09.2021;21:49:00;0;0;
24.09.2021;21:50:00;0;0;
24.09.2021;21:51:00;0;0;
24.09.2021;21:52:00;0;0;
24.09.2021;21:53:00;0;0;
24.09.2021;21:54:00;0;0;
24.09.2021;21:55:00;0;0;
24.09.2021;21:56:00;0;0;
24.09.2021;21:57:00;0;0;
24.09.2021;21:58:00;0;0;
24.09.2021;21:59:00;0;0;
24.09.2021;22:00:00;0;0;
24.09.2021;22:01:00;0;0;
24.09.2021;22:02:00;0;0;
24.09.2021;22:03:00;0;0;
24.09.2021;22:04:00;0;0;
24.09.2021;22:05:00;0;0;
24.09.2021;22:06:00;0;0;
24.09.2021;22:07:00;0;0;
24.09.2021;22:08:00;0;0;
24.09.2021;22:09:00;0;0;
24.09.2021;22:10:00;0;0;
24.09.2021;22:11:00;0;0;
24.09.2021;22:12:00;0;0;
24.09.2021;22:13:00;0;0;
24.09.2021;22:14:00;0;0;
24.09.2021;22:15:00;0;0;
24.09.2021;22:16:00;0;0;
24.09.2021;22:17:00;0;0;
24.09.2021;22:18:00;0;0;
24.09.2021;22:19:00;0;0;
24.09.2021;22:20:00;0;0;
24.09.2021;22:21:00;0;0;
24.09.2021;22:22:00;0;0;
24.09.2021;22:23:00;0;0;
24.09.2021;22:24:00;0;0;
24.09.2021;22:25:00;0;0;
24.09.2021;22:26:00;0;0;
24.09.2021;22:27:00;0;0;
24.09.2021;22:28:00;0;0;
24.09.2021;22:29:00;0;0;
24.09.2021;22:30:00;0;0;
24.09.2021;22:31:00;0;0;
24.09.2021;22:32:00;0;0;
24.09.2021;22:33:00;0;0;
24.09.2021;22:34:00;0;0;
24.09.2021;22:35:00;0;0;
24.09.2021;22:36:00;0;0;
24.09.2021;22:37:00;0;0;
24.09.2021;22:38:00;0;0;
24.09.2021;22:39:00;0;0;
24.09.2021;22:40:00;0;0;
24.09.2021;22:41:00;0;0;
24.09.2021;22:42:00;0;0;
24.09.2021;22:43:00;0;0;
24.09.2021;22:44:00;0;0;
24.09.2021;22:45:00;0;0;
24.09.2021;22:46:00;0;0;
24.09.2021;22:47:00;0;0;
24.09.2021;22:48:00;0;0;
24.09.2021;22:49:00;0;0;
24.09.2021;22:50:00;0;0;
24.09.2021;22:51:00;0;0;
24.09.2021;22:52:00;0;0;
24.09.2021;22:53:00;0;0;
24.09.2021;22:54:00;0;0;
24.09.2021;22:55:00;0;0;
24.09.2021;22:56:00;0;0;
24.09.2021;22:57:00;0;0;
24.09.2021;22:58:00;0;0;
24.09.2021;22:59:00;0;0;
24.09.2021;23:00:00;0;0;
24.09.2021;23:01:00;0;0;
24.09.2021;23:02:00;0;0;
24.09.2021;23:03:00;0;0;
24.09.2021;23:04:00;0;0;
24.09.2021;23:05:00;0;0;
24.09.2021;23:06:00;0;0;
24.09.2021;23:07:00;0;0;
24.09.2021;23:08:00;0;0;
24.09.2021;23:09:00;0;0;
24.09.2021;23:10:00;0;0;
24.09.2021;23:11:00;0;0;
24.09.2021;23:12:00;0;0;
24.09.2021;23:13:00;0;0;
24.09.2021;23:14:00;0;0;
24.09.2021;23:15:00;0;0;
24.09.2021;23:16:00;0;0;
24.09.2021;23:17:00;0;0;
24.09.2021;23:18:00;0;0;
24.09.2021;23:19:00;0;0;
24.09.2021;23:20:00;0;0;
24.09.2021;23:21:00;0;0;
24.09.2021;23:22:00;0;0;
24.09.2021;23:23:00;0;0;
24.09.2021;23:24:00;0;0;
24.09.2021;23:25:00;0;0;
24.09.2021;23:26:00;0;0;
24.09.2021;23:27:00;0;0;
24.09.2021;23:28:00;0;0;
24.09.2021;23:29:00;0;0;
24.09.2021;23:30:00;0;0;
24.09.2021;23:31:00;0;0;
24.09.2021;23:32:00;0;0;
24.09.2021;23:33:00;0;0;
24.09.2021;23:34:00;0;0;
24.09.2021;23:35:00;0;0;
24.09.2021;23:36:00;0;0;
24.09.2021;23:37:00;0;0;
24.09.2021;23:38:00;0;0;
24.09.2021;23:39:00;0;0;
24.09.2021;23:40:00;0;0;
24.09.2021;23:41:00;0;0;
24.09.2021;23:42:00;0;0;
24.09.2021;23:43:00;0;0;
24.09.2021;23:44:00;0;0;
24.09.2021;23:45:00;0;0;
24.09.2021;23:46:00;0;0;
24.09.2021;23:47:00;0;0;
24.09.2021;23:48:00;0;0;
24.09.2021;23:49:00;0;0;
24.09.2021;23:50:00;0;0;
24.09.2021;23:51:00;0;0;
24.09.2021;23:52:00;0;0;
24.09.2021;23:53:00;0;0;
24.09.2021;23:54:00;0;0;
24.09.2021;23:55:00;0;0;
24.09.2021;23:56:00;0;0;
24.09.2021;23:57:00;0;0;
24.09.2021;23:58:00;0;0;
24.09.2021;23:59:00;0;0;
